TimeStamp,Events,CH1-410,CH1-470,CH1-560
0.0000,0,3.6660,7.8670,6.3250
50.0000,0,3.6910,7.8760,6.3020
99.9960,0,3.6720,7.8350,6.3130
150.0000,0,3.6510,7.8960,6.2900
200.0000,0,3.6200,7.8900,6.3040
249.9960,0,3.6670,7.8280,6.3030
300.0000,0,3.6760,7.8520,6.3230
349.9980,0,3.6640,7.8080,6.3280
399.9970,0,3.6190,7.8470,6.3430
450.0020,0,3.6300,7.8230,6.3650
499.9980,0,3.6330,7.8610,6.3040
549.9970,0,3.6690,7.8650,6.3380
599.9960,0,3.6250,7.8830,6.2990
649.9960,0,3.6450,7.8380,6.3080
699.9970,0,3.6680,7.8620,6.2660
749.9990,0,3.6530,7.9150,6.2810
799.9960,0,3.6580,7.8800,6.3090
850.0020,0,3.6590,7.8270,6.2640
900.0020,0,3.6200,7.8320,6.3250
950.0010,0,3.6490,7.7890,6.3180
1000.0020,0,3.6450,7.8250,6.3130
1050.0010,0,3.6050,7.8130,6.2940
1100.0010,0,3.6150,7.8410,6.2950
1149.9990,0,3.6490,7.8640,6.2840
1199.9960,0,3.5990,7.8540,6.3020
1249.9980,0,3.6650,7.8170,6.3270
1299.9990,0,3.6740,7.9290,6.2870
1350.0020,0,3.6250,7.8250,6.3000
1399.9980,0,3.6340,7.8120,6.3090
1450.0000,0,3.6290,7.8290,6.2620
1500.0010,0,3.6810,7.7850,6.3120
1549.9990,0,3.6390,7.7370,6.2930
1599.9960,0,3.6430,7.7620,6.2990
1650.0020,0,3.6180,7.7820,6.3120
1699.9980,0,3.6510,7.7240,6.3050
1749.9960,0,3.6070,7.8050,6.3170
1800.0020,0,3.6280,7.7570,6.2940
1849.9970,0,3.6750,7.7400,6.3040
1900.0000,0,3.6370,7.7800,6.2830
1950.0020,0,3.5980,7.7760,6.3040
2000.0000,0,3.6470,7.6830,6.3080
2049.9980,0,3.6100,7.7780,6.2950
2100.0010,0,3.5950,7.7760,6.3150
2150.0010,0,3.6290,7.7720,6.2710
2200.0000,0,3.6510,7.7530,6.3390
2249.9970,0,3.5990,7.7790,6.3170
2299.9980,0,3.6190,7.8070,6.2730
2350.0000,0,3.6110,7.7440,6.2960
2399.9980,0,3.6340,7.8240,6.2700
2449.9960,0,3.5940,7.8410,6.3190
2499.9960,0,3.6550,7.7540,6.3290
2549.9970,0,3.5920,7.7520,6.3160
2599.9970,0,3.6050,7.7560,6.3210
2650.0020,0,3.6570,7.7710,6.2790
2699.9960,0,3.6200,7.8120,6.2460
2750.0020,0,3.5940,7.8400,6.2770
2799.9990,0,3.6060,7.8170,6.2870
2850.0010,0,3.5970,7.7770,6.3200
2899.9970,0,3.6070,7.7120,6.3300
2949.9970,0,3.6420,7.7010,6.2870
2999.9990,0,3.6110,7.7630,6.3290
3049.9960,0,3.6060,7.6740,6.2540
3099.9970,0,3.6380,7.6660,6.3040
3150.0010,0,3.6370,7.6450,6.2950
3200.0000,0,3.5760,7.6760,6.3100
3250.0000,0,3.6050,7.5940,6.3130
3299.9980,0,3.6030,7.6420,6.2530
3349.9980,0,3.6220,7.6560,6.2640
3399.9960,0,3.6390,7.6060,6.3290
3449.9970,0,3.6700,7.6590,6.3140
3499.9990,0,3.6120,7.6350,6.3060
3550.0010,0,3.6010,7.5960,6.2610
3600.0010,0,3.5830,7.6440,6.3050
3649.9960,0,3.6250,7.6750,6.2780
3700.0000,0,3.6230,7.6700,6.2910
3749.9970,0,3.6270,7.6320,6.2830
3799.9990,0,3.5970,7.6840,6.2610
3849.9970,0,3.6000,7.5980,6.2810
3900.0000,0,3.6200,7.6780,6.2900
3949.9990,0,3.6120,7.6670,6.2650
3999.9980,0,3.6050,7.6920,6.3160
4050.0010,0,3.5730,7.6530,6.2870
4100.0010,0,3.6000,7.6590,6.3050
4150.0020,0,3.5710,7.6150,6.3100
4200.0010,0,3.5770,7.6480,6.3210
4249.9980,0,3.6260,7.6800,6.2920
4300.0000,0,3.6260,7.6480,6.2880
4350.0020,0,3.6030,7.6440,6.2600
4399.9970,0,3.5740,7.6760,6.3290
4449.9990,0,3.6430,7.6420,6.2790
4499.9980,0,3.6320,7.6190,6.2540
4550.0010,0,3.6470,7.5860,6.3040
4599.9990,0,3.6180,7.5830,6.3310
4649.9970,0,3.6010,7.5600,6.3180
4700.0010,0,3.5960,7.5520,6.2660
4749.9990,0,3.5990,7.5610,6.2860
4799.9960,0,3.6360,7.5460,6.3060
4850.0020,0,3.6040,7.5220,6.2910
4899.9960,0,3.6170,7.5540,6.3000
4950.0020,0,3.5840,7.5280,6.2360
4999.9960,0,3.6200,7.5190,6.3410
5049.9990,0,3.5690,7.5300,6.3110
5099.9990,0,3.5810,7.5140,6.2930
5150.0010,0,3.6080,7.5120,6.2890
5199.9970,0,3.5840,7.5130,6.2840
5249.9990,0,3.5900,7.5200,6.2880
5299.9980,0,3.6160,7.5840,6.3230
5350.0020,0,3.6050,7.5070,6.2820
5399.9990,0,3.6530,7.5520,6.3110
5449.9970,0,3.6250,7.5720,6.3230
5499.9990,0,3.6230,7.5620,6.3060
5550.0000,0,3.5970,7.5050,6.2900
5599.9990,0,3.6650,7.5610,6.3330
5649.9960,0,3.6180,7.6290,6.3080
5699.9980,0,3.5970,7.6120,6.2630
5749.9980,0,3.5640,7.6050,6.2720
5800.0010,0,3.6300,7.6330,6.3140
5850.0010,0,3.6010,7.6350,6.2580
5899.9990,0,3.5860,7.5430,6.2640
5950.0010,0,3.5940,7.5670,6.3260
5999.9960,0,3.5810,7.5280,6.2770
6050.0000,0,3.6260,7.5270,6.2900
6099.9960,0,3.6040,7.5450,6.2940
6149.9980,0,3.6310,7.5050,6.2430
6200.0020,0,3.5940,7.5120,6.3160
6250.0010,0,3.5760,7.5740,6.2650
6299.9970,0,3.5990,7.5160,6.2850
6349.9990,0,3.6220,7.5510,6.3020
6400.0010,0,3.5660,7.5320,6.2670
6449.9960,0,3.5900,7.5230,6.3040
6500.0000,0,3.6170,7.5040,6.3060
6550.0000,0,3.5910,7.5140,6.2890
6599.9980,0,3.5910,7.4600,6.2870
6650.0000,0,3.5630,7.4830,6.2290
6700.0010,0,3.6220,7.5070,6.3110
6749.9990,0,3.5600,7.5600,6.2620
6800.0000,0,3.5480,7.4830,6.2930
6849.9980,0,3.5750,7.5150,6.2630
6899.9970,0,3.5690,7.5120,6.2660
6949.9990,0,3.5860,7.5150,6.2700
7000.0000,0,3.6270,7.5030,6.2610
7049.9960,0,3.5980,7.4410,6.2410
7100.0010,0,3.5750,7.5020,6.2330
7149.9970,0,3.5590,7.5510,6.3080
7199.9990,0,3.5760,7.4800,6.2900
7249.9990,0,3.6050,7.5040,6.2770
7299.9990,0,3.5810,7.5170,6.2730
7349.9970,0,3.6170,7.4730,6.2870
7399.9990,0,3.5550,7.5160,6.2760
7450.0020,0,3.5670,7.4880,6.3090
7499.9960,0,3.6030,7.4920,6.2650
7549.9960,0,3.5740,7.4420,6.2790
7599.9970,0,3.5480,7.4720,6.2540
7649.9960,0,3.5560,7.4690,6.2950
7700.0020,0,3.5690,7.5100,6.2990
7750.0000,0,3.5770,7.5080,6.2990
7799.9960,0,3.5420,7.5030,6.3150
7850.0000,0,3.5730,7.5500,6.2760
7900.0000,0,3.5560,7.5040,6.2820
7949.9970,0,3.5590,7.4240,6.2980
8000.0020,0,3.5490,7.4650,6.3060
8049.9960,0,3.6500,7.5150,6.2950
8099.9990,0,3.5800,7.4770,6.2410
8149.9970,0,3.5360,7.4560,6.3050
8199.9960,0,3.5980,7.4360,6.3260
8249.9970,0,3.5360,7.4530,6.2880
8300.0020,0,3.5550,7.4120,6.3060
8349.9960,0,3.5990,7.3640,6.2840
8400.0000,0,3.5690,7.3890,6.3150
8449.9990,0,3.5840,7.3930,6.2490
8500.0010,0,3.6100,7.4380,6.2710
8550.0010,0,3.5740,7.4450,6.2710
8599.9970,0,3.5770,7.4560,6.3310
8650.0000,0,3.5640,7.4490,6.2670
8699.9970,0,3.5940,7.4570,6.2880
8749.9960,1,3.5790,7.4570,6.2490
8800.0000,0,3.5790,7.4470,6.2890
8849.9990,0,3.5620,7.5170,6.2650
8900.0010,0,3.5720,7.4910,6.3120
8950.0020,0,3.6140,7.4820,6.2860
8999.9960,0,3.5540,7.4490,6.2430
9050.0020,0,3.5650,7.5000,6.2330
9099.9960,0,3.5690,7.5390,6.3060
9150.0010,0,3.6140,7.4390,6.2880
9200.0020,0,3.5880,7.4980,6.3230
9249.9990,0,3.5760,7.3560,6.2460
9299.9990,0,3.6120,7.4070,6.3020
9349.9960,0,3.5550,7.4420,6.2780
9399.9970,0,3.5910,7.5070,6.2700
9449.9970,0,3.6050,7.4960,6.2650
9500.0010,0,3.5790,7.4810,6.2580
9550.0010,0,3.5960,7.4790,6.2750
9600.0010,0,3.5520,7.5010,6.3060
9649.9960,0,3.5650,7.4770,6.2890
9700.0010,0,3.6280,7.4560,6.3110
9749.9990,2,3.5790,7.4520,6.3130
9799.9970,0,3.5210,7.3670,6.3090
9849.9990,0,3.5240,7.4320,6.3180
9900.0010,0,3.5600,7.4060,6.2650
9950.0020,0,3.5230,7.4640,6.2500
9999.9970,0,3.5430,7.4230,6.2470
10050.0020,0,3.5690,7.3700,6.3140
10099.9990,0,3.5540,7.4700,6.2780
10150.0020,0,3.5430,7.5000,6.2610
10200.0010,0,3.6240,7.4680,6.2720
10249.9980,0,3.5610,7.4610,6.2770
10300.0020,0,3.5780,7.4730,6.2810
10350.0020,0,3.5600,7.4670,6.2940
10400.0000,0,3.5300,7.4650,6.2930
10449.9970,0,3.5860,7.5170,6.2780
10500.0010,0,3.5140,7.5100,6.3380
10549.9980,0,3.5420,7.4940,6.2570
10599.9960,0,3.5220,7.4680,6.2800
10649.9980,0,3.5350,7.4930,6.2660
10699.9990,0,3.5580,7.5220,6.3280
10750.0010,0,3.5740,7.4770,6.2630
10799.9970,0,3.6070,7.4590,6.2550
10849.9990,0,3.5140,7.4690,6.2850
10899.9990,0,3.5650,7.4790,6.2900
10950.0000,0,3.5900,7.3890,6.3230
11000.0000,0,3.5290,7.4390,6.2820
11050.0010,0,3.5590,7.4420,6.3160
11100.0020,0,3.5980,7.5230,6.3180
11150.0000,0,3.5760,7.5010,6.2400
11199.9970,0,3.5600,7.4950,6.2810
11249.9990,0,3.5650,7.4560,6.2620
11300.0000,0,3.6060,7.4560,6.2970
11350.0010,0,3.5410,7.4810,6.2900
11400.0000,0,3.5350,7.4640,6.2620
11449.9970,0,3.5120,7.4710,6.3210
11499.9970,0,3.5410,7.3910,6.2580
11549.9960,0,3.5550,7.4220,6.2710
11599.9980,0,3.5350,7.4000,6.2980
11649.9960,0,3.5080,7.3970,6.2510
11699.9970,0,3.5550,7.4080,6.2780
11749.9960,0,3.5540,7.3810,6.2880
11799.9980,0,3.5570,7.3530,6.2500
11849.9970,0,3.5870,7.4070,6.3300
11900.0000,0,3.5660,7.4030,6.2850
11949.9960,0,3.5230,7.4850,6.2510
12000.0010,0,3.5590,7.4970,6.3280
12049.9990,0,3.5060,7.4840,6.2780
12099.9960,0,3.5810,7.5170,6.2680
12150.0000,0,3.5770,7.4900,6.2610
12199.9960,0,3.5140,7.4390,6.2260
12250.0010,0,3.5730,7.4620,6.2710
12299.9960,0,3.5780,7.4660,6.2700
12349.9960,0,3.5760,7.4350,6.2940
12399.9980,0,3.5620,7.4400,6.2580
12450.0020,0,3.5460,7.4860,6.2820
12500.0000,0,3.5570,7.4500,6.3080
12550.0020,0,3.5520,7.3990,6.2820
12600.0000,0,3.5540,7.4510,6.3190
12649.9990,0,3.5600,7.4340,6.3020
12700.0000,0,3.5070,7.4460,6.2770
12749.9990,0,3.5720,7.4500,6.3080
12800.0010,0,3.5750,7.4590,6.2940
12850.0020,0,3.5360,7.4980,6.2670
12899.9980,0,3.5580,7.4790,6.2780
12950.0000,0,3.5600,7.4080,6.3090
13000.0020,0,3.6010,7.3950,6.3150
13049.9970,0,3.5350,7.4430,6.3030
13099.9980,0,3.5710,7.3890,6.2900
13149.9980,0,3.5330,7.4010,6.2960
13199.9990,0,3.5410,7.3350,6.2860
13249.9970,0,3.5500,7.3370,6.2370
13299.9930,0,3.5590,7.3380,6.3190
13349.9990,0,3.5560,7.3600,6.2680
13400.0000,0,3.5680,7.3420,6.2980
13450.0010,0,3.5480,7.3460,6.2630
13499.9990,0,3.5430,7.3260,6.3200
13550.0000,0,3.5130,7.3690,6.2320
13599.9980,0,3.5360,7.3920,6.2810
13650.0000,0,3.5370,7.4480,6.2460
13699.9990,0,3.5630,7.4460,6.2700
13750.0010,0,3.5070,7.4280,6.2540
13800.0020,0,3.5580,7.3720,6.2590
13849.9960,0,3.5320,7.4080,6.2410
13900.0020,0,3.5520,7.3930,6.2750
13949.9970,0,3.5260,7.3900,6.2820
13999.9960,0,3.5260,7.3890,6.2500
14050.0020,0,3.5190,7.3800,6.3220
14100.0000,0,3.6020,7.3470,6.2960
14150.0010,0,3.5840,7.3520,6.2780
14200.0000,0,3.5540,7.3390,6.3020
14249.9980,0,3.5670,7.3950,6.2730
14299.9970,0,3.5420,7.2970,6.2740
14349.9980,0,3.5770,7.4200,6.2650
14399.9980,0,3.5480,7.3960,6.2750
14449.9960,0,3.5620,7.4290,6.3000
14499.9970,0,3.5120,7.4300,6.2520
14549.9970,0,3.5480,7.4220,6.2470
14600.0000,0,3.5160,7.3900,6.3080
14649.9990,0,3.5180,7.4120,6.2820
14699.9980,0,3.4880,7.3780,6.2960
14750.0010,0,3.5680,7.3410,6.2740
14800.0020,0,3.5050,7.3210,6.2870
14849.9990,0,3.5390,7.4020,6.2920
14900.0010,0,3.5130,7.3790,6.2910
14950.0020,0,3.5410,7.3600,6.2430
15000.0000,0,3.5170,7.3220,6.3080
15050.0010,0,3.5210,7.3620,6.2600
15099.9960,0,3.5580,7.3530,6.2360
15149.9970,0,3.5910,7.3530,6.2820
15199.9990,0,3.5270,7.3370,6.2620
15249.9970,0,3.5420,7.3460,6.2640
15299.9980,0,3.5760,7.3540,6.2990
15349.9990,0,3.5200,7.3820,6.2690
15400.0020,0,3.5370,7.4050,6.2570
15450.0000,0,3.5310,7.3810,6.2430
15499.9970,0,3.5240,7.3580,6.2380
15549.9980,0,3.5720,7.3580,6.2520
15600.0020,0,3.5820,7.3890,6.2820
15650.0020,0,3.5570,7.3900,6.2700
15699.9970,0,3.4690,7.3990,6.2970
15749.9960,0,3.5950,7.3690,6.2810
15800.0020,0,3.5210,7.3730,6.2860
15850.0020,0,3.5350,7.3290,6.2760
15899.9990,0,3.5320,7.3440,6.2500
15949.9990,0,3.5720,7.3500,6.3110
16000.0000,0,3.5130,7.3700,6.2800
16049.9990,0,3.5570,7.3500,6.2950
16100.0000,0,3.5070,7.3330,6.2660
16150.0000,0,3.5710,7.3660,6.2390
16199.9990,0,3.5640,7.3280,6.2770
16249.9980,0,3.5480,7.3090,6.3030
16300.0000,0,3.5660,7.3090,6.2520
16350.0010,0,3.5360,7.2830,6.2810
16400.0000,0,3.5340,7.3640,6.2400
16449.9970,0,3.5400,7.3740,6.2880
16500.0000,0,3.5590,7.3130,6.2780
16550.0020,0,3.5480,7.2970,6.2440
16599.9960,0,3.5690,7.3530,6.2990
16649.9980,0,3.5250,7.3400,6.2680
16700.0020,0,3.5320,7.3070,6.2750
16749.9980,0,3.5290,7.3000,6.2560
16799.9990,0,3.5130,7.3110,6.2700
16850.0020,0,3.5380,7.3130,6.3010
16899.9960,0,3.5490,7.3860,6.2820
16949.9990,0,3.5770,7.2700,6.3120
17000.0000,0,3.5180,7.3210,6.2470
17049.9980,0,3.5410,7.3060,6.2600
17099.9960,0,3.4750,7.3840,6.2750
17149.9980,0,3.5600,7.3620,6.2880
17199.9980,0,3.5210,7.3820,6.2480
17250.0000,0,3.5540,7.3900,6.2670
17300.0020,0,3.5520,7.3570,6.2540
17349.9960,0,3.5450,7.3820,6.3470
17399.9960,0,3.5190,7.3650,6.2520
17449.9990,0,3.5350,7.3700,6.2230
17500.0020,0,3.4880,7.4030,6.2990
17549.9960,0,3.5180,7.3990,6.3080
17600.0020,0,3.5580,7.3630,6.2950
17649.9960,0,3.5850,7.4110,6.3230
17699.9970,0,3.5600,7.3910,6.2890
17749.9980,0,3.5210,7.3170,6.2610
17799.9960,0,3.5100,7.3580,6.3070
17850.0010,0,3.5130,7.3290,6.2710
17900.0020,0,3.5510,7.3700,6.2740
17950.0010,0,3.5120,7.2900,6.2520
17999.9960,0,3.4990,7.3560,6.2710
18050.0000,0,3.5620,7.3520,6.2870
18100.0010,0,3.5410,7.3770,6.2560
18150.0010,0,3.5400,7.3650,6.2700
18199.9960,0,3.5990,7.3820,6.2870
18249.9960,0,3.5320,7.3210,6.2790
18299.9980,0,3.4770,7.2990,6.2410
18349.9980,0,3.5130,7.3550,6.2640
18400.0020,0,3.5320,7.4320,6.2570
18450.0010,0,3.4970,7.4010,6.2780
18500.0020,0,3.5320,7.3780,6.2610
18549.9990,0,3.5070,7.4090,6.2600
18599.9960,0,3.5260,7.4280,6.2590
18650.0000,0,3.5500,7.3750,6.2890
18700.0000,0,3.5340,7.4100,6.3030
18749.9980,0,3.5410,7.3660,6.2570
18799.9970,0,3.5140,7.3910,6.2640
18849.9980,0,3.5350,7.4310,6.2580
18899.9980,0,3.5530,7.4260,6.2530
18949.9990,0,3.5260,7.4540,6.3030
18999.9990,0,3.5000,7.4400,6.2390
19049.9980,0,3.5410,7.4760,6.2720
19099.9960,0,3.5110,7.4520,6.2540
19149.9990,0,3.4900,7.4280,6.2870
19200.0020,0,3.5110,7.4150,6.2500
19249.9960,0,3.5610,7.4050,6.2430
19300.0020,0,3.5290,7.4260,6.2880
19349.9960,0,3.4960,7.4420,6.2590
19400.0000,0,3.5390,7.4460,6.3200
19449.9980,0,3.5280,7.4220,6.2320
19499.9990,0,3.5080,7.3870,6.2570
19550.0010,0,3.4770,7.4140,6.2670
19600.0010,0,3.5750,7.3740,6.3370
19649.9980,0,3.5420,7.4100,6.2320
19699.9990,0,3.4670,7.4470,6.2790
19750.0000,0,3.5190,7.4380,6.2710
19799.9980,0,3.5380,7.4790,6.2810
19850.0020,0,3.5010,7.4250,6.2840
19899.9960,0,3.5130,7.4080,6.2530
19949.9960,0,3.5270,7.4530,6.2460
19999.9970,0,3.4950,7.4440,6.2860
20050.0010,0,3.5540,7.4090,6.2490
20099.9970,0,3.5510,7.3880,6.2690
20149.9990,0,3.5120,7.3760,6.3120
20200.0000,0,3.5490,7.3930,6.2820
20249.9980,0,3.5130,7.4260,6.2920
20300.0000,0,3.4990,7.3050,6.2800
20349.9990,0,3.5410,7.3890,6.2570
20399.9980,0,3.5430,7.4170,6.2640
20449.9990,0,3.5050,7.3780,6.2780
20499.9980,0,3.5330,7.4010,6.3080
20549.9980,0,3.5160,7.3760,6.2660
20599.9980,0,3.5310,7.4340,6.2880
20649.9960,0,3.4950,7.3780,6.2620
20699.9960,0,3.5420,7.4120,6.2610
20750.0010,0,3.5310,7.3410,6.2380
20800.0020,0,3.5180,7.3500,6.2700
20849.9980,0,3.4960,7.3670,6.2460
20899.9960,0,3.5010,7.3840,6.2620
20950.0000,0,3.5070,7.4300,6.2440
20999.9980,0,3.5360,7.4170,6.2970
21049.9980,0,3.5690,7.5020,6.3100
21100.0020,0,3.5180,7.4860,6.2680
21149.9980,0,3.5140,7.4240,6.3120
21199.9970,0,3.5840,7.3550,6.2360
21249.9990,0,3.5310,7.4110,6.2890
21300.0000,0,3.5170,7.3490,6.2960
21349.9970,0,3.5260,7.3460,6.2670
21399.9980,0,3.5190,7.3400,6.2580
21449.9990,0,3.5240,7.3420,6.2620
21499.9960,0,3.5210,7.4360,6.2730
21549.9970,0,3.5220,7.3980,6.3040
21599.9970,0,3.5120,7.4030,6.2730
21650.0010,0,3.5090,7.3730,6.2800
21699.9970,0,3.4900,7.3740,6.2780
21749.9960,0,3.4930,7.3740,6.2490
21799.9960,0,3.5560,7.3930,6.3060
21849.9990,0,3.5150,7.3720,6.3230
21900.0010,0,3.5340,7.3700,6.2470
21949.9990,0,3.5150,7.4050,6.3260
21999.9970,0,3.5220,7.4240,6.2740
22049.9980,0,3.5040,7.4110,6.2590
22100.0020,0,3.5250,7.3940,6.2260
22149.9960,0,3.5350,7.4420,6.2630
22200.0020,0,3.4550,7.4560,6.2420
22249.9990,0,3.5270,7.4260,6.2870
22300.0000,0,3.5110,7.3910,6.2950
22349.9970,0,3.4910,7.3900,6.2640
22399.9980,0,3.5300,7.3710,6.2700
22450.0010,0,3.5460,7.3780,6.2430
22500.0000,0,3.4760,7.4080,6.2830
22549.9970,0,3.5200,7.3660,6.2390
22599.9970,0,3.5050,7.3800,6.2530
22650.0000,0,3.5210,7.3900,6.2950
22699.9980,0,3.5220,7.3780,6.2530
22750.0020,0,3.5290,7.4140,6.2600
22800.0020,0,3.5280,7.4450,6.2890
22849.9960,0,3.5300,7.4150,6.2720
22899.9980,0,3.4920,7.4580,6.2880
22949.9990,0,3.4860,7.4700,6.2710
22999.9970,0,3.5530,7.4710,6.2150
23050.0010,0,3.4700,7.4360,6.2710
23099.9970,0,3.5050,7.5020,6.2690
23149.9980,0,3.5490,7.4720,6.2640
23199.9970,0,3.5080,7.4660,6.2570
23249.9980,0,3.4860,7.5110,6.2740
23300.0020,0,3.5170,7.5010,6.3110
23349.9980,0,3.4850,7.4790,6.2860
23399.9970,0,3.4950,7.4850,6.2760
23449.9970,0,3.4970,7.4470,6.2410
23499.9970,0,3.4590,7.4610,6.2070
23549.9970,0,3.5180,7.5160,6.2870
23600.0010,0,3.4980,7.4830,6.2030
23649.9990,0,3.5000,7.4300,6.2530
23700.0020,0,3.4930,7.4750,6.3220
23750.0020,0,3.5730,7.4350,6.2610
23800.0010,0,3.5390,7.4760,6.3100
23849.9960,0,3.4800,7.4570,6.2730
23899.9980,0,3.4840,7.4820,6.2880
23950.0010,0,3.5420,7.4750,6.2930
23999.9570,0,3.4730,7.4660,6.3000
24049.9110,0,3.4980,7.4990,6.2730
24099.8610,0,3.4670,7.4670,6.2520
24149.8160,0,3.5230,7.5100,6.2640
24199.7740,0,3.5430,7.4640,6.2790
24249.7240,0,3.5090,7.4760,6.2210
24299.6810,0,3.4950,7.4230,6.2770
24349.6340,0,3.5110,7.4040,6.3070
24399.5850,0,3.4800,7.3840,6.2970
24449.5410,0,3.4740,7.4180,6.2730
24499.4890,0,3.4940,7.4170,6.2770
24549.4460,0,3.5220,7.4640,6.2450
24599.4010,0,3.5120,7.4380,6.2670
24649.3490,0,3.5130,7.4550,6.2630
24699.3010,0,3.5420,7.4150,6.2860
24749.2520,0,3.4740,7.4010,6.2700
24799.2070,0,3.5350,7.3980,6.2110
24849.1580,0,3.4980,7.3860,6.2280
24899.1070,0,3.4750,7.3830,6.2950
24949.0610,0,3.5430,7.4090,6.2840
24999.0080,0,3.5160,7.4530,6.2480
25048.9600,0,3.5060,7.4210,6.2690
25098.9100,0,3.5050,7.3660,6.2460
25148.8610,0,3.5180,7.3780,6.2640
25198.8140,0,3.4790,7.3440,6.2310
25248.7660,0,3.4620,7.3400,6.2210
25298.7140,0,3.5420,7.3490,6.2550
25348.6630,0,3.5490,7.3180,6.2830
25398.6150,0,3.5250,7.3470,6.2840
25448.5630,0,3.5050,7.3350,6.2620
25498.5110,0,3.5180,7.3440,6.2440
25548.4610,0,3.5310,7.3930,6.2650
25598.4110,0,3.4990,7.3870,6.2500
25648.3580,0,3.4430,7.3610,6.2470
25698.3060,0,3.4970,7.3440,6.2320
25748.2550,0,3.4980,7.3330,6.2750
25798.2040,0,3.4870,7.3440,6.2200
25848.1540,0,3.5540,7.3030,6.2830
25898.0980,0,3.5040,7.3110,6.3070
25948.0450,0,3.5140,7.3550,6.2540
25997.9950,0,3.4880,7.3390,6.2940
26047.9390,0,3.5240,7.3420,6.2720
26097.8880,0,3.5190,7.3870,6.2610
26147.8340,0,3.5100,7.3730,6.2520
26197.7830,0,3.5100,7.3680,6.2680
26247.7240,0,3.5350,7.3260,6.2840
26297.6760,0,3.4880,7.3160,6.2040
26347.6200,0,3.5200,7.2800,6.2510
26397.5650,0,3.4980,7.2810,6.2340
26447.5080,0,3.5160,7.3270,6.2720
26497.4580,0,3.4970,7.3070,6.2880
26547.3980,0,3.4700,7.3570,6.2530
26597.3450,0,3.5220,7.3550,6.3170
26647.2940,0,3.4810,7.3980,6.2610
26697.2390,0,3.4910,7.3870,6.2640
26747.1820,0,3.5350,7.3230,6.2820
26797.1240,0,3.4980,7.3500,6.2340
26847.0670,0,3.5200,7.3450,6.3260
26897.0120,0,3.5260,7.3280,6.2530
26946.9560,0,3.5170,7.3550,6.2480
26996.9000,0,3.4930,7.2860,6.2690
27046.8460,0,3.5340,7.3060,6.2610
27096.7860,0,3.5450,7.2890,6.2570
27146.7290,0,3.5240,7.3240,6.2520
27196.6720,0,3.5480,7.3080,6.2650
27246.6170,0,3.5090,7.3660,6.2820
27296.5570,0,3.4820,7.2840,6.2290
27346.4980,0,3.5190,7.3000,6.2640
27396.4450,0,3.4810,7.2540,6.2390
27446.3840,0,3.5510,7.3370,6.2600
27496.3220,0,3.5380,7.3950,6.2900
27546.2670,0,3.5170,7.3550,6.2790
27596.2050,0,3.5050,7.3460,6.2360
27646.1470,0,3.5030,7.3070,6.2690
27696.0880,0,3.4880,7.3090,6.2560
27746.0330,0,3.5320,7.3100,6.3010
27795.9710,0,3.5530,7.2720,6.2350
27845.9130,0,3.4800,7.2810,6.2300
27895.8530,0,3.5060,7.3190,6.2670
27945.7880,0,3.5000,7.3030,6.3190
27995.7290,0,3.4910,7.2950,6.2630
28045.6680,0,3.5110,7.3420,6.2830
28095.6130,0,3.4970,7.2740,6.2390
28145.5500,0,3.4800,7.3090,6.2290
28195.4870,0,3.5110,7.2740,6.2660
28245.4240,0,3.4980,7.2560,6.2730
28295.3650,0,3.5300,7.3060,6.2860
28345.3060,0,3.4720,7.2680,6.2780
28395.2400,0,3.5200,7.3150,6.2600
28445.1810,0,3.4710,7.2900,6.2710
28495.1170,0,3.5090,7.3470,6.2700
28545.0540,0,3.4840,7.3290,6.2710
28594.9960,0,3.4860,7.3350,6.2640
28644.9290,0,3.4720,7.3740,6.2340
28694.8720,0,3.5090,7.3280,6.2280
28744.8090,0,3.4890,7.3480,6.2530
28794.7460,0,3.5220,7.3060,6.2920
28844.6780,0,3.5170,7.3180,6.2600
28894.6150,0,3.5120,7.3130,6.2730
28944.5490,0,3.5040,7.3280,6.2460
28994.4880,0,3.5450,7.3520,6.2820
29044.4270,0,3.5230,7.2890,6.2420
29094.3560,0,3.5000,7.3170,6.2430
29144.2920,0,3.5410,7.3070,6.2610
29194.2270,0,3.5150,7.3360,6.2630
29244.1670,0,3.5200,7.3350,6.2460
29294.1020,0,3.5200,7.3550,6.2180
29344.0360,0,3.5100,7.3870,6.2720
29393.9660,0,3.5120,7.3790,6.2310
29443.9030,0,3.4840,7.3790,6.2560
29493.8410,0,3.4630,7.3980,6.2520
29543.7690,0,3.4960,7.3720,6.2270
29593.7030,0,3.4950,7.2900,6.2660
29643.6360,0,3.4820,7.3290,6.2850
29693.5720,0,3.4580,7.3080,6.2230
29743.5070,0,3.5000,7.3460,6.2580
29793.4410,0,3.5040,7.3870,6.2670
29843.3730,0,3.4990,7.4310,6.2530
29893.3020,0,3.5060,7.3200,6.2670
29943.2400,0,3.4690,7.3740,6.2500
29993.1720,0,3.5040,7.3970,6.2600
30043.0970,0,3.4980,7.3840,6.2340
30093.0340,0,3.5150,7.3910,6.2180
30142.9620,0,3.4980,7.3530,6.2760
30192.8930,0,3.5010,7.4260,6.2400
30242.8260,0,3.5090,7.3840,6.2020
30292.7580,0,3.4550,7.3680,6.2970
30342.6880,0,3.5040,7.4000,6.2460
30392.6210,0,3.4790,7.4060,6.2950
30442.5490,0,3.4790,7.3320,6.2380
30492.4830,0,3.4380,7.3600,6.2810
30542.4080,0,3.4670,7.4290,6.2710
30592.3380,0,3.4720,7.3860,6.2650
30642.2700,0,3.4600,7.3570,6.2580
30692.1980,0,3.4820,7.4260,6.2490
30742.1310,0,3.4840,7.4160,6.1890
30792.0560,0,3.4690,7.4320,6.2710
30841.9870,0,3.5170,7.4030,6.2570
30891.9200,0,3.4400,7.4200,6.1990
30941.8440,0,3.4530,7.4090,6.2830
30991.7740,0,3.5200,7.4490,6.2620
31041.7010,0,3.4820,7.4120,6.2810
31091.6300,0,3.5140,7.4570,6.2710
31141.5550,0,3.4660,7.4040,6.2410
31191.4870,0,3.5180,7.4020,6.2400
31241.4110,0,3.5290,7.4250,6.2430
31291.3430,0,3.4650,7.3870,6.2670
31341.2680,0,3.4380,7.3900,6.2480
31391.1950,0,3.4710,7.3630,6.2850
31441.1190,0,3.4960,7.3840,6.2880
31491.0500,0,3.5150,7.3930,6.2490
31540.9750,0,3.5210,7.4490,6.2770
31590.8990,0,3.4920,7.4050,6.2510
31640.8270,0,3.4920,7.4600,6.2600
31690.7530,0,3.5370,7.3680,6.2890
31740.6760,0,3.5100,7.4210,6.2560
31790.6080,0,3.4590,7.4260,6.2500
31840.5310,0,3.4970,7.3960,6.2530
31890.4520,0,3.5000,7.3930,6.2470
31940.3810,0,3.5450,7.4530,6.2930
31990.3040,0,3.5510,7.4580,6.2870
32040.2310,0,3.5070,7.4230,6.2530
32090.1510,0,3.4470,7.4910,6.2600
32140.0750,0,3.5160,7.5400,6.2450
32190.0020,0,3.4910,7.5250,6.2940
32239.9250,0,3.5160,7.5350,6.2840
32289.8510,0,3.4960,7.4900,6.2310
32339.7720,0,3.4830,7.5000,6.2510
32389.6960,0,3.5070,7.5210,6.2650
32439.6190,0,3.4380,7.5430,6.2380
32489.5420,0,3.4370,7.5110,6.2230
32539.4650,0,3.5000,7.5270,6.2410
32589.3850,0,3.4770,7.5050,6.2460
32639.3070,0,3.4530,7.4720,6.2890
32689.2320,0,3.4710,7.4200,6.3150
32739.1520,0,3.4760,7.4130,6.2360
32789.0750,0,3.5140,7.4260,6.2520
32838.9940,0,3.5020,7.4310,6.2240
32888.9190,0,3.4910,7.4470,6.2660
32938.8420,0,3.4770,7.4300,6.2590
32988.7610,0,3.4850,7.3630,6.2720
33038.6780,0,3.4570,7.4240,6.2260
33088.6000,0,3.4710,7.4360,6.2680
33138.5220,0,3.4960,7.3470,6.2910
33188.4440,0,3.4420,7.4080,6.2490
33238.3630,0,3.5010,7.4340,6.3140
33288.2790,0,3.4760,7.3710,6.2640
33338.2040,0,3.5000,7.3810,6.2180
33388.1180,0,3.4900,7.3450,6.2630
33438.0410,0,3.4460,7.4440,6.2510
33487.9590,0,3.4730,7.4170,6.2480
33537.8770,0,3.5190,7.4210,6.2560
33587.7990,0,3.4460,7.4120,6.2280
33637.7160,0,3.4880,7.3930,6.2480
33687.6340,0,3.5060,7.4000,6.2640
33737.5490,0,3.4780,7.4230,6.2460
33787.4700,0,3.4900,7.4060,6.2610
33837.3880,0,3.4790,7.3920,6.2550
33887.3080,0,3.4750,7.3930,6.2780
33937.2250,0,3.4670,7.4250,6.2870
33987.1400,0,3.4350,7.4070,6.2250
34037.0570,0,3.4930,7.3990,6.2590
34086.9710,0,3.4670,7.4240,6.2380
34136.8870,0,3.5020,7.4710,6.2670
34186.8050,0,3.4860,7.4690,6.2690
34236.7250,0,3.4770,7.4510,6.2560
34286.6420,0,3.4880,7.4050,6.2470
34336.5520,0,3.4370,7.4680,6.2290
34386.4730,0,3.4780,7.4620,6.2360
34436.3870,0,3.4450,7.4420,6.2530
34486.3010,0,3.4920,7.4320,6.2570
34536.2170,0,3.4290,7.4420,6.2810
34586.1320,0,3.4820,7.4200,6.2390
34636.0470,0,3.5070,7.4110,6.2380
34685.9630,0,3.4960,7.4500,6.2470
34735.8720,0,3.4490,7.3890,6.2900
34785.7910,0,3.5200,7.4050,6.2630
34835.7040,0,3.4570,7.3850,6.2440
34885.6200,0,3.5160,7.3650,6.2870
34935.5320,0,3.4690,7.3530,6.2500
34985.4460,0,3.4540,7.3440,6.2610
35035.3590,0,3.4930,7.3090,6.2300
35085.2710,0,3.4590,7.3370,6.2500
35135.1840,0,3.4530,7.3090,6.2760
35185.0980,0,3.4460,7.3990,6.2480
35235.0050,0,3.4870,7.3710,6.2290
35284.9210,0,3.5040,7.3170,6.2280
35334.8300,0,3.4820,7.4040,6.2400
35384.7450,0,3.4610,7.3820,6.2590
35434.6570,0,3.4880,7.4190,6.2420
35484.5710,0,3.4760,7.4550,6.2410
35534.4800,0,3.4550,7.4420,6.2060
35584.3910,0,3.4240,7.4820,6.2500
35634.3010,0,3.4810,7.5150,6.2500
35684.2160,0,3.4760,7.5090,6.2620
35734.1230,0,3.4510,7.4760,6.2830
35784.0360,0,3.4640,7.5430,6.2450
35833.9430,0,3.4720,7.5120,6.2470
35883.8540,0,3.4880,7.4760,6.2870
35933.7610,0,3.4690,7.5110,6.2580
35983.7400,0,3.4880,7.4090,6.2830
36033.7170,0,3.4860,7.4700,6.2690
36083.6950,0,3.4920,7.4350,6.2170
36133.6780,0,3.4780,7.3920,6.2060
36183.6500,0,3.4560,7.4310,6.2420
36233.6330,0,3.4820,7.4440,6.2420
36283.6060,0,3.5040,7.4680,6.2670
36333.5870,0,3.4750,7.4230,6.2600
36383.5660,0,3.4850,7.4460,6.3300
36433.5430,0,3.4830,7.4690,6.2650
36483.5200,0,3.5260,7.3980,6.2390
36533.4990,0,3.4990,7.4160,6.2310
36583.4780,0,3.4990,7.4000,6.2500
36633.4540,0,3.5120,7.3870,6.2560
36683.4270,0,3.4580,7.4190,6.2680
36733.4060,0,3.5180,7.3930,6.2860
36783.3830,0,3.4890,7.3740,6.2570
36833.3620,0,3.4920,7.3810,6.2280
36883.3450,0,3.4860,7.4330,6.2860
36933.3210,0,3.4800,7.4230,6.2470
36983.2980,0,3.4550,7.4400,6.2870
37033.2730,0,3.4760,7.3750,6.2520
37083.2510,0,3.4700,7.4410,6.2360
37133.2290,0,3.4580,7.4130,6.2590
37183.2070,0,3.5110,7.4300,6.2190
37233.1870,0,3.4730,7.4360,6.2570
37283.1610,0,3.4680,7.4460,6.2400
37333.1400,0,3.4750,7.4640,6.2590
37383.1180,0,3.4810,7.4280,6.2470
37433.0950,0,3.4260,7.4170,6.2770
37483.0770,0,3.4840,7.4060,6.2560
37533.0500,0,3.4760,7.4100,6.3020
37583.0310,0,3.4990,7.4520,6.2370
37633.0080,0,3.4820,7.4190,6.2310
37682.9860,0,3.4860,7.4450,6.2480
37732.9640,0,3.4530,7.4060,6.2420
37782.9410,0,3.4540,7.3690,6.2810
37832.9220,0,3.4850,7.4380,6.2650
37882.8990,0,3.4750,7.3970,6.2710
37932.8740,0,3.4820,7.4440,6.2610
37982.8510,0,3.4860,7.4610,6.2060
38032.8290,0,3.5010,7.4480,6.2660
38082.8080,0,3.4310,7.4250,6.2740
38132.7880,0,3.4380,7.4880,6.2630
38182.7640,0,3.4930,7.4870,6.2190
38232.7390,0,3.5030,7.4630,6.2680
38282.7210,0,3.4680,7.4700,6.2760
38332.6950,0,3.4220,7.4130,6.2250
38382.6740,0,3.4440,7.4400,6.2700
38432.6560,0,3.4540,7.4110,6.2680
38482.6310,0,3.4710,7.4510,6.2560
38532.6090,0,3.4670,7.4290,6.2320
38582.5870,0,3.4340,7.4310,6.2850
38632.5670,0,3.4400,7.4100,6.2530
38682.5430,0,3.4740,7.3460,6.2260
38732.5200,0,3.4460,7.4320,6.2280
38782.4960,0,3.4350,7.3880,6.2660
38832.4750,0,3.4370,7.4330,6.2410
38882.4540,0,3.4510,7.4150,6.2020
38932.4280,0,3.4680,7.3920,6.2070
38982.4090,0,3.4470,7.4290,6.2240
39032.3900,0,3.4240,7.4380,6.2170
39082.3670,0,3.4640,7.4420,6.2330
39132.3420,0,3.4730,7.4330,6.2410
39182.3190,0,3.4610,7.4300,6.2650
39232.3010,0,3.4820,7.4180,6.2180
39282.2780,0,3.4710,7.3730,6.2680
39332.2560,0,3.4830,7.4420,6.3080
39382.2350,0,3.4830,7.4320,6.2590
39432.2060,0,3.4820,7.3740,6.2530
39482.1850,0,3.4500,7.4060,6.2180
39532.1650,0,3.4390,7.4000,6.2590
39582.1450,0,3.4370,7.3930,6.2450
39632.1200,0,3.4740,7.4250,6.2520
39682.0970,0,3.4690,7.4510,6.2780
39732.0790,0,3.4690,7.4100,6.2320
39782.0510,0,3.4420,7.4720,6.2040
39832.0330,0,3.4220,7.3670,6.2680
39882.0110,0,3.4950,7.4070,6.2540
39931.9860,0,3.4690,7.4130,6.2490
39981.9680,0,3.4950,7.3710,6.2330
40031.9460,0,3.4410,7.3820,6.2780
40081.9190,0,3.4550,7.4210,6.2370
40131.8970,0,3.4930,7.3630,6.2380
40181.8770,0,3.4630,7.3790,6.2280
40231.8560,0,3.4600,7.4140,6.2830
40281.8330,0,3.4560,7.4200,6.2460
40331.8110,0,3.4910,7.3970,6.2710
40381.7870,0,3.4300,7.4340,6.3040
40431.7680,0,3.4490,7.4160,6.2430
40481.7420,0,3.4360,7.4010,6.2510
40531.7200,0,3.4530,7.3990,6.2670
40581.6990,0,3.5000,7.3880,6.2090
40631.6770,0,3.4800,7.3700,6.2470
40681.6520,0,3.4530,7.3990,6.2290
40731.6320,0,3.4890,7.3820,6.2680
40781.6090,0,3.4830,7.4010,6.2760
40831.5900,0,3.4540,7.3480,6.2520
40881.5680,0,3.4380,7.3700,6.2800
40931.5440,0,3.4700,7.2860,6.2730
40981.5240,0,3.4680,7.3420,6.2550
41031.5030,0,3.4260,7.2940,6.2890
41081.4750,0,3.4970,7.3910,6.2340
41131.4550,0,3.4380,7.3520,6.1910
41181.4330,0,3.5070,7.3610,6.2630
41231.4130,0,3.4760,7.4080,6.2530
41281.3870,0,3.4970,7.3370,6.2530
41331.3640,0,3.4800,7.4020,6.2430
41381.3460,0,3.4440,7.3730,6.2360
41431.3220,0,3.4370,7.3310,6.2790
41481.3000,0,3.4750,7.3750,6.2630
41531.2780,0,3.4570,7.3830,6.2460
41581.2580,0,3.5020,7.3820,6.2320
41631.2320,0,3.4650,7.4160,6.2650
41681.2110,0,3.4780,7.3930,6.1960
41731.1870,0,3.4530,7.4520,6.2460
41781.1650,0,3.4790,7.3850,6.2520
41831.1450,0,3.5000,7.3840,6.2540
41881.1240,0,3.5140,7.3490,6.2500
41931.1010,0,3.4790,7.3690,6.2180
41981.0810,0,3.4510,7.3430,6.2780
42031.0570,0,3.4890,7.3440,6.2980
42081.0320,0,3.4450,7.3800,6.2500
42131.0120,0,3.4520,7.3620,6.2760
42180.9940,0,3.4620,7.3940,6.2330
42230.9670,0,3.4770,7.3230,6.2100
42280.9480,0,3.4780,7.3630,6.2670
42330.9280,0,3.5050,7.2700,6.2490
42380.9000,0,3.4590,7.3390,6.2580
42430.8820,0,3.4980,7.3130,6.2780
42480.8560,0,3.4480,7.3520,6.3020
42530.8330,0,3.5180,7.3570,6.2840
42580.8110,0,3.4560,7.3500,6.2450
42630.7920,0,3.4430,7.3690,6.2260
42680.7690,0,3.4580,7.3590,6.1880
42730.7510,0,3.4680,7.3740,6.2490
42780.7260,0,3.4970,7.4280,6.1980
42830.7030,0,3.4460,7.4120,6.2900
42880.6820,0,3.4520,7.3690,6.2850
42930.6610,0,3.4790,7.4120,6.2660
42980.6360,0,3.4670,7.3640,6.2420
43030.6170,0,3.5070,7.3610,6.2690
43080.5960,0,3.4900,7.3770,6.2440
43130.5740,0,3.4310,7.3730,6.2640
43180.5520,0,3.4590,7.3410,6.2340
43230.5290,0,3.4850,7.4300,6.2820
43280.5080,0,3.4480,7.3760,6.2620
43330.4820,0,3.4840,7.3500,6.2700
43380.4610,0,3.4920,7.3830,6.2550
43430.4390,0,3.4900,7.3050,6.2220
43480.4130,0,3.5130,7.3370,6.2590
43530.3930,0,3.4750,7.3110,6.2840
43580.3710,0,3.4530,7.2720,6.2990
43630.3480,0,3.4720,7.3070,6.2180
43680.3300,0,3.4710,7.2730,6.2580
43730.3080,0,3.4780,7.3110,6.2920
43780.2820,0,3.4780,7.2910,6.2600
43830.2630,0,3.4820,7.3640,6.2360
43880.2410,0,3.4700,7.3540,6.2690
43930.2170,0,3.4600,7.3080,6.2780
43980.1960,0,3.4690,7.3120,6.2350
44030.1730,0,3.4580,7.3170,6.2710
44080.1540,0,3.4780,7.3350,6.2480
44130.1270,0,3.4710,7.3200,6.2670
44180.1080,0,3.4590,7.2660,6.2330
44230.0820,0,3.5200,7.2330,6.2240
44280.0630,0,3.4730,7.2450,6.2640
44330.0390,0,3.4770,7.2050,6.2130
44380.0210,0,3.4480,7.1980,6.2510
44429.9960,0,3.5010,7.2870,6.2200
44479.9730,0,3.4840,7.2910,6.2670
44529.9500,0,3.4890,7.3020,6.2700
44579.9280,0,3.4690,7.2840,6.2350
44629.9080,0,3.4860,7.2680,6.2780
44679.8880,0,3.4660,7.2620,6.2500
44729.8610,0,3.4820,7.2150,6.2940
44779.8390,0,3.4670,7.2380,6.2520
44829.8200,0,3.4750,7.2210,6.2570
44879.8000,0,3.4650,7.2420,6.2800
44929.7760,0,3.4680,7.1740,6.2350
44979.7500,0,3.4890,7.2230,6.2110
45029.7280,0,3.4930,7.2130,6.2820
45079.7090,0,3.4600,7.2080,6.2530
45129.6880,0,3.4820,7.1930,6.2070
45179.6670,0,3.4690,7.2210,6.2450
45229.6410,0,3.4730,7.2100,6.2620
45279.6210,0,3.5060,7.2140,6.2510
45329.6010,0,3.4660,7.2660,6.2810
45379.5800,0,3.4890,7.2250,6.2580
45429.5580,0,3.4490,7.2080,6.2510
45479.5330,0,3.4650,7.2110,6.2380
45529.5110,0,3.4790,7.1450,6.2560
45579.4890,0,3.4710,7.2180,6.2170
45629.4680,0,3.4690,7.1910,6.2980
45679.4460,0,3.5160,7.1800,6.2290
45729.4250,0,3.4210,7.1410,6.2420
45779.3970,0,3.4770,7.1490,6.2570
45829.3790,0,3.4870,7.1690,6.2530
45879.3580,0,3.4520,7.1880,6.2440
45929.3340,0,3.5040,7.1530,6.2470
45979.3150,0,3.5020,7.1880,6.2300
46029.2930,0,3.4660,7.2100,6.3040
46079.2690,0,3.4490,7.2760,6.2810
46129.2430,0,3.4780,7.2270,6.2430
46179.2230,0,3.4460,7.2390,6.1920
46229.2000,0,3.5000,7.2570,6.2600
46279.1830,0,3.4960,7.3260,6.2550
46329.1540,0,3.4490,7.3610,6.2600
46379.1390,0,3.4790,7.2610,6.2470
46429.1150,0,3.4850,7.2880,6.2820
46479.0950,0,3.4590,7.2800,6.2400
46529.0670,0,3.4550,7.3040,6.2490
46579.0510,0,3.5020,7.2000,6.2140
46629.0260,0,3.4660,7.2470,6.2400
46679.0030,0,3.4770,7.2380,6.2640
46728.9820,0,3.4570,7.2540,6.2420
46778.9620,0,3.4400,7.2570,6.2900
46828.9360,0,3.4800,7.2260,6.2630
46878.9150,0,3.4730,7.2570,6.1770
46928.8920,0,3.5020,7.3040,6.2790
46978.8700,0,3.4500,7.2630,6.2780
47028.8480,0,3.5010,7.2330,6.2440
47078.8300,0,3.4890,7.2120,6.2310
47128.8060,0,3.4520,7.2310,6.2760
47178.7810,0,3.5000,7.2770,6.2410
47228.7640,0,3.4110,7.3120,6.2780
47278.7370,0,3.4600,7.2640,6.2530
47328.7180,0,3.4470,7.2240,6.2910
47378.6950,0,3.4770,7.2240,6.2960
47428.6740,0,3.4890,7.2200,6.2600
47478.6480,0,3.4720,7.1890,6.2270
47528.6290,0,3.4650,7.1670,6.2410
47578.6060,0,3.4650,7.1610,6.1910
47628.5870,0,3.4720,7.2090,6.2980
47678.5610,0,3.4430,7.2390,6.2650
47728.5430,0,3.4840,7.1980,6.2280
47778.5220,0,3.4580,7.2050,6.2490
47828.4960,0,3.4690,7.2110,6.2500
47878.4760,0,3.4920,7.2600,6.2630
47928.4540,0,3.4400,7.2530,6.2420
47978.4350,0,3.4760,7.2640,6.2370
48028.4070,0,3.4550,7.2290,6.2360
48078.3880,0,3.4740,7.2360,6.2260
48128.3670,0,3.4850,7.1660,6.2470
48178.3470,0,3.4530,7.1940,6.2310
48228.3220,0,3.5160,7.2070,6.3000
48278.3030,0,3.4520,7.2040,6.2230
48328.2800,0,3.4930,7.2070,6.2390
48378.2580,0,3.4540,7.2220,6.3020
48428.2420,0,3.4950,7.2120,6.2540
48478.2170,0,3.4890,7.1810,6.2410
48528.2000,0,3.4750,7.1880,6.2690
48578.1730,0,3.4440,7.1520,6.2170
48628.1560,0,3.4860,7.1510,6.2370
48678.1300,0,3.4760,7.1790,6.1990
48728.1140,0,3.4460,7.1490,6.2330
48778.0920,0,3.4590,7.1390,6.2060
48828.0710,0,3.5100,7.1490,6.2620
48878.0480,0,3.4860,7.1380,6.2650
48928.0300,0,3.4590,7.2230,6.2400
48978.0070,0,3.5090,7.1940,6.3020
49027.9810,0,3.4900,7.1880,6.2640
49077.9600,0,3.4840,7.1700,6.2900
49127.9440,0,3.4890,7.1430,6.2790
49177.9200,0,3.4340,7.1550,6.2750
49227.8990,0,3.4640,7.1430,6.2640
49277.8760,0,3.5130,7.1700,6.2810
49327.8530,0,3.5050,7.1580,6.2440
49377.8330,0,3.4410,7.2320,6.3050
49427.8130,0,3.4610,7.1830,6.2340
49477.7910,0,3.4470,7.2130,6.2320
49527.7680,0,3.4520,7.1690,6.2600
49577.7490,0,3.5060,7.1550,6.2290
49627.7260,0,3.4960,7.1280,6.2520
49677.7090,0,3.4470,7.1230,6.2480
49727.6860,0,3.4790,7.1680,6.2780
49777.6640,0,3.4900,7.1440,6.2360
49827.6420,0,3.4740,7.1470,6.2310
49877.6240,0,3.5100,7.1420,6.2730
49927.6030,0,3.4440,7.0990,6.2590
49977.5770,0,3.4390,7.1990,6.2410
50027.5600,0,3.4740,7.2070,6.2390
50077.5340,0,3.4840,7.1950,6.2500
50127.5190,0,3.4530,7.2010,6.2340
50177.4940,0,3.5190,7.2260,6.2440
50227.4730,0,3.4650,7.2490,6.2500
50277.4520,0,3.4720,7.2710,6.2320
50327.4290,0,3.4820,7.2730,6.2900
50377.4100,0,3.4710,7.2580,6.2700
50427.3910,0,3.4430,7.2720,6.2450
50477.3670,0,3.4440,7.2250,6.2290
50527.3490,0,3.4540,7.2000,6.2120
50577.3280,0,3.4820,7.2430,6.2120
50627.3020,0,3.4650,7.2440,6.2780
50677.2850,0,3.4730,7.2480,6.2630
50727.2650,0,3.4300,7.2060,6.2340
50777.2400,0,3.4830,7.2240,6.2410
50827.2200,0,3.4580,7.2290,6.2180
50877.2000,0,3.4950,7.2260,6.2470
50927.1800,0,3.5100,7.2030,6.2840
50977.1560,0,3.4740,7.1780,6.2500
51027.1350,0,3.4930,7.2000,6.2300
51077.1110,0,3.4660,7.2220,6.2240
51127.0900,0,3.4880,7.2000,6.2530
51177.0730,0,3.4470,7.2670,6.2400
51227.0490,0,3.4510,7.2890,6.2410
51277.0300,0,3.4630,7.2430,6.2060
51327.0100,0,3.4570,7.2030,6.2780
51376.9880,0,3.4540,7.1920,6.2940
51426.9670,0,3.4720,7.2440,6.2610
51476.9430,0,3.4670,7.2040,6.2630
51526.9240,0,3.4870,7.1180,6.2200
51576.8990,0,3.4630,7.1640,6.2490
51626.8790,0,3.4970,7.1780,6.2290
51676.8620,0,3.4580,7.1140,6.2560
51726.8360,0,3.4270,7.1710,6.2260
51776.8130,0,3.4540,7.1540,6.2440
51826.7950,0,3.4650,7.1450,6.2150
51876.7740,0,3.4660,7.2330,6.2280
51926.7560,0,3.4510,7.2030,6.2250
51976.7330,0,3.4900,7.2360,6.2560
52026.7110,0,3.4760,7.1850,6.2500
52076.6870,0,3.4810,7.1320,6.2070
52126.6650,0,3.4730,7.2160,6.3020
52176.6440,0,3.4310,7.1370,6.2610
52226.6240,0,3.4490,7.1800,6.2970
52276.6060,0,3.4910,7.1850,6.2680
52326.5850,0,3.4740,7.1330,6.2340
52376.5610,0,3.4670,7.0960,6.2620
52426.5390,0,3.4760,7.1450,6.2940
52476.5230,0,3.4670,7.0970,6.2380
52526.5000,0,3.4680,7.1230,6.2270
52576.4760,0,3.5040,7.1290,6.2300
52626.4600,0,3.4780,7.1540,6.2840
52676.4330,0,3.4650,7.1800,6.2530
52726.4140,0,3.4970,7.1350,6.2380
52776.3950,0,3.4500,7.1650,6.2440
52826.3710,0,3.4850,7.1800,6.2690
52876.3500,0,3.4690,7.1980,6.2830
52926.3280,0,3.4850,7.2140,6.2230
52976.3070,0,3.4750,7.1680,6.2770
53026.2910,0,3.4650,7.1970,6.2270
53076.2640,0,3.4280,7.1520,6.2820
53126.2470,0,3.4480,7.1330,6.2000
53176.2240,0,3.4130,7.1480,6.2280
53226.2030,0,3.4320,7.1170,6.2380
53276.1860,0,3.4230,7.1260,6.2240
53326.1600,0,3.4810,7.0730,6.2070
53376.1430,0,3.4580,7.1740,6.2130
53426.1200,0,3.4740,7.0960,6.2830
53476.0950,0,3.5130,7.0540,6.2200
53526.0810,0,3.4220,7.1150,6.2710
53576.0580,0,3.4390,7.1990,6.2610
53626.0340,0,3.4840,7.1580,6.2360
53676.0110,0,3.4710,7.1270,6.2310
53725.9910,0,3.4600,7.0870,6.2230
53775.9690,0,3.4430,7.1220,6.2660
53825.9480,0,3.4550,7.1430,6.2470
53875.9290,0,3.4820,7.1220,6.2720
53925.9090,0,3.4460,7.1960,6.2050
53975.8880,0,3.4630,7.1840,6.2730
54025.8690,0,3.4600,7.1960,6.2270
54075.8470,0,3.4580,7.2170,6.2440
54125.8220,0,3.4670,7.1980,6.2250
54175.8010,0,3.4670,7.1910,6.2570
54225.7830,0,3.4330,7.1740,6.2320
54275.7640,0,3.4780,7.1460,6.2560
54325.7400,0,3.4360,7.1430,6.2400
54375.7220,0,3.4600,7.2070,6.2460
54425.6990,0,3.4320,7.1550,6.2490
54475.6760,0,3.4370,7.2340,6.2290
54525.6540,0,3.4650,7.1950,6.2850
54575.6370,0,3.4800,7.1400,6.2790
54625.6140,0,3.4390,7.1720,6.2930
54675.5950,0,3.4860,7.1690,6.2470
54725.5710,0,3.4450,7.1220,6.2530
54775.5540,0,3.4620,7.1390,6.2710
54825.5300,0,3.4870,7.2350,6.2380
54875.5120,0,3.4710,7.2080,6.2290
54925.4900,0,3.4070,7.2100,6.2540
54975.4650,0,3.4620,7.2390,6.2370
55025.4430,0,3.4840,7.1990,6.2760
55075.4260,0,3.4950,7.2190,6.2760
55125.4030,0,3.4570,7.1790,6.2610
55175.3810,0,3.4710,7.1630,6.2300
55225.3620,0,3.4460,7.1670,6.2520
55275.3430,0,3.4900,7.2260,6.2580
55325.3230,0,3.4520,7.1610,6.2500
55375.2980,0,3.4530,7.1830,6.2550
55425.2800,0,3.4880,7.1910,6.1940
55475.2550,0,3.4320,7.1450,6.2190
55525.2350,0,3.4570,7.1550,6.2730
55575.2130,0,3.4910,7.1350,6.2540
55625.1940,0,3.4450,7.1270,6.2460
55675.1720,0,3.4810,7.1200,6.2310
55725.1490,0,3.4510,7.1830,6.2300
55775.1320,0,3.4510,7.1440,6.2220
55825.1120,0,3.4620,7.0990,6.2770
55875.0880,0,3.4510,7.0880,6.2510
55925.0710,0,3.4580,7.0860,6.2310
55975.0490,0,3.4320,7.1020,6.2450
56025.0240,0,3.4820,7.1100,6.2490
56075.0030,0,3.4710,7.1490,6.2270
56124.9850,0,3.4720,7.1560,6.2970
56174.9650,0,3.4450,7.1350,6.2680
56224.9440,0,3.4710,7.1450,6.2370
56274.9210,0,3.5260,7.1270,6.1770
56324.9030,0,3.4780,7.1740,6.2440
56374.8800,0,3.4920,7.0820,6.3150
56424.8600,0,3.4830,7.1360,6.2300
56474.8350,0,3.4340,7.1470,6.2470
56524.8130,0,3.4860,7.1370,6.2800
56574.7920,0,3.4490,7.0690,6.2520
56624.7750,0,3.4450,7.1030,6.2200
56674.7530,0,3.5010,7.1040,6.2500
56724.7310,0,3.4380,7.0800,6.2340
56774.7140,0,3.4900,7.0850,6.2740
56824.6890,0,3.4220,7.1140,6.2650
56874.6680,0,3.4430,7.1150,6.2570
56924.6500,0,3.4540,7.1590,6.2650
56974.6320,0,3.4550,7.2040,6.2650
57024.6050,0,3.4210,7.2130,6.2720
57074.5860,0,3.4730,7.2160,6.2720
57124.5660,0,3.4860,7.2130,6.2520
57174.5470,0,3.4570,7.2050,6.2610
57224.5220,0,3.4320,7.2090,6.2570
57274.5010,0,3.4670,7.2290,6.2360
57324.4820,0,3.4540,7.2460,6.2410
57374.4600,0,3.4910,7.1720,6.2810
57424.4380,0,3.4250,7.1830,6.2350
57474.4210,0,3.4730,7.1520,6.2430
57524.3960,0,3.4280,7.1170,6.2520
57574.3790,0,3.4450,7.1460,6.2290
57624.3580,0,3.4690,7.1440,6.2180
57674.3360,0,3.4610,7.1460,6.2490
57724.3110,0,3.4510,7.1140,6.2440
57774.2950,0,3.4580,7.1450,6.2680
57824.2720,0,3.4710,7.1320,6.2260
57874.2490,0,3.4490,7.1500,6.2350
57924.2320,0,3.4700,7.1390,6.2820
57974.2080,0,3.4670,7.1580,6.2470
58024.1870,0,3.4710,7.1580,6.2390
58074.1710,0,3.4660,7.1010,6.2760
58124.1490,0,3.4440,7.1710,6.2310
58174.1270,0,3.3960,7.1810,6.2430
58224.1070,0,3.4370,7.1770,6.2670
58274.0850,0,3.4870,7.1720,6.2190
58324.0620,0,3.4320,7.1210,6.2450
58374.0450,0,3.4720,7.1290,6.2870
58424.0210,0,3.4520,7.1490,6.2970
58473.9990,0,3.4630,7.1390,6.1970
58523.9780,0,3.4740,7.1750,6.2640
58573.9630,0,3.4510,7.2260,6.2140
58623.9360,0,3.4680,7.1580,6.2460
58673.9180,0,3.4580,7.1660,6.2220
58723.8960,0,3.4470,7.1550,6.2110
58773.8770,0,3.4580,7.1250,6.2670
58823.8560,0,3.4800,7.1250,6.2850
58873.8330,0,3.4650,7.1350,6.2830
58923.8120,0,3.4970,7.1590,6.2530
58973.7920,0,3.4880,7.2070,6.2410
59023.7740,0,3.4390,7.2350,6.2740
59073.7480,0,3.4250,7.2130,6.2830
59123.7320,0,3.4620,7.2400,6.2310
59173.7090,0,3.4610,7.1210,6.2580
59223.6880,0,3.4350,7.1770,6.2880
59273.6680,0,3.4520,7.1580,6.2200
59323.6500,0,3.4580,7.1460,6.2670
59373.6270,0,3.4390,7.1920,6.2660
59423.6080,0,3.4220,7.1060,6.2250
59473.5880,0,3.4760,7.1730,6.2390
59523.5620,0,3.4130,7.1570,6.2250
59573.5410,0,3.4410,7.1550,6.2650
59623.5190,0,3.4500,7.1140,6.2610
59673.5050,0,3.4250,7.1290,6.2540
59723.4840,0,3.4220,7.1570,6.2260
59773.4610,0,3.4450,7.1190,6.2850
59823.4370,0,3.4560,7.1470,6.2280
59873.4220,0,3.4680,7.1460,6.2620
59923.3990,0,3.4930,7.1550,6.2370
59973.3750,0,3.4640,7.1670,6.2500
60023.3510,0,3.4390,7.1550,6.2350
60073.3310,0,3.4820,7.1400,6.2390
60123.3100,0,3.4710,7.1560,6.2020
60173.2880,0,3.4340,7.1230,6.2400
60223.2680,0,3.4400,7.1270,6.2270
60273.2410,0,3.4110,7.1510,6.2690
60323.2200,0,3.4770,7.1170,6.2160
60373.1990,0,3.4490,7.1470,6.2330
60423.1800,0,3.4420,7.1640,6.2200
60473.1540,0,3.4570,7.1720,6.2370
60523.1330,0,3.4660,7.1770,6.3170
60573.1120,0,3.4440,7.1540,6.2590
60623.0870,0,3.4840,7.1460,6.2750
60673.0660,0,3.4480,7.1240,6.2220
60723.0440,0,3.4380,7.1370,6.2670
60773.0180,0,3.5040,7.1260,6.2820
60822.9970,0,3.4970,7.1140,6.2210
60872.9760,0,3.4550,7.1680,6.2600
60922.9570,0,3.4890,7.1270,6.2250
60972.9350,0,3.4490,7.1030,6.2130
61022.9110,0,3.4670,7.0800,6.2690
61072.8900,0,3.4510,7.0920,6.2230
61122.8690,0,3.4090,7.1290,6.2420
61172.8460,0,3.4760,7.1400,6.2350
61222.8220,0,3.4800,7.0890,6.2470
61272.7980,0,3.4230,7.1640,6.2260
61322.7740,0,3.4360,7.2060,6.2420
61372.7520,0,3.4830,7.1480,6.2520
61422.7330,0,3.4320,7.1780,6.2310
61472.7070,0,3.4250,7.1930,6.2580
61522.6920,0,3.4260,7.2160,6.2060
61572.6670,0,3.4400,7.1900,6.2790
61622.6470,0,3.4340,7.1670,6.2920
61672.6220,0,3.4310,7.1340,6.2240
61722.6020,0,3.4200,7.1740,6.2600
61772.5760,0,3.4790,7.1670,6.2390
61822.5540,0,3.4750,7.1260,6.2940
61872.5360,0,3.4530,7.1210,6.2080
61922.5090,0,3.4590,7.1630,6.2220
61972.4910,0,3.4310,7.1390,6.2560
62022.4650,0,3.4040,7.1140,6.2380
62072.4440,0,3.4510,7.1210,6.2670
62122.4250,0,3.4540,7.0880,6.2450
62172.3980,0,3.4880,7.1670,6.2320
62222.3760,0,3.4590,7.1020,6.2700
62272.3530,0,3.4760,7.1510,6.2210
62322.3330,0,3.4630,7.1610,6.2620
62372.3150,0,3.4560,7.1130,6.2550
62422.2870,0,3.4680,7.1770,6.2420
62472.2650,0,3.4470,7.2120,6.2120
62522.2460,0,3.4620,7.2090,6.2300
62572.2250,0,3.4660,7.1040,6.2410
62622.2030,0,3.4320,7.1840,6.2470
62672.1800,0,3.4060,7.1160,6.2660
62722.1580,0,3.4650,7.1280,6.2450
62772.1370,0,3.4400,7.0800,6.2510
62822.1130,0,3.4190,7.0560,6.2640
62872.0920,0,3.4940,7.0980,6.1900
62922.0670,0,3.4330,7.0290,6.2210
62972.0460,0,3.4690,7.0920,6.2530
63022.0240,0,3.4570,7.1100,6.2470
63072.0010,0,3.4690,7.1190,6.2270
63121.9810,0,3.4670,7.1230,6.2580
63171.9530,0,3.4090,7.0910,6.2380
63221.9370,0,3.4820,7.1210,6.2500
63271.9100,0,3.4340,7.1060,6.2460
63321.8920,0,3.4450,7.0660,6.2580
63371.8700,0,3.4130,7.0930,6.2280
63421.8450,0,3.4990,7.1350,6.2840
63471.8250,0,3.4370,7.1550,6.2230
63521.8040,0,3.4790,7.1240,6.2590
63571.7800,0,3.4370,7.1630,6.2490
63621.7550,0,3.4730,7.1530,6.2730
63671.7380,0,3.4160,7.1280,6.2550
63721.7130,0,3.4430,7.1260,6.2670
63771.6900,0,3.4750,7.1240,6.2480
63821.6700,0,3.4380,7.1170,6.2110
63871.6430,0,3.4310,7.1510,6.2530
63921.6220,0,3.4130,7.0960,6.2720
63971.6020,0,3.4580,7.0970,6.2960
64021.5810,0,3.4290,7.0880,6.2190
64071.5540,0,3.4430,7.1690,6.2790
64121.5340,0,3.4610,7.1840,6.2050
64171.5100,0,3.4660,7.1770,6.2330
64221.4890,0,3.4180,7.2090,6.2500
64271.4690,0,3.4200,7.1400,6.2260
64321.4490,0,3.4580,7.1010,6.2320
64371.4280,0,3.4140,7.1190,6.2630
64421.4000,0,3.4250,7.1100,6.2140
64471.3810,0,3.4370,7.1280,6.2060
64521.3550,0,3.4540,7.1680,6.2720
64571.3330,0,3.4390,7.1320,6.2520
64621.3160,0,3.4560,7.1150,6.2320
64671.2910,0,3.4370,7.0750,6.2640
64721.2720,0,3.4790,7.1300,6.2300
64771.2410,0,3.4540,7.1640,6.2230
64821.2220,0,3.4210,7.1500,6.2470
64871.2010,0,3.4500,7.1220,6.2070
64921.1800,0,3.4770,7.1220,6.2360
64971.1600,0,3.4850,7.1520,6.1720
65021.1360,0,3.4180,7.0970,6.2640
65071.1160,0,3.4350,7.1070,6.2610
65121.0950,0,3.4400,7.0910,6.2540
65171.0680,0,3.4750,7.0690,6.2340
65221.0480,0,3.4470,7.0590,6.2420
65271.0240,0,3.4530,7.1900,6.2120
65321.0060,0,3.4570,7.1750,6.2530
65370.9830,0,3.4740,7.1780,6.2360
65420.9580,0,3.4560,7.1540,6.2330
65470.9360,0,3.4210,7.1410,6.2460
65520.9130,0,3.4700,7.1240,6.2410
65570.8900,0,3.4460,7.1360,6.3020
65620.8690,0,3.4490,7.0950,6.2850
65670.8450,0,3.4200,7.0630,6.3060
65720.8280,0,3.4590,7.1160,6.2180
65770.8030,0,3.4410,7.0880,6.2230
65820.7790,0,3.4200,7.1810,6.2190
65870.7600,0,3.4590,7.1510,6.2340
65920.7340,0,3.4570,7.1130,6.2800
65970.7170,0,3.4520,7.1370,6.2510
66020.6950,0,3.4920,7.1360,6.2330
66070.6710,0,3.4420,7.1400,6.2350
66120.6450,0,3.4680,7.0860,6.2430
66170.6270,0,3.4380,7.1140,6.2480
66220.6070,0,3.4690,7.1370,6.2490
66270.5800,0,3.4780,7.1070,6.2400
66320.5620,0,3.4490,7.1310,6.2540
66370.5400,0,3.4390,7.1360,6.2250
66420.5160,0,3.4520,7.1360,6.2330
66470.4900,0,3.4580,7.1640,6.2550
66520.4730,0,3.4320,7.1710,6.2200
66570.4500,0,3.4550,7.1670,6.2150
66620.4280,0,3.4280,7.1340,6.2620
66670.4040,0,3.4070,7.1350,6.2640
66720.3830,0,3.4480,7.1850,6.2670
66770.3600,0,3.4490,7.1350,6.2190
66820.3380,0,3.4760,7.0900,6.2220
66870.3170,0,3.4350,7.1160,6.2230
66920.2910,0,3.4730,7.1120,6.2190
66970.2730,0,3.4820,7.1090,6.2470
67020.2490,0,3.4800,7.0990,6.2300
67070.2290,0,3.4510,7.1160,6.2340
67120.2020,0,3.4560,7.0520,6.2470
67170.1790,0,3.4260,7.1140,6.2810
67220.1630,0,3.4580,7.1310,6.2210
67270.1360,0,3.4240,7.1700,6.2120
67320.1190,0,3.4480,7.1450,6.3030
67370.0910,0,3.4140,7.0870,6.2500
67420.0710,0,3.4230,7.0970,6.2280
67470.0520,0,3.4210,7.0770,6.2450
67520.0300,0,3.4450,7.1060,6.2300
67570.0020,0,3.4660,7.1520,6.2630
67619.9810,0,3.4570,7.1140,6.2060
67669.9640,0,3.4440,7.1380,6.2280
67719.9390,0,3.4910,7.1790,6.2530
67769.9170,0,3.4570,7.2360,6.2760
67819.8930,0,3.4540,7.1940,6.2890
67869.8750,0,3.4380,7.2290,6.2710
67919.8530,0,3.4240,7.1330,6.2470
67969.8280,0,3.4650,7.1450,6.2740
68019.8050,0,3.4300,7.1720,6.2340
68069.7840,0,3.4220,7.1390,6.2700
68119.7630,0,3.4200,7.1970,6.2290
68169.7400,0,3.4300,7.1880,6.2220
68219.7170,0,3.4650,7.1540,6.2240
68269.6940,0,3.4080,7.1160,6.2090
68319.6750,0,3.4470,7.1540,6.1850
68369.6530,0,3.4440,7.1460,6.2440
68419.6310,0,3.4720,7.1500,6.2270
68469.6030,0,3.4470,7.1460,6.2280
68519.5820,0,3.4160,7.1210,6.2610
68569.5620,0,3.4430,7.1760,6.2040
68619.5400,0,3.4420,7.1570,6.2830
68669.5140,0,3.4080,7.1110,6.2210
68719.4950,0,3.4270,7.1430,6.2050
68769.4700,0,3.4810,7.1820,6.2550
68819.4540,0,3.4490,7.1990,6.2810
68869.4260,0,3.4080,7.2220,6.2510
68919.4060,0,3.4550,7.2260,6.2550
68969.3820,0,3.4260,7.1570,6.2450
69019.3620,0,3.4220,7.1880,6.2290
69069.3380,0,3.4500,7.1480,6.2470
69119.3150,0,3.4310,7.1050,6.2240
69169.2960,0,3.4230,7.0970,6.2230
69219.2730,0,3.4430,7.1460,6.2520
69269.2530,0,3.4390,7.0900,6.2960
69319.2300,0,3.4410,7.0570,6.2790
69369.2100,0,3.4570,7.0430,6.2500
69419.1880,0,3.4500,7.0660,6.2870
69469.1610,0,3.4690,7.0980,6.2380
69519.1370,0,3.4490,7.0930,6.2630
69569.1210,0,3.4370,7.0990,6.2230
69619.0930,0,3.4510,7.1030,6.2030
69669.0720,0,3.4550,7.1470,6.2080
69719.0500,0,3.3980,7.0870,6.2520
69769.0290,0,3.4200,7.1080,6.2440
69819.0080,0,3.4210,7.1340,6.1980
69868.9820,0,3.4660,7.1440,6.2420
69918.9640,0,3.4910,7.1150,6.2230
69968.9410,0,3.4960,7.0890,6.2270
70018.9180,0,3.4460,7.0970,6.2340
70068.8940,0,3.4520,7.0560,6.2890
70118.8720,0,3.4410,7.0600,6.2340
70168.8530,0,3.4390,7.0690,6.2600
70218.8320,0,3.4210,7.0910,6.2600
70268.8080,0,3.4290,7.1030,6.2580
70318.7870,0,3.4360,7.1400,6.2720
70368.7640,0,3.4160,7.1470,6.2310
70418.7410,0,3.4130,7.1050,6.2860
70468.7220,0,3.4340,7.1560,6.1950
70518.6950,0,3.4470,7.0990,6.2240
70568.6750,0,3.4180,7.1160,6.2350
70618.6540,0,3.4190,7.1020,6.2650
70668.6330,0,3.4460,7.0870,6.2020
70718.6110,0,3.4660,7.0670,6.2020
70768.5850,0,3.4490,7.0980,6.2150
70818.5640,0,3.4650,7.0850,6.2170
70868.5450,0,3.4510,7.0770,6.2290
70918.5170,0,3.4650,7.0990,6.2840
70968.4980,0,3.4650,7.0900,6.2480
71018.4760,0,3.4820,7.1770,6.2240
71068.4510,0,3.4440,7.1780,6.2320
71118.4330,0,3.4430,7.1940,6.2310
71168.4100,0,3.4270,7.1740,6.2010
71218.3860,0,3.4300,7.1070,6.2250
71268.3610,0,3.4260,7.1750,6.2370
71318.3420,0,3.3920,7.1720,6.2300
71368.3170,0,3.4130,7.1260,6.1980
71418.2980,0,3.4470,7.1770,6.2340
71468.2760,0,3.4530,7.1270,6.2340
71518.2560,0,3.4720,7.1040,6.2170
71568.2320,0,3.4020,7.1760,6.2450
71618.2070,0,3.4350,7.1300,6.2290
71668.1900,0,3.4250,7.1270,6.1770
71718.1680,0,3.4540,7.1290,6.1980
71768.1390,0,3.4610,7.0670,6.2030
71818.1230,0,3.4240,7.1010,6.2940
71868.0960,0,3.4400,7.0730,6.2080
71918.0770,0,3.4670,7.0830,6.2620
71968.0550,0,3.4660,7.1310,6.2550
72018.0330,0,3.4160,7.0730,6.2440
72068.0100,0,3.4290,7.1310,6.1980
72117.9890,0,3.4580,7.1320,6.2230
72167.9640,0,3.4170,7.1480,6.2510
72217.9430,0,3.4420,7.1160,6.2290
72267.9210,0,3.4480,7.1100,6.2870
72317.9010,0,3.4480,7.1040,6.2100
72367.8730,0,3.4170,7.0850,6.1690
72417.8510,0,3.4020,7.0860,6.2700
72467.8340,0,3.4700,7.0860,6.2480
72517.8080,0,3.4390,7.0890,6.2470
72567.7840,0,3.4510,7.0170,6.2270
72617.7660,0,3.4410,7.0430,6.2110
72667.7430,0,3.4690,7.0200,6.2320
72717.7220,0,3.4790,7.0280,6.2300
72767.6960,0,3.4490,7.0830,6.2160
72817.6760,0,3.4660,7.1000,6.2510
72867.6540,0,3.4320,7.0760,6.2020
72917.6340,0,3.4190,7.0400,6.2150
72967.6060,0,3.4630,7.0440,6.2570
73017.5900,0,3.4740,7.0620,6.2480
73067.5650,0,3.4590,6.9920,6.2500
73117.5410,0,3.4680,6.9850,6.2720
73167.5210,0,3.4360,7.0090,6.2600
73217.4980,0,3.4570,7.0620,6.2400
73267.4740,0,3.4260,7.0440,6.2350
73317.4500,0,3.4630,7.0730,6.2210
73367.4290,0,3.4050,7.0840,6.2110
73417.4110,0,3.4550,7.0570,6.2900
73467.3900,0,3.4760,7.0850,6.2540
73517.3620,0,3.4190,7.0560,6.2220
73567.3400,0,3.4430,7.0880,6.2570
73617.3170,0,3.4410,7.0690,6.2450
73667.2970,0,3.4530,7.0310,6.2020
73717.2760,0,3.4450,7.0540,6.2130
73767.2550,0,3.4110,7.0400,6.2250
73817.2310,0,3.4770,7.0590,6.2260
73867.2060,0,3.4550,7.0730,6.1840
73917.1840,0,3.4330,7.1180,6.2420
73967.1630,0,3.4510,7.1290,6.2480
74017.1390,0,3.4210,7.1420,6.2460
74067.1170,0,3.4640,7.2020,6.2410
74117.0970,0,3.4270,7.2170,6.2560
74167.0760,0,3.4630,7.1950,6.2750
74217.0490,0,3.3580,7.2310,6.2450
74267.0280,0,3.4540,7.2370,6.2250
74317.0060,0,3.4150,7.2040,6.2110
74366.9840,0,3.4200,7.1830,6.1950
74416.9660,0,3.3920,7.1800,6.2110
74466.9420,0,3.4490,7.1810,6.2550
74516.9180,0,3.4210,7.2100,6.2440
74566.8950,0,3.4400,7.1890,6.2160
74616.8710,0,3.4850,7.1740,6.2300
74666.8520,0,3.4330,7.1170,6.2430
74716.8310,0,3.4080,7.0950,6.2480
74766.8050,0,3.4110,7.1460,6.2420
74816.7840,0,3.4460,7.2230,6.2520
74866.7650,0,3.4100,7.1050,6.2100
74916.7390,0,3.4030,7.1580,6.2570
74966.7220,0,3.4580,7.1170,6.2150
75016.6950,0,3.4330,7.1010,6.2650
75066.6720,0,3.4700,7.1220,6.2120
75116.6550,0,3.4330,7.0440,6.1730
75166.6270,0,3.4690,7.0140,6.2210
75216.6050,0,3.4530,7.0110,6.1890
75266.5830,0,3.4100,7.0920,6.2420
75316.5630,0,3.4340,7.0480,6.2430
75366.5430,0,3.4210,7.0570,6.2540
75416.5210,0,3.4470,7.0610,6.2560
75466.4970,0,3.3870,7.0740,6.2700
75516.4750,0,3.4630,7.0840,6.2530
75566.4520,0,3.4270,7.0390,6.2380
75616.4310,0,3.4240,7.0250,6.2300
75666.4050,0,3.4680,7.0110,6.2240
75716.3880,0,3.3860,7.0370,6.2320
75766.3660,0,3.4210,7.0670,6.2630
75816.3420,0,3.4060,7.0090,6.2220
75866.3200,0,3.4200,7.0250,6.2110
75916.2960,0,3.4730,7.0520,6.2620
75966.2770,0,3.4410,7.0720,6.2320
76016.2510,0,3.4260,7.1120,6.2340
76066.2320,0,3.4120,7.0930,6.2560
76116.2050,0,3.4890,7.0760,6.2500
76166.1870,0,3.4340,7.0360,6.2640
76216.1630,0,3.4070,7.0910,6.2560
76266.1410,0,3.3860,7.0770,6.2340
76316.1150,0,3.4460,7.1220,6.2550
76366.0930,0,3.3880,7.0830,6.2250
76416.0710,0,3.4290,7.1370,6.2750
76466.0500,0,3.4380,7.1180,6.2220
76516.0270,0,3.3870,7.1720,6.2360
76566.0060,0,3.4490,7.1330,6.1880
76615.9830,0,3.4350,7.1330,6.2300
76665.9610,0,3.4520,7.1090,6.2490
76715.9410,0,3.4180,7.1200,6.2280
76765.9190,0,3.4140,7.0530,6.2300
76815.8980,0,3.4760,7.0800,6.2100
76865.8710,0,3.4430,7.1030,6.2480
76915.8490,0,3.4320,7.0860,6.2020
76965.8260,0,3.4560,7.0920,6.2640
77015.8050,0,3.4190,7.0630,6.2030
77065.7850,0,3.4350,7.0880,6.2450
77115.7660,0,3.4060,7.1080,6.2220
77165.7390,0,3.4450,7.1150,6.2270
77215.7180,0,3.4310,7.1430,6.2060
77265.6990,0,3.4530,7.1310,6.2520
77315.6710,0,3.4690,7.0810,6.2260
77365.6480,0,3.4290,7.1410,6.2260
77415.6260,0,3.4340,7.1240,6.2270
77465.6060,0,3.4280,7.0930,6.2300
77515.5830,0,3.4890,7.0920,6.2500
77565.5620,0,3.4620,7.1110,6.2270
77615.5390,0,3.4480,7.0650,6.2450
77665.5200,0,3.4080,7.0780,6.2570
77715.4940,0,3.4670,7.1040,6.2740
77765.4740,0,3.3900,7.1380,6.2770
77815.4510,0,3.4380,7.1550,6.2450
77865.4270,0,3.4410,7.1700,6.2850
77915.4040,0,3.4360,7.1200,6.2270
77965.3850,0,3.4010,7.0800,6.2700
78015.3640,0,3.4070,7.0620,6.2320
78065.3370,0,3.4420,7.0680,6.2360
78115.3190,0,3.4360,7.0440,6.2320
78165.2960,0,3.4120,7.1160,6.2110
78215.2750,0,3.4310,7.1210,6.2030
78265.2480,0,3.4390,7.0680,6.2190
78315.2300,0,3.4240,7.1390,6.1970
78365.2060,0,3.4170,7.0650,6.2220
78415.1830,0,3.4250,7.1020,6.2260
78465.1610,0,3.4280,7.0830,6.2160
78515.1370,0,3.4010,7.0590,6.2480
78565.1170,0,3.4370,7.0640,6.2100
78615.0920,0,3.4360,7.0940,6.2260
78665.0720,0,3.4600,7.1150,6.2460
78715.0480,0,3.4990,7.1560,6.2540
78765.0260,0,3.4110,7.1310,6.2450
78815.0060,0,3.4080,7.1020,6.2330
78864.9840,0,3.3950,7.0580,6.2970
78914.9590,0,3.4430,7.1070,6.2120
78964.9370,0,3.4390,7.0650,6.2610
79014.9180,0,3.4260,7.0390,6.2540
79064.8980,0,3.3690,7.0780,6.2250
79114.8740,0,3.4140,7.0380,6.2920
79164.8470,0,3.4560,7.0280,6.2450
79214.8310,0,3.4600,7.0630,6.2340
79264.8020,0,3.4200,7.0860,6.2330
79314.7840,0,3.4390,7.0860,6.2580
79364.7620,0,3.4330,7.0650,6.2380
79414.7420,0,3.4400,7.0740,6.2280
79464.7190,0,3.4350,7.0920,6.2220
79514.6940,0,3.4280,7.1090,6.2400
79564.6690,0,3.4460,7.1170,6.2370
79614.6500,0,3.4580,7.0540,6.2430
79664.6260,0,3.4510,7.0850,6.2110
79714.6080,0,3.4200,7.1320,6.2210
79764.5800,0,3.4190,7.0720,6.1970
79814.5620,0,3.4010,7.0050,6.2100
79864.5360,0,3.3840,7.0920,6.2630
79914.5150,0,3.4140,7.0290,6.2320
79964.4940,0,3.4350,7.0670,6.2500
80014.4720,0,3.4420,7.1150,6.2770
80064.4500,0,3.4530,7.0910,6.2510
80114.4300,0,3.3910,7.0720,6.2000
80164.4070,0,3.4730,7.1140,6.2090
80214.3840,0,3.4420,7.0920,6.2150
80264.3610,0,3.3960,7.1020,6.2630
80314.3360,0,3.4250,7.0900,6.2520
80364.3150,0,3.4490,7.0910,6.2310
80414.2920,0,3.4170,7.1280,6.2110
80464.2700,0,3.4370,7.1740,6.2410
80514.2490,0,3.4240,7.1770,6.2070
80564.2250,0,3.4730,7.1680,6.2450
80614.2040,0,3.4870,7.1380,6.2140
80664.1800,0,3.4680,7.1060,6.2970
80714.1640,0,3.4580,7.0920,6.2310
80764.1390,0,3.4190,7.1050,6.2530
80814.1120,0,3.4430,7.0890,6.2380
80864.0950,0,3.4080,7.1020,6.2130
80914.0690,0,3.4230,7.2120,6.2270
80964.0480,0,3.4450,7.2020,6.2830
81014.0250,0,3.4060,7.2440,6.2580
81064.0060,0,3.4370,7.2660,6.2460
81113.9810,0,3.4250,7.2410,6.2620
81163.9590,0,3.3900,7.2360,6.2310
81213.9380,0,3.4130,7.2450,6.2270
81263.9170,0,3.4220,7.2840,6.2690
81313.8940,0,3.3920,7.2310,6.2540
81363.8720,0,3.4410,7.2600,6.2260
81413.8470,0,3.3660,7.2750,6.2740
81463.8260,0,3.4470,7.2730,6.1990
81513.8040,0,3.4470,7.2600,6.2550
81563.7820,0,3.4220,7.1870,6.2600
81613.7610,0,3.4280,7.2300,6.1930
81663.7410,0,3.4020,7.2650,6.2480
81713.7160,0,3.4420,7.1890,6.2370
81763.6910,0,3.4220,7.1790,6.2230
81813.6670,0,3.4290,7.2100,6.2440
81863.6500,0,3.4130,7.2250,6.2200
81913.6260,0,3.4350,7.1690,6.1830
81963.6060,0,3.4100,7.1700,6.2380
82013.5840,0,3.4380,7.1680,6.2790
82063.5570,0,3.4320,7.1440,6.2300
82113.5340,0,3.4570,7.1170,6.2200
82163.5160,0,3.4180,7.1110,6.1890
82213.4950,0,3.4080,7.0800,6.2090
82263.4680,0,3.3740,7.1030,6.2220
82313.4480,0,3.4380,7.0780,6.2320
82363.4270,0,3.4320,7.0740,6.2550
82413.4010,0,3.4560,7.1000,6.2140
82463.3790,0,3.4420,7.0850,6.2380
82513.3590,0,3.3910,7.0490,6.2120
82563.3380,0,3.4300,7.0980,6.2400
82613.3160,0,3.4220,7.1280,6.2490
82663.2900,0,3.4280,7.1110,6.2280
82713.2720,0,3.4570,7.1420,6.2120
82763.2450,0,3.4220,7.2180,6.2190
82813.2250,0,3.4110,7.1420,6.2150
82863.2020,0,3.4660,7.1440,6.2170
82913.1810,0,3.4320,7.1740,6.2220
82963.1620,0,3.4300,7.1110,6.2660
83013.1350,0,3.4280,7.1220,6.2070
83063.1110,0,3.4060,7.1650,6.2490
83113.0910,0,3.4290,7.1060,6.2200
83163.0710,0,3.3840,7.1510,6.2520
83213.0470,0,3.4240,7.1620,6.2620
83263.0250,0,3.4120,7.1120,6.2660
83313.0050,0,3.4040,7.0760,6.2360
83362.9790,0,3.4270,7.0170,6.2220
83412.9580,0,3.4400,7.0780,6.2180
83462.9380,0,3.3990,7.0750,6.2040
83512.9170,0,3.4030,7.0700,6.2610
83562.8890,0,3.4470,7.0360,6.1840
83612.8710,0,3.4540,7.0100,6.2790
83662.8450,0,3.4230,7.0860,6.2280
83712.8230,0,3.4160,7.1220,6.2090
83762.8040,0,3.4170,7.1180,6.2610
83812.7840,0,3.4760,7.0930,6.2300
83862.7600,0,3.4260,7.1370,6.2730
83912.7390,0,3.4410,7.1310,6.2440
83962.7110,0,3.4340,7.1170,6.2000
84012.6900,0,3.3780,7.0730,6.2250
84062.6720,0,3.4190,7.1030,6.2010
84112.6440,0,3.4150,7.0810,6.2180
84162.6260,0,3.4270,7.0740,6.2050
84212.6010,0,3.4250,7.0570,6.2230
84262.5770,0,3.4280,7.0420,6.2170
84312.5600,0,3.3950,7.0760,6.2500
84362.5320,0,3.4330,7.0650,6.3090
84412.5140,0,3.4440,7.0750,6.2310
84462.4890,0,3.4270,7.0110,6.2610
84512.4680,0,3.4460,6.9980,6.2240
84562.4460,0,3.4010,7.0120,6.2240
84612.4240,0,3.4360,7.0560,6.2300
84662.4020,0,3.4320,7.0570,6.1920
84712.3790,0,3.4580,7.0600,6.2100
84762.3560,0,3.4390,7.0610,6.1970
84812.3370,0,3.4750,7.0800,6.2520
84862.3150,0,3.4320,7.0110,6.2260
84912.2910,0,3.4460,7.0690,6.2110
84962.2670,0,3.4190,7.0690,6.2130
85012.2490,0,3.4150,7.0670,6.2320
85062.2240,0,3.4220,7.0450,6.2320
85112.2020,0,3.4080,7.0780,6.2260
85162.1760,0,3.4620,7.0380,6.2230
85212.1590,0,3.4170,7.0670,6.2110
85262.1360,0,3.4330,7.0470,6.2310
85312.1150,0,3.4100,7.0570,6.2180
85362.0870,0,3.4020,7.0350,6.2150
85412.0650,0,3.4090,7.0450,6.2680
85462.0430,0,3.3970,7.0910,6.2130
85512.0220,0,3.4670,7.0640,6.2280
85562.0030,0,3.4600,7.0300,6.2270
85611.9800,0,3.4770,7.0390,6.2470
85661.9560,0,3.4430,7.0250,6.2440
85711.9320,0,3.4340,7.0620,6.2350
85761.9150,0,3.4240,7.0810,6.2500
85811.8910,0,3.4370,7.0910,6.2360
85861.8680,0,3.4350,7.1050,6.2760
85911.8420,0,3.4060,7.0380,6.2430
85961.8200,0,3.4040,7.0550,6.2180
86011.8020,0,3.4540,7.0670,6.1950
86061.7780,0,3.4470,7.0620,6.2550
86111.7550,0,3.4150,7.0200,6.2440
86161.7310,0,3.4600,7.1190,6.2070
86211.7090,0,3.4480,7.0710,6.2000
86261.6910,0,3.4240,7.0900,6.2190
86311.6680,0,3.3970,7.1260,6.2320
86361.6450,0,3.3810,7.1800,6.2130
86411.6220,0,3.4290,7.2430,6.2390
86461.6030,0,3.4060,7.2210,6.2090
86511.5780,0,3.4230,7.2430,6.2380
86561.5580,0,3.4250,7.2370,6.2380
86611.5300,0,3.4160,7.2410,6.2190
86661.5120,0,3.4130,7.1830,6.2350
86711.4920,0,3.4400,7.1120,6.2250
86761.4690,0,3.4150,7.1520,6.2140
86811.4410,0,3.4260,7.1220,6.2170
86861.4210,0,3.4310,7.1010,6.2000
86911.3990,0,3.4050,7.1160,6.2420
86961.3790,0,3.4590,7.1160,6.2560
87011.3540,0,3.4250,7.1260,6.1930
87061.3320,0,3.3970,7.1450,6.2240
87111.3130,0,3.4120,7.1240,6.2470
87161.2860,0,3.4250,7.0900,6.2300
87211.2650,0,3.4190,7.1030,6.2170
87261.2430,0,3.4190,7.1310,6.1970
87311.2210,0,3.4020,7.0830,6.2470
87361.1970,0,3.4400,7.1290,6.1990
87411.1760,0,3.4310,7.1080,6.2370
87461.1550,0,3.4230,7.1130,6.2620
87511.1350,0,3.3700,7.0380,6.2180
87561.1090,0,3.4310,7.0310,6.2250
87611.0880,0,3.4120,7.0430,6.2370
87661.0690,0,3.4590,7.0800,6.2490
87711.0400,0,3.4080,7.0320,6.2400
87761.0200,0,3.3950,7.0880,6.2250
87810.9970,0,3.3890,7.0460,6.1900
87860.9800,0,3.4060,7.0490,6.2280
87910.9560,0,3.4250,7.0410,6.2020
87960.9350,0,3.4350,7.0910,6.1970
88010.9120,0,3.4050,7.0590,6.1840
88060.8880,0,3.4030,7.0660,6.2630
88110.8620,0,3.4090,7.0820,6.2200
88160.8420,0,3.4370,7.1470,6.2700
88210.8240,0,3.4030,7.1190,6.2290
88260.8010,0,3.4120,7.0990,6.2690
88310.7730,0,3.4090,7.0700,6.2460
88360.7510,0,3.4250,7.0960,6.2460
88410.7320,0,3.3910,7.0530,6.2290
88460.7060,0,3.3830,7.0480,6.2290
88510.6840,0,3.4390,7.0750,6.2160
88560.6630,0,3.4170,7.0310,6.2430
88610.6440,0,3.4100,7.0790,6.2360
88660.6200,0,3.4320,7.0310,6.2790
88710.5990,0,3.3980,7.0200,6.2430
88760.5780,0,3.4210,7.0060,6.2340
88810.5510,0,3.4520,7.0660,6.2140
88860.5270,0,3.4180,7.0640,6.2540
88910.5060,0,3.4410,7.1240,6.2460
88960.4860,0,3.3810,7.0510,6.1940
89010.4670,0,3.4180,7.0390,6.2360
89060.4440,0,3.4240,7.0450,6.2220
89110.4210,0,3.4280,7.0100,6.2250
89160.3980,0,3.4120,7.0490,6.2150
89210.3780,0,3.4100,7.0860,6.2330
89260.3520,0,3.4320,7.1130,6.2220
89310.3320,0,3.4180,7.1420,6.2230
89360.3060,0,3.4090,7.1180,6.2210
89410.2870,0,3.4120,7.0880,6.2530
89460.2600,0,3.4150,7.0710,6.2520
89510.2440,0,3.4310,7.0860,6.1590
89560.2170,0,3.4120,7.0180,6.2470
89610.1950,0,3.4040,7.0350,6.2420
89660.1720,0,3.3960,7.0460,6.2350
89710.1540,0,3.3880,7.0380,6.2020
89760.1290,0,3.4300,7.0740,6.2560
89810.1080,0,3.4280,7.1000,6.2240
89860.0860,0,3.4390,7.1050,6.2870
89910.0630,0,3.4250,7.0790,6.2390
89960.0400,0,3.4150,7.0620,6.2350
90010.0190,0,3.4450,7.0470,6.2240
90059.9940,0,3.4400,7.0410,6.2190
90109.9720,0,3.4480,7.0670,6.2000
90159.9550,0,3.3800,7.0500,6.1940
90209.9290,0,3.3890,7.0350,6.2600
90259.9090,0,3.4020,7.0820,6.1940
90309.8830,0,3.4250,7.0410,6.2300
90359.8620,0,3.4150,7.0710,6.2050
90409.8410,0,3.3740,7.0390,6.2270
90459.8150,0,3.4200,7.0480,6.2060
90509.7990,0,3.4060,7.0510,6.1900
90559.7720,0,3.4310,7.0040,6.2230
90609.7530,0,3.4000,7.0390,6.2790
90659.7290,0,3.4450,7.0520,6.2260
90709.7080,0,3.4020,7.0350,6.2370
90759.6820,0,3.4120,7.0060,6.2140
90809.6620,0,3.4010,7.0500,6.2920
90859.6370,0,3.4540,7.1040,6.2290
90909.6200,0,3.4270,7.0310,6.2140
90959.5970,0,3.4490,7.0430,6.2040
91009.5740,0,3.3870,7.0690,6.2470
91059.5530,0,3.4290,7.0180,6.2460
91109.5260,0,3.3840,6.9840,6.2850
91159.5060,0,3.4070,7.0100,6.2310
91209.4850,0,3.4020,6.9760,6.2090
91259.4610,0,3.4270,7.0070,6.2160
91309.4410,0,3.4110,7.0390,6.2350
91359.4180,0,3.3750,7.0360,6.2170
91409.3950,0,3.4280,7.0020,6.2560
91459.3690,0,3.4410,6.9770,6.2290
91509.3490,0,3.4390,7.0080,6.2280
91559.3310,0,3.4360,6.9930,6.2020
91609.3050,0,3.3870,6.9790,6.2450
91659.2810,0,3.4190,7.0070,6.2460
91709.2620,0,3.4290,7.0050,6.2060
91759.2370,0,3.4400,7.0380,6.2230
91809.2170,0,3.3910,7.0120,6.2470
91859.1930,0,3.3940,7.0520,6.2600
91909.1700,0,3.3950,7.0900,6.2570
91959.1490,0,3.4090,7.0370,6.2480
92009.1270,0,3.4170,7.0500,6.2250
92059.1060,0,3.4310,7.0500,6.2060
92109.0810,0,3.4420,7.0630,6.2190
92159.0600,0,3.4190,7.0500,6.2170
92209.0400,0,3.3840,7.0240,6.2040
92259.0130,0,3.3960,7.0410,6.2130
92308.9910,0,3.4190,7.1060,6.2350
92358.9720,0,3.3650,7.1090,6.2280
92408.9470,0,3.4280,7.0660,6.2300
92458.9280,0,3.4330,7.0770,6.1860
92508.9040,0,3.4570,7.0770,6.2030
92558.8800,0,3.4630,7.0350,6.2850
92608.8590,0,3.4170,7.0390,6.1940
92658.8360,0,3.4110,6.9920,6.2640
92708.8170,0,3.4090,7.0540,6.1710
92758.7940,0,3.3960,7.1140,6.2430
92808.7710,0,3.4100,7.0650,6.1880
92858.7470,0,3.3950,7.1140,6.2460
92908.7250,0,3.4150,7.1150,6.2400
92958.7070,0,3.4190,7.0780,6.2590
93008.6830,0,3.4400,7.0990,6.1940
93058.6590,0,3.4090,7.0860,6.2050
93108.6380,0,3.4080,7.0640,6.2690
93158.6160,0,3.4390,7.0590,6.2080
93208.5910,0,3.3640,7.0400,6.2430
93258.5670,0,3.4240,7.0770,6.2530
93308.5510,0,3.4290,7.0630,6.1730
93358.5230,0,3.3860,7.0770,6.2140
93408.5070,0,3.4010,7.0840,6.2140
93458.4810,0,3.4170,7.0190,6.2580
93508.4560,0,3.4550,7.0500,6.2050
93558.4330,0,3.4110,7.0730,6.2480
93608.4120,0,3.3920,7.0510,6.2460
93658.3910,0,3.4120,7.0920,6.2590
93708.3710,0,3.4140,7.0920,6.1960
93758.3440,0,3.4250,7.0900,6.2110
93808.3280,0,3.4200,7.0460,6.2060
93858.3000,0,3.4170,7.0850,6.2550
93908.2790,0,3.4400,7.1150,6.2780
93958.2600,0,3.4050,7.0910,6.2450
94008.2340,0,3.4370,7.0410,6.2260
94058.2140,0,3.3970,7.0480,6.1960
94108.1900,0,3.3860,7.0400,6.3090
94158.1690,0,3.4350,7.0720,6.2330
94208.1450,0,3.3970,7.1080,6.2210
94258.1220,0,3.3890,7.1290,6.1610
94308.1050,0,3.4080,7.2100,6.1960
94358.0800,0,3.4420,7.1560,6.2830
94408.0590,0,3.3740,7.0890,6.2500
94458.0340,0,3.4200,7.1740,6.2360
94508.0120,0,3.3920,7.1780,6.2210
94557.9890,0,3.4060,7.0950,6.2150
94607.9720,0,3.4360,7.0870,6.2890
94657.9480,0,3.4170,7.1210,6.2000
94707.9230,0,3.4010,7.1010,6.2720
94757.9000,0,3.4250,7.1090,6.2400
94807.8810,0,3.3840,7.0840,6.2050
94857.8550,0,3.3760,7.0990,6.1860
94907.8340,0,3.4120,7.0710,6.2510
94957.8160,0,3.3990,7.0660,6.2150
95007.7900,0,3.4640,7.0560,6.2220
95057.7660,0,3.4000,7.0710,6.2230
95107.7450,0,3.4550,7.0560,6.2470
95157.7260,0,3.3880,7.0650,6.2160
95207.7010,0,3.4640,7.0760,6.2450
95257.6750,0,3.4400,7.0980,6.2130
95307.6540,0,3.3800,7.0800,6.2270
95357.6340,0,3.4350,7.1190,6.2210
95407.6100,0,3.4260,7.0920,6.2350
95457.5900,0,3.4290,7.0880,6.2410
95507.5650,0,3.3660,7.0780,6.2060
95557.5460,0,3.4090,7.0720,6.2290
95607.5200,0,3.4220,7.0100,6.2440
95657.4980,0,3.4260,7.0830,6.2270
95707.4750,0,3.4210,7.0590,6.2020
95757.4580,0,3.3970,7.0290,6.2290
95807.4350,0,3.4470,7.0460,6.2360
95857.4130,0,3.4350,7.0180,6.2450
95907.3870,0,3.4040,7.0700,6.2130
95957.3650,0,3.4050,7.0760,6.2070
96007.3470,0,3.3800,7.0790,6.2270
96057.3230,0,3.4400,7.1010,6.2220
96107.3000,0,3.4120,7.1620,6.2240
96157.2760,0,3.4040,7.1410,6.2130
96207.2590,0,3.4160,7.1040,6.2120
96257.2330,0,3.4010,7.0730,6.2650
96307.2100,0,3.4130,7.1010,6.2170
96357.1870,0,3.3900,7.0610,6.2600
96407.1690,0,3.4010,7.0780,6.2420
96457.1440,0,3.3730,7.0180,6.2570
96507.1210,0,3.4440,7.0780,6.2440
96557.1010,0,3.3930,7.0570,6.2290
96607.0810,0,3.4340,7.0350,6.2170
96657.0600,0,3.4300,7.0440,6.2170
96707.0340,0,3.4400,7.0390,6.1820
96757.0120,0,3.4100,7.0140,6.2530
96806.9930,0,3.3900,7.0700,6.2680
96856.9680,0,3.4310,7.0680,6.2430
96906.9490,0,3.4170,7.0390,6.2620
96956.9230,0,3.4290,7.0200,6.2130
97006.9000,0,3.4150,7.0140,6.2190
97056.8770,0,3.3740,7.0300,6.1950
97106.8590,0,3.4170,7.1280,6.2210
97156.8370,0,3.4110,7.1020,6.2180
97206.8170,0,3.4260,7.0730,6.2400
97256.7930,0,3.3880,7.1360,6.2540
97306.7710,0,3.3820,7.0740,6.2020
97356.7440,0,3.4390,7.0930,6.1830
97406.7280,0,3.4600,7.0660,6.1940
97456.7020,0,3.4450,7.0260,6.2460
97506.6830,0,3.4300,7.0380,6.2230
97556.6550,0,3.3950,7.0960,6.2170
97606.6380,0,3.3750,7.0570,6.2350
97656.6130,0,3.4100,7.0720,6.1980
97706.5950,0,3.4350,7.0120,6.2550
97756.5700,0,3.3960,7.0670,6.2220
97806.5450,0,3.4230,7.0590,6.2270
97856.5240,0,3.4120,7.0670,6.2240
97906.5050,0,3.4030,7.1170,6.1820
97956.4810,0,3.4260,7.1220,6.2110
98006.4580,0,3.4470,7.1150,6.2300
98056.4350,0,3.3910,7.0860,6.2140
98106.4180,0,3.3880,7.0930,6.2430
98156.3910,0,3.3930,7.0340,6.2410
98206.3680,0,3.4000,7.0400,6.2480
98256.3490,0,3.4080,7.0450,6.1990
98306.3280,0,3.4130,7.1100,6.2390
98356.3070,0,3.3860,7.0860,6.1920
98406.2780,0,3.4190,7.0860,6.2570
98456.2610,0,3.3880,7.1240,6.2410
98506.2350,0,3.4180,7.1230,6.2070
98556.2160,0,3.4040,7.0800,6.2250
98606.1950,0,3.3990,7.0830,6.2660
98656.1720,0,3.4030,7.0910,6.2020
98706.1520,0,3.4300,7.0620,6.2240
98756.1260,0,3.3860,7.0620,6.2200
98806.1070,0,3.4270,7.0540,6.1990
98856.0810,0,3.3840,7.0570,6.2360
98906.0640,0,3.4170,7.0340,6.2090
98956.0360,0,3.3690,7.1060,6.2310
99006.0180,0,3.4280,7.0520,6.2670
99055.9920,0,3.4220,7.0850,6.2020
99105.9710,0,3.4020,7.0260,6.2560
99155.9470,0,3.4590,7.0040,6.2080
99205.9260,0,3.4130,6.9740,6.2110
99255.9040,0,3.3900,7.0220,6.2380
99305.8820,0,3.3400,6.9780,6.2210
99355.8590,0,3.4030,7.0570,6.2260
99405.8360,0,3.4020,7.0400,6.1800
99455.8180,0,3.4730,7.0470,6.1990
99505.7930,0,3.3780,7.0800,6.2030
99555.7740,0,3.4220,7.0560,6.2360
99605.7480,0,3.4120,7.0320,6.1990
99655.7280,0,3.4340,7.0190,6.2520
99705.7030,0,3.4020,7.0140,6.2580
99755.6830,0,3.3940,7.0340,6.2340
99805.6610,0,3.4400,7.0760,6.2360
99855.6410,0,3.3850,7.0830,6.2180
99905.6140,0,3.3700,7.0540,6.2120
99955.5950,0,3.4040,7.0580,6.2450
100005.5750,0,3.3930,7.0490,6.2100
100055.5540,0,3.4140,7.0660,6.1990
100105.5310,0,3.3910,7.1470,6.2370
100155.5060,0,3.3680,7.1160,6.2570
100205.4860,0,3.4370,7.0430,6.2250
100255.4650,0,3.4060,7.0370,6.2670
100305.4440,0,3.4010,7.0590,6.2490
100355.4150,0,3.4410,7.0500,6.2260
100405.3930,0,3.3990,7.0590,6.2380
100455.3760,0,3.3810,7.0250,6.2030
100505.3490,0,3.3950,7.1280,6.2080
100555.3270,0,3.4190,7.1470,6.2220
100605.3100,0,3.3970,7.0560,6.2560
100655.2820,0,3.4230,7.0670,6.2420
100705.2630,0,3.4220,7.0460,6.1970
100755.2380,0,3.4110,6.9890,6.1830
100805.2200,0,3.3750,6.9640,6.2450
100855.1990,0,3.4290,7.0580,6.2220
100905.1750,0,3.4170,7.0150,6.2280
100955.1550,0,3.4460,6.9960,6.2720
101005.1280,0,3.3890,7.0620,6.2200
101055.1120,0,3.4140,7.0640,6.2410
101105.0860,0,3.3750,7.0450,6.2530
101155.0660,0,3.4390,7.0730,6.1980
101205.0430,0,3.4280,7.0640,6.2450
101255.0220,0,3.4090,7.0690,6.1770
101304.9980,0,3.4430,7.0080,6.2390
101354.9750,0,3.4090,6.9940,6.2180
101404.9500,0,3.3970,7.0370,6.1940
101454.9330,0,3.4060,7.0580,6.2300
101504.9110,0,3.4040,7.0130,6.2000
101554.8860,0,3.4090,7.0000,6.2250
101604.8630,0,3.4000,6.9880,6.2200
101654.8400,0,3.4080,7.0370,6.2360
101704.8200,0,3.3740,7.0380,6.2290
101754.7970,0,3.4420,6.9810,6.2290
101804.7790,0,3.3820,7.0030,6.2350
101854.7560,0,3.3990,7.0130,6.2360
101904.7340,0,3.4000,7.0480,6.2490
101954.7120,0,3.4370,7.0620,6.2040
102004.6890,0,3.4360,7.0280,6.2320
102054.6630,0,3.4080,7.0190,6.2290
102104.6450,0,3.4630,7.0420,6.2350
102154.6240,0,3.3820,7.0110,6.1930
102204.6030,0,3.4050,7.0680,6.2120
102254.5740,0,3.4560,7.1070,6.2380
102304.5570,0,3.4290,7.1060,6.2120
102354.5300,0,3.3480,7.1020,6.2310
102404.5080,0,3.4040,7.1060,6.2690
102454.4910,0,3.3770,7.0870,6.2270
102504.4630,0,3.4130,7.0860,6.2590
102554.4470,0,3.4420,7.0680,6.1950
102604.4240,0,3.4610,7.0700,6.2190
102654.3970,0,3.3870,7.1260,6.2210
102704.3770,0,3.4190,7.0560,6.2120
102754.3540,0,3.3910,7.0330,6.2300
102804.3310,0,3.4310,7.0670,6.2400
102854.3150,0,3.4310,6.9820,6.2260
102904.2910,0,3.4360,7.0510,6.1780
102954.2650,0,3.4300,6.9560,6.2220
103004.2440,0,3.4040,7.0570,6.1830
103054.2250,0,3.3720,7.0480,6.2330
103104.2030,0,3.3770,7.0390,6.2220
103154.1780,0,3.4370,7.0760,6.2460
103204.1540,0,3.3870,7.0470,6.2320
103254.1350,0,3.4390,7.0530,6.2390
103304.1140,0,3.3850,7.0450,6.2540
103354.0880,0,3.4120,7.0350,6.2100
103404.0680,0,3.4290,7.0160,6.2540
103454.0430,0,3.4120,7.0500,6.1790
103504.0250,0,3.3870,7.0810,6.2140
103554.0000,0,3.4110,7.0550,6.2210
103603.9810,0,3.4140,7.0900,6.2060
103653.9570,0,3.3760,7.1170,6.2140
103703.9350,0,3.4240,7.0670,6.2170
103753.9100,0,3.3980,7.0540,6.2330
103803.8900,0,3.4280,7.0260,6.2220
103853.8700,0,3.4240,6.9890,6.1910
103903.8470,0,3.4110,6.9910,6.1700
103953.8230,0,3.4140,7.0110,6.2060
104003.8030,0,3.4380,7.0200,6.2540
104053.7780,0,3.4060,6.9850,6.2230
104103.7560,0,3.4200,7.0020,6.2150
104153.7330,0,3.4380,7.0560,6.2110
104203.7150,0,3.3810,7.0470,6.1900
104253.6940,0,3.4720,7.0160,6.2250
104303.6710,0,3.3640,7.0550,6.2170
104353.6450,0,3.3850,7.0280,6.2030
104403.6280,0,3.3910,6.9980,6.2370
104453.6010,0,3.3770,6.9770,6.1950
104503.5790,0,3.4140,6.9890,6.2690
104553.5580,0,3.4110,6.9540,6.1950
104603.5390,0,3.3530,6.9900,6.1890
104653.5120,0,3.4130,6.9360,6.2260
104703.4950,0,3.4240,6.9750,6.2280
104753.4670,0,3.3870,6.9710,6.2210
104803.4510,0,3.4070,7.0040,6.2260
104853.4230,0,3.4230,6.9820,6.2080
104903.4030,0,3.4390,6.9710,6.2010
104953.3790,0,3.4060,6.9270,6.2320
105003.3600,0,3.4020,6.9610,6.1900
105053.3390,0,3.4090,6.9300,6.2170
105103.3120,0,3.3980,6.9560,6.2110
105153.2910,0,3.4080,6.9290,6.2540
105203.2720,0,3.4240,6.9670,6.2260
105253.2490,0,3.4280,6.9750,6.2590
105303.2260,0,3.4230,7.0350,6.2310
105353.2050,0,3.3730,6.9660,6.2130
105403.1820,0,3.3960,6.9900,6.2560
105453.1640,0,3.4090,7.0530,6.1830
105503.1410,0,3.4060,6.9600,6.2440
105553.1150,0,3.3750,6.9800,6.1990
105603.0960,0,3.4430,6.9680,6.2940
105653.0710,0,3.3480,6.9610,6.2350
105703.0470,0,3.3950,6.9370,6.2120
105753.0290,0,3.4100,7.0020,6.2450
105803.0060,0,3.4240,6.9900,6.2110
105852.9860,0,3.4120,7.0530,6.2200
105902.9600,0,3.4200,7.0650,6.2400
105952.9420,0,3.3930,7.0240,6.2050
106002.9150,0,3.3960,7.0110,6.2760
106052.8960,0,3.3670,6.9950,6.1690
106102.8710,0,3.3830,6.9470,6.2100
106152.8500,0,3.4200,6.9390,6.2380
106202.8260,0,3.3830,6.9380,6.2160
106252.8060,0,3.3930,6.9550,6.2330
106302.7820,0,3.4310,7.0050,6.2020
106352.7640,0,3.3570,7.0550,6.1990
106402.7410,0,3.4150,7.0600,6.2470
106452.7180,0,3.3970,7.0370,6.2630
106502.6960,0,3.3650,7.0530,6.2240
106552.6750,0,3.3690,6.9810,6.2550
106602.6490,0,3.3720,7.0140,6.2320
106652.6310,0,3.3970,6.9730,6.2210
106702.6060,0,3.4170,7.0060,6.1850
106752.5880,0,3.4140,6.9450,6.2040
106802.5620,0,3.4010,6.9440,6.2570
106852.5440,0,3.3780,7.0080,6.1920
106902.5210,0,3.3990,6.9450,6.2290
106952.4940,0,3.4080,7.0270,6.1930
107002.4730,0,3.4010,6.9720,6.2520
107052.4500,0,3.3870,6.9640,6.2300
107102.4290,0,3.4380,6.9730,6.2450
107152.4050,0,3.3930,6.9300,6.2090
107202.3880,0,3.4130,6.9910,6.2720
107252.3620,0,3.3990,6.9620,6.1730
107302.3390,0,3.3930,6.9570,6.2160
107352.3170,0,3.3710,7.0060,6.2220
107402.2940,0,3.3930,6.9320,6.2530
107452.2750,0,3.3950,7.0430,6.2140
107502.2550,0,3.3500,7.0230,6.1970
107552.2340,0,3.3550,7.0380,6.1850
107602.2120,0,3.4050,7.0910,6.2370
107652.1890,0,3.4090,7.0800,6.2330
107702.1650,0,3.3860,7.0990,6.2070
107752.1440,0,3.4090,7.0160,6.2160
107802.1190,0,3.3900,7.0690,6.2080
107852.0970,0,3.4160,7.0500,6.2360
107902.0770,0,3.3270,7.1150,6.2020
107952.0570,0,3.4220,7.1010,6.2290
108002.0300,0,3.3600,7.1030,6.2100
108052.0100,0,3.3610,7.1140,6.2670
108101.9880,0,3.4040,7.0840,6.2840
108151.9640,0,3.4100,7.0060,6.2340
108201.9430,0,3.4010,7.0840,6.2500
108251.9200,0,3.4270,7.0700,6.2330
108301.9000,0,3.4140,7.0360,6.1860
108351.8780,0,3.4040,7.0740,6.2010
108401.8580,0,3.4030,7.0890,6.1890
108451.8360,0,3.4080,7.0620,6.2200
108501.8120,0,3.3790,6.9860,6.2200
108551.7880,0,3.3850,7.0260,6.1990
108601.7630,0,3.3940,7.0650,6.2210
108651.7460,0,3.4100,7.0880,6.2300
108701.7230,0,3.4030,7.0910,6.2030
108751.7030,0,3.4080,7.0680,6.2570
108801.6790,0,3.4120,7.0540,6.2420
108851.6550,0,3.3910,7.0690,6.1870
108901.6340,0,3.4300,7.0360,6.2480
108951.6140,0,3.3760,7.0240,6.1800
109001.5910,0,3.3940,7.0870,6.2020
109051.5680,0,3.4310,7.0890,6.2240
109101.5460,0,3.3900,7.1150,6.2110
109151.5220,0,3.3850,7.0790,6.2500
109201.5010,0,3.3690,7.0600,6.2610
109251.4780,0,3.4020,7.0660,6.2100
109301.4590,0,3.4330,7.0660,6.2010
109351.4350,0,3.3950,7.0410,6.2300
109401.4130,0,3.3940,7.0510,6.1910
109451.3870,0,3.3610,7.0290,6.1830
109501.3690,0,3.4200,7.0070,6.2550
109551.3450,0,3.3580,7.0180,6.2160
109601.3240,0,3.4080,7.0250,6.2390
109651.3040,0,3.4370,6.9540,6.1930
109701.2830,0,3.4020,7.0520,6.2190
109751.2550,0,3.3890,7.0830,6.2480
109801.2340,0,3.3950,6.9860,6.2030
109851.2140,0,3.4140,7.0210,6.2130
109901.1890,0,3.4460,6.9920,6.2260
109951.1710,0,3.4220,6.9970,6.2080
110001.1470,0,3.3980,7.0550,6.2370
110051.1240,0,3.4240,7.0300,6.2240
110101.1010,0,3.3820,6.9710,6.2090
110151.0820,0,3.4140,6.9710,6.2550
110201.0600,0,3.3830,6.9670,6.2250
110251.0370,0,3.4100,6.9880,6.2500
110301.0150,0,3.3880,7.0020,6.1910
110350.9960,0,3.3560,6.9790,6.1700
110400.9730,0,3.4030,7.0380,6.2090
110450.9510,0,3.3840,7.0280,6.2170
110500.9260,0,3.3930,7.0600,6.2280
110550.9050,0,3.4110,7.0760,6.2010
110600.8830,0,3.3710,7.0590,6.2140
110650.8570,0,3.4020,7.1000,6.2250
110700.8380,0,3.4100,7.0970,6.2480
110750.8190,0,3.4050,7.0540,6.2220
110800.7920,0,3.3640,7.0710,6.2100
110850.7690,0,3.4040,7.0310,6.2200
110900.7480,0,3.4080,7.0300,6.2260
110950.7300,0,3.4080,7.0100,6.2270
111000.7070,0,3.4050,7.0600,6.1930
111050.6800,0,3.3710,7.0600,6.2470
111100.6580,0,3.4210,7.1160,6.2520
111150.6420,0,3.4140,7.1210,6.2110
111200.6200,0,3.3860,7.1270,6.2400
111250.5960,0,3.4110,7.0840,6.1970
111300.5730,0,3.3870,7.0680,6.2210
111350.5500,0,3.4150,7.1200,6.2170
111400.5310,0,3.3960,7.1130,6.2680
111450.5060,0,3.4190,7.1120,6.2300
111500.4840,0,3.3810,7.0950,6.2600
111550.4660,0,3.4080,7.1110,6.2700
111600.4420,0,3.3720,7.0580,6.2090
111650.4180,0,3.3940,7.0210,6.2290
111700.3940,0,3.3570,7.0480,6.2150
111750.3720,0,3.3800,7.0220,6.1970
111800.3550,0,3.3840,6.9900,6.2200
111850.3310,0,3.3730,7.0010,6.1920
111900.3070,0,3.3920,6.9970,6.2180
111950.2840,0,3.3970,7.0610,6.2000
112000.2610,0,3.3500,7.0180,6.2410
112050.2440,0,3.4470,6.9920,6.2500
112100.2160,0,3.4270,6.9880,6.2320
112150.1990,0,3.4100,7.0170,6.2610
112200.1770,0,3.3500,7.0520,6.1970
112250.1540,0,3.3900,7.0680,6.2510
112300.1290,0,3.3680,7.1160,6.2320
112350.1120,0,3.4270,7.0700,6.2230
112400.0850,0,3.3700,7.0410,6.2540
112450.0670,0,3.3830,7.0770,6.1810
112500.0430,0,3.3810,6.9930,6.2510
112550.0190,0,3.3900,7.0140,6.2150
112599.9990,0,3.4120,6.9710,6.2380
112649.9790,0,3.3970,7.0400,6.2420
112699.9540,0,3.3990,6.9930,6.2190
112749.9320,0,3.3880,7.0490,6.1840
112799.9080,0,3.3520,7.0190,6.2240
112849.8890,0,3.3800,6.9740,6.2440
112899.8630,0,3.3820,6.9940,6.1990
112949.8440,0,3.3580,6.9710,6.2110
112999.8250,0,3.3830,6.9940,6.2400
113049.7990,0,3.3530,7.0110,6.1890
113099.7800,0,3.3880,7.0020,6.2290
113149.7560,0,3.3970,7.0210,6.2320
113199.7320,0,3.3940,7.0520,6.1960
113249.7140,0,3.3860,7.0300,6.2270
113299.6910,0,3.3980,7.0080,6.2650
113349.6680,0,3.3950,6.9770,6.1880
113399.6450,0,3.4010,7.0180,6.2140
113449.6230,0,3.3480,6.9820,6.2630
113499.6030,0,3.4220,7.0200,6.2160
113549.5790,0,3.3760,6.9670,6.2180
113599.5590,0,3.3990,7.0060,6.2280
113649.5350,0,3.4000,6.9750,6.2020
113699.5140,0,3.3890,7.0170,6.2280
113749.4940,0,3.3790,7.0070,6.2000
113799.4720,0,3.4000,6.9960,6.2040
113849.4470,0,3.3990,6.9910,6.2380
113899.4250,0,3.4180,7.0000,6.2240
113949.4010,0,3.4130,6.9880,6.2150
113999.3820,0,3.4290,6.9740,6.2210
114049.3540,0,3.3760,6.9950,6.2290
114099.3360,0,3.3720,6.9910,6.2270
114149.3170,0,3.3830,7.0010,6.2230
114199.2920,0,3.4090,7.0040,6.2530
114249.2710,0,3.3890,7.0610,6.2210
114299.2440,0,3.4040,7.0690,6.2290
114349.2290,0,3.4110,7.0330,6.2280
114399.2010,0,3.4120,7.0030,6.2490
114449.1830,0,3.4010,7.0170,6.2630
114499.1620,0,3.3720,7.0540,6.2300
114549.1340,0,3.3900,7.0070,6.2470
114599.1180,0,3.4180,7.0100,6.2320
114649.0890,0,3.3780,6.9540,6.2730
114699.0680,0,3.4050,6.9660,6.2530
114749.0520,0,3.4000,6.9580,6.2390
114799.0240,0,3.3870,6.9590,6.2480
114849.0040,0,3.4110,6.9210,6.1980
114898.9840,0,3.3850,6.9830,6.2440
114948.9610,0,3.3630,6.9880,6.2410
114998.9410,0,3.4150,6.9920,6.2400
115048.9160,0,3.4150,6.9970,6.2320
115098.8950,0,3.4000,6.9580,6.2250
115148.8700,0,3.4200,6.9560,6.2490
115198.8500,0,3.4150,6.9930,6.2400
115248.8300,0,3.3770,6.9760,6.2150
115298.8050,0,3.3410,7.0110,6.1980
115348.7850,0,3.3890,7.0000,6.2370
115398.7630,0,3.4130,7.0140,6.2000
115448.7430,0,3.3840,7.0280,6.1960
115498.7170,0,3.4370,7.0130,6.2320
115548.6940,0,3.3730,7.0580,6.2240
115598.6740,0,3.4510,7.0320,6.2350
115648.6480,0,3.4100,6.9760,6.2220
115698.6320,0,3.4110,7.0050,6.1830
115748.6070,0,3.3810,6.9900,6.2090
115798.5840,0,3.4130,6.9600,6.2000
115848.5620,0,3.4100,6.9390,6.2360
115898.5380,0,3.3780,6.8890,6.2210
115948.5190,0,3.3590,6.9620,6.2340
115998.4970,0,3.4220,6.9410,6.2000
116048.4720,0,3.3960,6.9470,6.2020
116098.4540,0,3.4230,6.9660,6.2100
116148.4310,0,3.4020,7.0220,6.2150
116198.4060,0,3.4240,7.0360,6.2290
116248.3830,0,3.3830,7.0030,6.2610
116298.3660,0,3.4140,6.9900,6.1940
116348.3440,0,3.3750,6.9380,6.2240
116398.3180,0,3.3780,6.9610,6.2030
116448.2950,0,3.3830,6.9680,6.2430
116498.2770,0,3.3820,7.0190,6.2070
116548.2530,0,3.4070,7.0010,6.2330
116598.2310,0,3.3940,7.0080,6.2210
116648.2060,0,3.4230,7.0250,6.2460
116698.1840,0,3.4200,7.0230,6.2310
116748.1670,0,3.4020,7.0360,6.2570
116798.1420,0,3.3680,7.1160,6.1820
116848.1190,0,3.3490,7.0780,6.2170
116898.0970,0,3.3490,7.0690,6.2470
116948.0750,0,3.3710,7.0730,6.2370
116998.0520,0,3.3700,7.0750,6.2530
117048.0310,0,3.4140,7.0220,6.2110
117098.0080,0,3.4290,6.9370,6.2480
117147.9870,0,3.3950,6.9890,6.1980
117197.9640,0,3.4040,6.9870,6.2670
117247.9470,0,3.4100,7.0230,6.2500
117297.9200,0,3.3160,7.0430,6.2260
117347.9000,0,3.4100,7.0240,6.2340
117397.8790,0,3.3910,6.9880,6.2530
117447.8540,0,3.3790,7.0270,6.2230
117497.8350,0,3.4040,7.0690,6.2170
117547.8110,0,3.3930,7.0790,6.2270
117597.7880,0,3.3710,7.0370,6.2230
117647.7700,0,3.3780,7.0100,6.2720
117697.7450,0,3.4160,6.9370,6.1850
117747.7220,0,3.3680,7.0140,6.2450
117797.7040,0,3.3880,6.9790,6.1940
117847.6780,0,3.3310,6.9900,6.2250
117897.6580,0,3.4300,6.9830,6.2080
117947.6380,0,3.3680,6.9720,6.2260
117997.6140,0,3.3930,6.9320,6.2250
118047.5930,0,3.4190,6.9110,6.2220
118097.5690,0,3.3840,6.9220,6.2200
118147.5490,0,3.4020,6.9630,6.2360
118197.5220,0,3.3960,6.9900,6.1780
118247.5050,0,3.3880,6.9860,6.2210
118297.4790,0,3.3960,6.9540,6.2250
118347.4570,0,3.4380,6.9460,6.2380
118397.4380,0,3.3720,6.9640,6.2220
118447.4130,0,3.4070,6.9980,6.2270
118497.3900,0,3.4020,6.9510,6.2050
118547.3720,0,3.3830,6.9450,6.1620
118597.3480,0,3.3580,6.9920,6.2250
118647.3260,0,3.4010,7.0140,6.2030
118697.3050,0,3.3700,6.9660,6.2320
118747.2810,0,3.4030,7.0080,6.2300
118797.2590,0,3.4040,7.0190,6.2070
118847.2350,0,3.3670,7.0320,6.2340
118897.2130,0,3.3800,7.0300,6.1980
118947.1960,0,3.4400,7.0210,6.2200
118997.1730,0,3.3790,7.0770,6.2360
119047.1400,0,3.3600,7.0630,6.1940
119097.1300,0,3.4130,7.0100,6.2180
119147.1060,0,3.3970,7.0080,6.2160
119197.0850,0,3.3900,7.0050,6.1850
119247.0600,0,3.3830,7.0580,6.2280
119297.0380,0,3.4120,7.0740,6.2730
119347.0170,0,3.3890,7.0450,6.2310
119396.9930,0,3.4200,7.0100,6.2480
119446.9710,0,3.3970,6.9790,6.2380
119496.9510,0,3.3810,6.9620,6.2800
119546.9260,0,3.3860,7.0000,6.2110
119596.9040,0,3.3760,6.9440,6.1960
119646.8830,0,3.3760,6.9620,6.2370
119696.8610,0,3.4160,6.9470,6.1980
119746.8410,0,3.4020,6.9970,6.2420
119796.8150,0,3.3820,6.9640,6.2230
119846.7970,0,3.3770,6.8800,6.2280
119896.7730,0,3.3630,7.0050,6.2000
119946.7530,0,3.3560,6.9690,6.2110
119996.7300,0,3.4060,7.0300,6.2220
120046.7110,0,3.3740,7.0020,6.2250
120096.6870,0,3.3670,6.9980,6.2200
120146.6630,0,3.4110,6.9530,6.2240
120196.6400,0,3.3730,6.9660,6.2250
120246.6200,0,3.4060,6.9810,6.1960
120296.5990,0,3.3690,6.9710,6.2350
120346.5770,0,3.3610,7.0140,6.2370
120396.5570,0,3.3930,6.9860,6.2130
120446.5330,0,3.3750,7.0000,6.1700
120496.5140,0,3.4120,7.0350,6.2360
120546.4870,0,3.3580,7.1030,6.1960
120596.4640,0,3.3830,6.9930,6.2000
120646.4420,0,3.3990,7.0510,6.2260
120696.4240,0,3.4210,7.0080,6.2490
120746.4040,0,3.3940,6.9510,6.2460
120796.3810,0,3.3450,7.0020,6.2550
120846.3560,0,3.4080,6.9500,6.2280
120896.3360,0,3.3860,7.0200,6.2160
120946.3150,0,3.3910,6.9630,6.2340
120996.2880,0,3.3670,6.9800,6.2290
121046.2700,0,3.3810,6.9740,6.2210
121096.2440,0,3.4330,7.0030,6.2160
121146.2270,0,3.3780,6.9250,6.2610
121196.2050,0,3.3950,6.9200,6.2250
121246.1840,0,3.4230,6.9360,6.2040
121296.1620,0,3.3570,6.9590,6.1670
121346.1370,0,3.3960,6.9230,6.1840
121396.1130,0,3.3920,6.9800,6.2330
121446.0970,0,3.3970,6.9830,6.1820
121496.0710,0,3.3490,7.0070,6.2350
121546.0500,0,3.4040,6.9400,6.2500
121596.0290,0,3.4040,6.9550,6.2400
121646.0040,0,3.3720,6.9680,6.1970
121695.9870,0,3.4140,7.0290,6.2380
121745.9640,0,3.4000,6.9930,6.2600
121795.9420,0,3.4110,6.9570,6.2250
121845.9170,0,3.3800,7.0110,6.2320
121895.8980,0,3.3760,6.9900,6.2340
121945.8730,0,3.3650,7.0200,6.2420
121995.8540,0,3.3900,7.0240,6.2360
122045.8320,0,3.3980,6.9610,6.2350
122095.8090,0,3.3910,6.9550,6.2550
122145.7880,0,3.4110,6.9400,6.1750
122195.7670,0,3.4170,6.9660,6.1910
122245.7450,0,3.4280,6.9480,6.2190
122295.7230,0,3.3630,6.9700,6.2060
122345.7010,0,3.3780,6.9870,6.1890
122395.6660,0,3.3940,7.0030,6.2050
122445.6550,0,3.3820,7.0210,6.2160
122495.6320,0,3.3990,7.0080,6.2050
122545.6120,0,3.4400,6.9780,6.2240
122595.5880,0,3.4160,6.9880,6.1800
122645.5660,0,3.3840,7.0240,6.1690
122695.5460,0,3.3810,7.0420,6.2200
122745.5270,0,3.3980,7.0150,6.2150
122795.5020,0,3.4220,7.0620,6.1950
122845.4790,0,3.4120,7.0510,6.1730
122895.4550,0,3.3450,7.0720,6.2450
122945.4370,0,3.4000,7.0650,6.2180
122995.4120,0,3.3860,7.0310,6.2340
123045.3960,0,3.4010,7.0530,6.1710
123095.3670,0,3.3860,7.0180,6.2190
123145.3500,0,3.3860,7.0220,6.1910
123195.3240,0,3.3630,7.0020,6.2110
123245.3070,0,3.4220,7.0260,6.2260
123295.2840,0,3.4040,7.0160,6.1960
123345.2610,0,3.3820,6.9960,6.2470
123395.2410,0,3.4010,7.0060,6.2220
123445.2180,0,3.3860,6.9940,6.1850
123495.1990,0,3.3910,6.9700,6.2110
123545.1730,0,3.4050,6.9560,6.1720
123595.1550,0,3.4020,6.9740,6.2450
123645.1260,0,3.4550,6.9830,6.2250
123695.1070,0,3.3820,7.0480,6.2320
123745.0870,0,3.4270,7.0040,6.2030
123795.0670,0,3.3130,7.0070,6.2400
123845.0440,0,3.4070,7.0560,6.2100
123895.0200,0,3.4010,7.0020,6.2470
123944.9960,0,3.3530,6.9870,6.2080
123994.9790,0,3.3900,6.9940,6.2130
124044.9560,0,3.4000,6.9890,6.2080
124094.9340,0,3.3590,7.0510,6.2300
124144.9110,0,3.3630,7.0740,6.2320
124194.8900,0,3.3400,7.0710,6.2200
124244.8640,0,3.3810,7.0290,6.2330
124294.8420,0,3.4230,7.0390,6.2190
124344.8230,0,3.3930,6.9790,6.1950
124394.7990,0,3.3880,6.9590,6.2140
124444.7820,0,3.3830,6.9810,6.2160
124494.7600,0,3.4060,6.9550,6.2010
124544.7370,0,3.4070,6.9860,6.1930
124594.7160,0,3.4040,6.9910,6.2430
124644.6890,0,3.4040,7.0310,6.2390
124694.6670,0,3.3910,7.0790,6.1700
124744.6460,0,3.3680,7.0120,6.2110
124794.6290,0,3.4040,7.0170,6.2390
124844.6000,0,3.3860,7.0440,6.1980
124894.5790,0,3.4330,7.0050,6.1860
124944.5580,0,3.3930,6.9790,6.2070
124994.5390,0,3.3710,6.9780,6.2280
125044.5160,0,3.3850,6.9770,6.2170
125094.4970,0,3.3920,6.9830,6.2420
125144.4720,0,3.3930,6.9650,6.2470
125194.4530,0,3.3890,6.9840,6.2060
125244.4320,0,3.3910,6.9830,6.2110
125294.4040,0,3.3930,6.9480,6.2310
125344.3810,0,3.3840,6.9880,6.2260
125394.3640,0,3.3850,6.9690,6.2250
125444.3420,0,3.3960,6.9440,6.1900
125494.3210,0,3.3950,6.9360,6.2170
125544.2990,0,3.3600,6.9650,6.2060
125594.2740,0,3.3810,6.9620,6.2160
125644.2540,0,3.4170,7.0190,6.2200
125694.2350,0,3.3750,6.9770,6.2160
125744.2060,0,3.3940,6.9360,6.2110
125794.1900,0,3.3590,6.9700,6.2390
125844.1630,0,3.3850,6.9760,6.1550
125894.1420,0,3.3810,6.9630,6.2210
125944.1220,0,3.3820,6.9730,6.1810
125994.1020,0,3.3860,7.0270,6.2290
126044.0780,0,3.3870,6.9470,6.2040
126094.0560,0,3.4080,6.9990,6.2060
126144.0350,0,3.4020,6.9500,6.2270
126194.0160,0,3.3790,6.9690,6.1840
126243.9910,0,3.3860,7.0030,6.2260
126293.9680,0,3.3920,7.0380,6.1710
126343.9450,0,3.3560,7.0210,6.2290
126393.9270,0,3.3840,7.0480,6.1980
126443.9010,0,3.3920,7.0610,6.1950
126493.8790,0,3.3700,7.0790,6.1980
126543.8590,0,3.3770,7.0720,6.1720
126593.8360,0,3.3210,7.0040,6.2110
126643.8130,0,3.3580,6.9900,6.2410
126693.7950,0,3.3970,6.9790,6.1940
126743.7720,0,3.3960,7.0450,6.2060
126793.7520,0,3.3730,6.9680,6.2050
126843.7290,0,3.3700,6.9900,6.2280
126893.7030,0,3.4260,7.0070,6.2360
126943.6810,0,3.4110,7.0240,6.2110
126993.6600,0,3.3640,6.9830,6.2040
127043.6380,0,3.3790,7.0280,6.1750
127093.6200,0,3.3730,7.0080,6.2180
127143.5950,0,3.3930,7.0140,6.1830
127193.5730,0,3.3720,6.9900,6.1960
127243.5530,0,3.4370,6.9970,6.1810
127293.5340,0,3.3770,6.9600,6.2690
127343.5070,0,3.3890,6.9190,6.1650
127393.4860,0,3.3850,6.9960,6.2040
127443.4660,0,3.3710,6.9610,6.2050
127493.4440,0,3.3870,6.9790,6.2190
127543.4180,0,3.4370,7.0300,6.1950
127593.3980,0,3.4210,7.0140,6.2260
127643.3780,0,3.3980,6.9650,6.1940
127693.3560,0,3.3860,6.9730,6.2330
127743.3360,0,3.3500,6.9520,6.1830
127793.3120,0,3.3740,6.9680,6.2310
127843.2880,0,3.3710,6.9400,6.2260
127893.2680,0,3.4110,6.9830,6.2060
127943.2440,0,3.3870,7.0130,6.2360
127993.2250,0,3.3860,6.9500,6.2220
128043.2050,0,3.4330,7.0050,6.2140
128093.1810,0,3.3880,6.9430,6.2270
128143.1570,0,3.4230,6.9950,6.1970
128193.1350,0,3.3760,6.9000,6.2240
128243.1130,0,3.4040,6.9830,6.2080
128293.0900,0,3.3880,6.9840,6.2070
128343.0740,0,3.4350,6.9840,6.2250
128393.0480,0,3.3900,6.9610,6.2410
128443.0290,0,3.3650,6.9340,6.2390
128493.0060,0,3.4210,6.9280,6.1990
128542.9820,0,3.3730,6.9290,6.2610
128592.9630,0,3.3530,6.9860,6.1820
128642.9430,0,3.3890,6.9270,6.2610
128692.9150,0,3.3670,6.8890,6.2160
128742.8920,1,3.4050,6.9570,6.2450
128792.8730,0,3.3690,6.9350,6.2060
128842.8540,2,3.3590,6.9820,6.2690
128892.8310,0,3.3640,6.9930,6.2480
128942.8090,1,3.4080,7.0290,6.1960
128992.7870,0,3.3810,7.0760,6.2410
129042.7620,2,3.3810,7.1060,6.1850
129092.7420,0,3.3740,7.0920,6.1610
129142.7190,1,3.3760,7.1570,6.1910
129192.6990,0,3.3330,7.1030,6.1900
129242.6740,2,3.3900,7.1540,6.2270
129292.6580,0,3.3790,7.1950,6.2290
129342.6300,1,3.3980,7.1020,6.2270
129392.6130,0,3.3830,7.1540,6.1900
129442.5870,2,3.3740,7.2070,6.2330
129492.5700,0,3.3810,7.2080,6.2030
129542.5430,1,3.3120,7.2200,6.1590
129592.5220,0,3.3750,7.2120,6.2090
129642.5020,2,3.3850,7.1720,6.1940
129692.4800,0,3.3700,7.1130,6.2270
129742.4560,1,3.3310,7.1780,6.1980
129792.4340,0,3.3790,7.1060,6.1540
129842.4130,2,3.3580,7.1070,6.1930
129892.3940,0,3.4090,7.0790,6.2330
129942.3690,1,3.3600,7.0740,6.1850
129992.3460,0,3.3340,7.0800,6.1620
130042.3280,2,3.4110,7.1170,6.2060
130092.3080,0,3.3670,7.0690,6.1580
130142.2820,1,3.3800,7.0680,6.2450
130192.2580,0,3.3560,7.0750,6.2420
130242.2360,2,3.3820,7.1030,6.2090
130292.2160,0,3.3830,7.0070,6.1880
130342.1950,1,3.3680,7.0680,6.2070
130392.1760,0,3.3420,7.0860,6.2040
130442.1530,2,3.4210,7.0910,6.2050
130492.1310,0,3.3920,7.1210,6.2040
130542.1090,1,3.3500,7.0960,6.2250
130592.0890,0,3.3620,7.1410,6.2090
130642.0610,2,3.3730,7.1120,6.1760
130692.0440,0,3.3670,7.1120,6.1660
130742.0200,1,3.3670,7.0800,6.1940
130791.9960,0,3.3740,7.1520,6.2190
130841.9790,2,3.3560,7.1180,6.1870
130891.9520,0,3.3370,7.1410,6.1790
130941.9300,1,3.3630,7.1210,6.2030
130991.9080,0,3.3570,7.0710,6.2360
131041.8860,2,3.3810,7.1080,6.1720
131091.8700,0,3.3920,7.1040,6.2560
131141.8460,1,3.4310,7.0890,6.2120
131191.8220,0,3.3840,7.0510,6.1960
131241.8030,2,3.3610,7.0730,6.2610
131291.7770,0,3.3370,7.0730,6.2420
131341.7560,1,3.3400,7.0520,6.1580
131391.7350,0,3.4070,7.0850,6.1840
131441.7150,2,3.3760,7.1090,6.1680
131491.6910,0,3.3310,7.1160,6.2220
131541.6720,1,3.3640,7.1130,6.1980
131591.6490,0,3.3820,7.0910,6.2260
131641.6260,2,3.4160,7.0330,6.2600
131691.6070,0,3.3560,7.0900,6.1940
131741.5830,1,3.3700,7.0820,6.2150
131791.5590,0,3.3580,7.0590,6.1880
131841.5410,2,3.4050,7.0660,6.1840
131891.5200,0,3.3960,7.0700,6.2090
131941.4930,1,3.3930,7.0250,6.2580
131991.4690,0,3.3720,7.0500,6.1870
132041.4530,2,3.3670,7.0680,6.1690
132091.4280,0,3.3860,7.0750,6.2300
132141.4060,1,3.4250,7.0960,6.2020
132191.3810,0,3.3730,7.1160,6.2300
132241.3610,2,3.4000,7.0740,6.2260
132291.3370,0,3.3930,7.0960,6.2400
132341.3170,1,3.3790,7.0640,6.1910
132391.2940,0,3.3660,7.0870,6.2050
132441.2700,2,3.3650,7.0330,6.2230
132491.2510,0,3.3730,7.0020,6.1950
132541.2300,1,3.3810,7.0110,6.1650
132591.2060,0,3.3720,7.0010,6.2130
132641.1800,2,3.3810,7.0240,6.1850
132691.1600,0,3.3970,7.0040,6.2200
132741.1350,1,3.3280,6.9800,6.2320
132791.1150,0,3.3750,7.0550,6.1800
132841.0930,2,3.3980,7.0010,6.1890
132891.0730,0,3.3940,7.0120,6.2250
132941.0520,1,3.3490,7.0370,6.2140
132991.0230,0,3.3450,7.0450,6.2040
133041.0090,2,3.3440,7.0620,6.2030
133090.9790,0,3.3420,7.0230,6.1740
133140.9570,1,3.4160,7.0150,6.2230
133190.9380,0,3.3800,6.9990,6.1930
133240.9150,2,3.4130,7.0220,6.1920
133290.8920,0,3.3680,7.0270,6.2420
133340.8690,1,3.3760,7.0010,6.2240
133390.8510,0,3.4220,7.0220,6.1900
133440.8250,2,3.3630,7.0100,6.2290
133490.8030,0,3.3840,7.0920,6.2160
133540.7850,1,3.3600,7.0790,6.1660
133590.7570,0,3.3660,7.0980,6.2450
133640.7340,2,3.4220,7.0590,6.2350
133690.7150,0,3.3870,7.0090,6.2160
133740.6930,1,3.3960,7.0210,6.2420
133790.6680,0,3.3650,6.9790,6.2160
133840.6460,2,3.3940,6.9940,6.1950
133890.6240,0,3.3250,7.0260,6.1940
133940.6050,1,3.3880,7.0060,6.1990
133990.5830,0,3.3730,7.0620,6.2420
134040.5590,0,3.3550,7.0330,6.2240
134090.5350,2,3.3240,6.9690,6.2510
134140.5160,1,3.3880,6.9850,6.1960
134190.4920,0,3.3910,6.9620,6.2050
134240.4660,2,3.4120,7.0000,6.2170
134290.4480,0,3.3620,6.9610,6.2420
134340.4280,1,3.3970,6.9280,6.2080
134390.4030,0,3.3670,6.9600,6.2430
134440.3800,0,3.3900,6.9790,6.2700
134490.3600,2,3.3960,6.9680,6.2220
134540.3320,1,3.3540,6.9860,6.1720
134590.3130,0,3.3700,7.0220,6.2210
134640.2920,2,3.3380,7.0480,6.2040
134690.2680,0,3.3870,7.0340,6.1770
134740.2430,1,3.3790,7.0380,6.2060
134790.2210,0,3.3890,7.0170,6.2250
134840.2040,2,3.3210,7.0200,6.2100
134890.1770,0,3.3530,7.0760,6.2340
134940.1600,1,3.3970,7.0450,6.2390
134990.1340,0,3.3950,7.1100,6.1870
135040.1110,2,3.4010,7.0530,6.2500
135090.0930,0,3.3790,7.0700,6.2150
135140.0700,1,3.3530,7.0360,6.1910
135190.0480,0,3.3730,7.0000,6.2320
135240.0200,2,3.3840,7.0100,6.2390
135289.9980,0,3.3810,6.9780,6.2020
135339.9760,1,3.3700,7.0410,6.2290
135389.9550,0,3.3880,6.9960,6.2200
135439.9310,2,3.3880,7.0080,6.2020
135489.9100,0,3.3920,6.9910,6.2250
135539.8920,0,3.3830,6.9260,6.1740
135589.8690,1,3.3690,7.0280,6.2510
135639.8450,0,3.3870,7.0510,6.1750
135689.8210,2,3.3790,6.9670,6.2320
135739.8010,1,3.3510,7.0340,6.2640
135789.7780,0,3.3900,7.0080,6.1890
135839.7540,2,3.3970,7.0320,6.1930
135889.7320,0,3.3230,7.0390,6.2010
135939.7130,0,3.3850,7.0350,6.2370
135989.6910,1,3.4140,7.0020,6.1970
136039.6650,2,3.3870,6.9400,6.2210
136089.6400,0,3.3960,6.9820,6.2380
136139.6180,1,3.3890,7.0150,6.2200
136189.5990,0,3.4020,6.9810,6.2010
136239.5790,2,3.3650,6.9900,6.2350
136289.5510,0,3.3960,7.0160,6.1850
136339.5300,0,3.3550,6.9590,6.1860
136389.5120,1,3.4070,6.9290,6.2090
136439.4880,2,3.3690,7.0070,6.2110
136489.4680,0,3.3630,6.9370,6.2020
136539.4440,1,3.4000,6.9810,6.2170
136589.4190,0,3.3880,6.9420,6.1810
136639.3980,2,3.3700,6.9510,6.2410
136689.3760,0,3.3610,6.9350,6.2220
136739.3560,0,3.3800,7.0200,6.2360
136789.3310,1,3.4110,7.0090,6.2040
136839.3070,2,3.3920,6.9880,6.2000
136889.2860,0,3.3960,6.9600,6.1530
136939.2610,1,3.3930,6.9380,6.2160
136989.2390,0,3.3950,6.9840,6.2350
137039.2230,0,3.3690,6.9870,6.2660
137089.1970,2,3.3980,7.0640,6.1980
137139.1780,0,3.3820,7.0220,6.2350
137189.1500,1,3.3840,6.9830,6.2140
137239.1330,0,3.3890,6.9700,6.2180
137289.1090,2,3.3420,6.8810,6.1850
137339.0840,1,3.3670,6.9340,6.1780
137389.0630,0,3.3680,6.9250,6.2020
137439.0390,2,3.3690,6.9310,6.1900
137489.0170,0,3.3600,6.9500,6.2340
137538.9940,0,3.3840,6.9900,6.2240
137588.9750,1,3.3530,7.0440,6.2780
137638.9500,0,3.3840,7.0170,6.2230
137688.9290,2,3.3640,7.0410,6.2250
137738.9080,1,3.3730,7.0390,6.1950
137788.8870,0,3.3720,7.0660,6.2030
137838.8650,0,3.4000,7.0400,6.2300
137888.8370,2,3.3670,7.0950,6.2590
137938.8150,0,3.3450,7.0320,6.2660
137988.7960,1,3.3620,7.0400,6.1870
138038.7720,0,3.3340,7.0770,6.1780
138088.7540,2,3.3160,7.0680,6.2060
138138.7320,1,3.3420,7.0700,6.2380
138188.7080,0,3.3670,7.0260,6.1820
138238.6830,0,3.3620,7.0250,6.2110
138288.6590,2,3.3490,7.0200,6.2350
138338.6360,0,3.4140,6.9860,6.2180
138388.6180,1,3.3740,6.9680,6.1960
138438.5910,0,3.3700,6.9660,6.2160
138488.5700,2,3.3990,6.9440,6.2000
138538.5510,1,3.4260,6.9180,6.2240
138588.5260,0,3.3740,6.9740,6.2010
138638.5070,0,3.4160,6.9890,6.2160
138688.4870,2,3.3930,7.0020,6.2210
138738.4580,0,3.3900,6.9550,6.1510
138788.4410,1,3.4120,6.9570,6.1520
138838.4170,0,3.3880,7.0290,6.2270
138888.3970,2,3.3390,6.9900,6.2120
138938.3750,1,3.3680,7.0060,6.2090
138988.3500,0,3.4070,7.0360,6.2060
139038.3230,0,3.3870,7.0560,6.2140
139088.3030,2,3.3840,6.9870,6.1760
139138.2810,0,3.3100,7.0070,6.1990
139188.2620,1,3.3360,7.0160,6.2100
139238.2400,2,3.3950,6.9900,6.1780
139288.2190,0,3.3650,7.0040,6.2270
139338.1930,0,3.3940,7.0370,6.2110
139388.1710,1,3.3510,7.0250,6.2220
139438.1490,0,3.3450,7.0120,6.2250
139488.1230,2,3.3760,7.0510,6.2120
139538.1020,0,3.3900,7.0440,6.2230
139588.0800,1,3.3710,6.9470,6.2310
139638.0590,2,3.3470,7.0450,6.1730
139688.0340,0,3.3610,7.0070,6.2020
139738.0130,0,3.3330,7.0250,6.2070
139787.9890,1,3.4100,7.0060,6.2500
139837.9720,0,3.3770,7.0100,6.2560
139887.9500,2,3.3610,7.0090,6.1810
139937.9250,0,3.4030,6.9850,6.2000
139987.9050,1,3.3650,7.0230,6.1850
140037.8820,2,3.3430,6.9720,6.2080
140087.8570,0,3.3600,6.9660,6.1980
140137.8350,0,3.3650,6.9380,6.2400
140187.8140,1,3.3750,6.9790,6.1830
140237.7890,0,3.3540,6.9510,6.1760
140287.7670,2,3.3740,6.9720,6.2180
140337.7450,0,3.3820,6.9990,6.2050
140387.7230,1,3.3740,7.0050,6.2180
140437.7040,0,3.3670,6.9500,6.1840
140487.6760,2,3.3340,6.9550,6.2010
140537.6550,0,3.3970,6.9850,6.2270
140587.6350,1,3.3750,6.9670,6.2310
140637.6120,0,3.3370,6.9880,6.2150
140687.5890,2,3.3710,6.9190,6.2160
140737.5670,0,3.3710,6.9470,6.1940
140787.5430,1,3.3760,6.9360,6.1690
140837.5230,0,3.3650,6.9800,6.2330
140887.5000,2,3.3300,6.9880,6.1690
140937.4820,0,3.3800,7.0690,6.2340
140987.4540,1,3.3730,7.0940,6.1660
141037.4330,0,3.3600,7.1280,6.1980
141087.4130,2,3.4060,7.0840,6.2530
141137.3880,0,3.3570,7.0890,6.2570
141187.3660,1,3.3400,7.0790,6.1660
141237.3440,0,3.3640,7.0960,6.2380
141287.3230,2,3.3610,7.0370,6.1600
141337.2980,0,3.3800,7.0620,6.1970
141387.2790,1,3.3850,7.0120,6.2110
141437.2540,0,3.3430,7.0530,6.2430
141487.2330,2,3.3850,7.0280,6.1710
141537.2100,0,3.3940,7.0570,6.2020
141587.1890,1,3.3560,7.0530,6.2090
141637.1640,0,3.3700,7.0310,6.2230
141687.1450,2,3.3440,7.0480,6.2300
141737.1190,0,3.3630,7.0520,6.1870
141787.0960,1,3.3570,7.0240,6.1920
141837.0790,0,3.3830,7.0230,6.2030
141887.0520,2,3.3900,7.0190,6.2490
141937.0330,0,3.3600,6.9950,6.2030
141987.0090,1,3.3670,6.9720,6.2140
142036.9850,0,3.3660,6.9640,6.1950
142086.9640,2,3.3850,7.0440,6.2190
142136.9450,0,3.3710,7.0000,6.2150
142186.9220,1,3.3990,6.9900,6.2700
142236.8970,0,3.3670,7.0160,6.2120
142286.8730,2,3.3640,7.0040,6.2050
142336.8540,0,3.3470,6.9930,6.2360
142386.8300,1,3.3920,6.9460,6.2010
142436.8080,0,3.3210,6.9540,6.2310
142486.7870,2,3.3580,6.9650,6.1980
142536.7630,0,3.3750,6.9430,6.2080
142586.7390,1,3.3950,6.9290,6.1860
142636.7190,0,3.3700,6.9400,6.1980
142686.6980,2,3.4070,6.9290,6.1870
142736.6740,0,3.3690,6.9560,6.2100
142786.6530,1,3.3750,6.9820,6.1860
142836.6300,0,3.3610,6.9760,6.2190
142886.6090,2,3.3720,6.9650,6.2220
142936.5840,0,3.3870,6.9370,6.2350
142986.5610,1,3.3930,6.9430,6.1990
143036.5380,0,3.3770,6.9580,6.1980
143086.5210,2,3.3660,6.9250,6.1870
143136.4990,0,3.3870,6.9890,6.1580
143186.4770,1,3.3320,6.9480,6.2380
143236.4490,0,3.3680,6.9770,6.2170
143286.4310,2,3.4110,6.9780,6.2060
143336.4080,0,3.3640,7.0100,6.1780
143386.3860,1,3.3700,7.0200,6.2070
143436.3600,0,3.3710,7.0120,6.2040
143486.3410,2,3.3660,6.9810,6.1870
143536.3170,0,3.3460,6.9790,6.2380
143586.2930,1,3.3510,7.0070,6.1730
143636.2700,0,3.3530,7.0080,6.2360
143686.2480,2,3.3390,6.9430,6.2450
143736.2290,0,3.3520,6.9760,6.1700
143786.2050,1,3.3480,6.9910,6.2380
143836.1850,0,3.3990,7.0240,6.1720
143886.1590,2,3.3390,6.9990,6.2380
143936.1390,0,3.3340,6.9890,6.2440
143986.1180,1,3.3560,7.0010,6.1870
144036.0920,0,3.3400,7.0120,6.2090
144086.0720,2,3.4020,7.0100,6.1980
144136.0500,0,3.3510,6.9860,6.2160
144186.0270,1,3.3570,7.0190,6.2400
144236.0080,0,3.3740,7.0260,6.2120
144285.9820,2,3.3810,7.0030,6.2320
144335.9600,0,3.3710,7.0700,6.1760
144385.9390,1,3.3520,7.0140,6.2480
144435.9220,0,3.3440,7.0490,6.1890
144485.8990,2,3.3160,7.0110,6.1850
144535.8750,0,3.3390,7.0290,6.1790
144585.8510,1,3.3790,7.0200,6.2370
144635.8270,0,3.3560,6.9960,6.1790
144685.8050,2,3.3750,7.0660,6.2160
144735.7830,0,3.3320,7.0690,6.1930
144785.7650,1,3.3770,7.0430,6.1590
144835.7420,0,3.3660,7.0050,6.2050
144885.7200,2,3.3430,7.0320,6.2420
144935.6950,0,3.3370,7.0020,6.1650
144985.6730,1,3.3470,7.0190,6.2150
145035.6530,0,3.3980,7.0460,6.1950
145085.6300,2,3.3850,7.0440,6.2280
145135.6110,0,3.4090,6.9490,6.2130
145185.5900,1,3.3650,6.9450,6.2180
145235.5620,0,3.3600,6.9400,6.2380
145285.5420,2,3.3740,6.9160,6.2020
145335.5220,0,3.4070,6.9740,6.2570
145385.5020,1,3.3850,7.0040,6.2550
145435.4770,0,3.3700,7.0230,6.1910
145485.4560,2,3.3300,7.0550,6.1740
145535.4300,0,3.3630,7.0270,6.2320
145585.4110,1,3.3570,7.0670,6.2080
145635.3910,0,3.3810,7.0470,6.1300
145685.3630,2,3.3780,6.9780,6.2020
145735.3420,0,3.4090,6.9820,6.2200
145785.3210,1,3.3920,6.9560,6.2220
145835.2980,0,3.3900,6.9630,6.2210
145885.2790,2,3.3900,6.9610,6.1950
145935.2540,0,3.3860,6.9040,6.2280
145985.2310,1,3.4090,6.8890,6.2500
146035.2130,0,3.3650,6.9290,6.2120
146085.1880,2,3.3800,6.9100,6.2030
146135.1660,0,3.3820,6.8980,6.2170
146185.1470,1,3.3350,6.9110,6.2040
146235.1250,0,3.3430,6.8870,6.1960
146285.0980,2,3.4130,6.8840,6.2560
146335.0770,0,3.3880,6.9270,6.2220
146385.0590,1,3.3980,6.9470,6.2140
146435.0370,0,3.4060,6.9440,6.2050
146485.0090,2,3.3550,6.9210,6.2010
146534.9920,0,3.3940,6.9200,6.1810
146584.9660,1,3.3660,6.9720,6.2140
146634.9430,0,3.3630,6.9320,6.2030
146684.9220,2,3.3470,6.9310,6.1910
146734.9000,0,3.3480,6.9260,6.1860
146784.8810,1,3.3810,6.9400,6.1940
146834.8540,0,3.3440,6.9450,6.2170
146884.8360,2,3.3850,6.9290,6.1670
146934.8110,0,3.3720,6.9390,6.2030
146984.7920,1,3.3370,6.9340,6.1890
147034.7690,0,3.3610,6.9410,6.2270
147084.7440,2,3.4080,7.0140,6.2270
147134.7250,0,3.3460,7.0650,6.2100
147184.7000,1,3.4010,7.0500,6.2510
147234.6830,0,3.3350,7.0700,6.2320
147284.6590,2,3.3600,7.1080,6.1680
147334.6340,0,3.3570,7.0980,6.1900
147384.6130,1,3.3920,7.0850,6.2310
147434.5950,0,3.3810,7.0920,6.2230
147484.5690,2,3.4070,7.1060,6.1460
147534.5470,0,3.3780,7.0510,6.2190
147584.5260,1,3.3320,7.0760,6.2390
147634.5030,0,3.3820,7.0520,6.1970
147684.4830,2,3.4070,7.0720,6.2000
147734.4570,0,3.4060,7.0580,6.2290
147784.4360,1,3.3530,7.0410,6.2050
147834.4180,0,3.3770,7.0450,6.2000
147884.3930,2,3.3270,7.0250,6.2260
147934.3730,0,3.3410,7.0510,6.2400
147984.3480,1,3.3630,6.9700,6.1900
148034.3290,0,3.3660,6.9500,6.2250
148084.3070,2,3.3540,6.9610,6.2000
148134.2810,0,3.3760,6.9990,6.2030
148184.2640,1,3.3860,7.0150,6.2130
148234.2410,0,3.3490,7.0700,6.2240
148284.2180,2,3.3390,6.9830,6.2250
148334.1950,0,3.3810,7.0530,6.2210
148384.1690,1,3.3950,6.9920,6.2030
148434.1510,0,3.3770,7.0050,6.1930
148484.1280,2,3.3750,6.9810,6.2250
148534.1030,0,3.3520,6.9410,6.2170
148584.0860,1,3.3500,6.9390,6.1730
148634.0650,0,3.3550,6.9480,6.2160
148684.0410,2,3.3210,6.9660,6.1910
148734.0200,0,3.4090,6.9610,6.1850
148783.9960,1,3.3820,6.9480,6.2280
148833.9740,0,3.3660,6.9420,6.2110
148883.9510,2,3.3170,6.9410,6.2080
148933.9320,0,3.3820,6.9690,6.1810
148983.9070,1,3.4080,6.9750,6.1970
149033.8860,0,3.3830,6.9840,6.2130
149083.8640,2,3.3940,6.9900,6.1920
149133.8420,0,3.3270,6.9660,6.2310
149183.8190,1,3.3910,6.9210,6.2070
149233.7940,0,3.4040,6.9910,6.1930
149283.7760,2,3.3900,7.0030,6.2110
149333.7520,0,3.3460,6.9170,6.2060
149383.7290,1,3.3810,6.9920,6.2270
149433.7110,0,3.3880,6.9720,6.1940
149483.6890,2,3.3800,7.0150,6.2470
149533.6640,0,3.3450,6.9720,6.1940
149583.6420,1,3.3240,7.0090,6.1940
149633.6200,0,3.3450,7.0260,6.2040
149683.6000,2,3.3670,7.0530,6.1950
149733.5760,0,3.3830,7.0170,6.2500
149783.5550,1,3.3800,7.0050,6.2280
149833.5310,0,3.3660,6.9900,6.2020
149883.5090,2,3.3920,7.0360,6.1970
149933.4900,0,3.4000,6.9620,6.2330
149983.4680,1,3.3500,6.9830,6.1910
150033.4410,0,3.3540,6.9450,6.1870
150083.4180,2,3.3810,6.9610,6.1980
150133.4000,0,3.3960,6.9400,6.2340
150183.3750,1,3.3470,6.9390,6.1900
150233.3560,0,3.3470,6.9440,6.2140
150283.3320,2,3.3730,6.9930,6.2410
150333.3110,0,3.3590,7.0290,6.1790
150383.2880,1,3.3320,6.9830,6.1910
150433.2680,0,3.3640,6.9690,6.2270
150483.2420,2,3.3710,6.9820,6.2160
150533.2250,0,3.4150,6.9650,6.2020
150583.1960,1,3.3480,6.9880,6.1730
150633.1810,0,3.3730,6.9580,6.1600
150683.1530,2,3.3670,6.9190,6.2500
150733.1320,0,3.3630,6.8940,6.1570
150783.1120,1,3.3640,6.9370,6.2350
150833.0920,0,3.4040,6.8920,6.1870
150883.0690,2,3.3810,6.9040,6.2070
150933.0430,0,3.3870,6.9460,6.1660
150983.0230,1,3.3710,6.9590,6.2150
151032.9980,0,3.3730,6.9430,6.2140
151082.9770,2,3.3670,6.9080,6.2290
151132.9590,0,3.3900,6.9670,6.1870
151182.9380,1,3.3660,6.9590,6.2120
151232.9130,0,3.3340,6.9350,6.2500
151282.8910,2,3.3440,6.9290,6.2290
151332.8670,0,3.3980,6.9620,6.1710
151382.8490,1,3.3650,6.9530,6.1970
151432.8270,0,3.3640,6.9530,6.2150
151482.8010,2,3.3700,6.8870,6.1950
151532.7810,0,3.3660,6.9330,6.2210
151582.7570,1,3.3840,6.9590,6.2250
151632.7380,0,3.3830,7.0230,6.2150
151682.7130,2,3.3420,6.9900,6.2320
151732.6940,0,3.3400,6.9690,6.1760
151782.6670,1,3.3600,6.9680,6.1890
151832.6510,0,3.3490,7.0020,6.2210
151882.6270,2,3.3640,6.9810,6.2060
151932.6020,0,3.3880,6.9580,6.1810
151982.5840,1,3.3570,6.9680,6.1810
152032.5610,0,3.3620,6.9830,6.1500
152082.5350,2,3.4010,6.9490,6.2110
152132.5140,0,3.3390,7.0190,6.1750
152182.4920,1,3.3950,7.0440,6.1900
152232.4700,0,3.3630,7.0090,6.1650
152282.4510,2,3.3580,6.9960,6.2210
152332.4290,0,3.3780,7.0410,6.1570
152382.4020,1,3.3840,7.0190,6.2030
152432.3850,0,3.3570,7.0820,6.2390
152482.3620,2,3.3940,7.0730,6.2180
152532.3410,0,3.3460,7.1010,6.2210
152582.3130,1,3.3840,7.0810,6.1940
152632.2950,0,3.3850,6.9860,6.1930
152682.2720,2,3.3650,6.9710,6.2270
152732.2520,0,3.3750,6.9870,6.2290
152782.2300,1,3.3550,7.0160,6.1990
152832.2080,0,3.3690,6.9560,6.2400
152882.1860,2,3.3410,6.9660,6.1930
152932.1600,0,3.3610,7.0010,6.2160
152982.1360,1,3.3260,6.9940,6.1930
153032.1170,0,3.3360,6.9870,6.2080
153082.0950,2,3.3970,7.0030,6.2330
153132.0760,0,3.3580,7.0410,6.1730
153182.0500,1,3.3740,7.0170,6.2500
153232.0290,0,3.3750,6.9760,6.2340
153282.0080,2,3.3950,6.9990,6.1950
153331.9830,0,3.3460,7.0040,6.2060
153381.9590,1,3.3470,7.0140,6.1980
153431.9390,0,3.3430,6.9760,6.2270
153481.9200,2,3.3380,6.9820,6.1960
153531.8980,0,3.3340,6.9560,6.1660
153581.8730,1,3.3650,6.9690,6.1760
153631.8550,0,3.3970,6.9960,6.2160
153681.8280,2,3.3560,6.9410,6.1930
153731.8080,0,3.3590,6.9990,6.1870
153781.7880,1,3.4050,6.9720,6.2220
153831.7670,0,3.3930,7.0010,6.1740
153881.7410,2,3.3540,6.9690,6.2470
153931.7210,0,3.3460,6.9540,6.1970
153981.7000,1,3.3560,6.9600,6.2310
154031.6780,0,3.3340,6.9770,6.1880
154081.6520,2,3.3700,6.9590,6.2440
154131.6300,0,3.3720,6.9580,6.1990
154181.6080,1,3.3490,6.9470,6.1780
154231.5860,0,3.3700,6.9270,6.2070
154281.5620,2,3.3580,6.9850,6.1730
154331.5450,0,3.3550,7.0150,6.2310
154381.5200,1,3.3460,7.0360,6.1760
154431.4970,0,3.3600,6.9750,6.1790
154481.4750,2,3.3480,7.0500,6.1850
154531.4560,0,3.3480,7.1130,6.1870
154581.4340,1,3.3520,7.0740,6.2100
154631.4100,0,3.3640,7.0690,6.1830
154681.3880,2,3.3570,7.0480,6.2340
154731.3650,0,3.4000,7.0830,6.1840
154781.3470,1,3.3770,7.0640,6.2370
154831.3230,0,3.3940,7.0900,6.2080
154881.2960,2,3.3380,7.1240,6.2160
154931.2740,0,3.3620,7.0700,6.2090
154981.2580,1,3.3230,7.1210,6.2080
155031.2300,0,3.3970,7.0890,6.1940
155081.2120,2,3.3750,7.0320,6.1770
155131.1860,0,3.3580,7.0470,6.1950
155181.1670,1,3.3700,7.0020,6.2380
155231.1420,0,3.3490,7.0170,6.2280
155281.1260,2,3.3750,7.0280,6.1670
155331.1020,0,3.3420,7.0110,6.2060
155381.0760,1,3.3530,6.9920,6.2050
155431.0530,0,3.3310,7.0490,6.2170
155481.0320,2,3.3090,6.9970,6.2120
155531.0140,0,3.3840,6.9640,6.2440
155580.9880,1,3.3280,7.0130,6.2120
155630.9680,0,3.3270,7.0170,6.2230
155680.9480,2,3.3500,6.9650,6.2420
155730.9240,0,3.3650,7.0570,6.2000
155780.8990,1,3.3960,7.0150,6.2360
155830.8760,0,3.3830,7.0350,6.2000
155880.8560,2,3.3270,7.0080,6.2100
155930.8370,0,3.4010,7.0260,6.1680
155980.8110,1,3.3300,7.0100,6.1690
156030.7930,0,3.3940,7.0600,6.2080
156080.7720,2,3.4170,7.0460,6.1810
156130.7460,0,3.3560,7.0170,6.1990
156180.7270,1,3.3750,7.0050,6.1660
156230.7030,0,3.3880,6.9740,6.2010
156280.6850,2,3.3260,6.9810,6.1840
156330.6600,0,3.3560,6.9990,6.1680
156380.6380,1,3.4010,6.9860,6.1940
156430.6200,0,3.3780,6.9740,6.2260
156480.5910,2,3.3470,6.9330,6.2160
156530.5690,0,3.3580,6.9210,6.2120
156580.5510,1,3.3590,6.9410,6.2070
156630.5280,0,3.3510,6.9640,6.1660
156680.5060,2,3.3510,6.9850,6.2010
156730.4850,0,3.3230,6.9640,6.2470
156780.4630,1,3.3780,7.0140,6.1900
156830.4390,0,3.3360,6.9830,6.1450
156880.4200,2,3.3530,6.9800,6.1750
156930.4010,0,3.3910,6.9390,6.1840
156980.3750,1,3.3400,6.9610,6.1830
157030.3510,0,3.3470,6.9330,6.2280
157080.3330,2,3.3730,6.9910,6.1880
157130.3120,0,3.3840,6.9040,6.1710
157180.2870,1,3.3540,6.9230,6.1740
157230.2630,0,3.3990,6.9170,6.1940
157280.2440,2,3.4040,6.9710,6.1890
157330.2180,0,3.3640,6.9570,6.1980
157380.1990,1,3.3210,6.9800,6.2490
157430.1750,0,3.3520,6.9580,6.1660
157480.1560,2,3.3730,6.9910,6.1940
157530.1350,0,3.3840,6.9640,6.1820
157580.1090,1,3.3280,6.9710,6.1830
157630.0910,0,3.3550,6.9530,6.2020
157680.0690,2,3.3730,6.9790,6.2150
157730.0440,0,3.4060,6.9980,6.2080
157780.0270,1,3.3550,6.9510,6.2070
157830.0030,0,3.3640,6.9670,6.2270
157879.9820,2,3.3620,7.0250,6.1890
157929.9610,0,3.3470,6.9300,6.2130
157979.9370,1,3.3450,6.9330,6.1990
158029.9170,0,3.3810,6.9970,6.1980
158079.8930,2,3.3910,6.9960,6.2000
158129.8680,0,3.3310,6.9600,6.2410
158179.8510,1,3.3790,6.8970,6.2120
158229.8260,0,3.3660,6.9410,6.2180
158279.8060,2,3.3730,6.9340,6.2200
158329.7840,0,3.3800,6.9010,6.1730
158379.7590,1,3.3430,6.9190,6.1950
158429.7430,0,3.3520,6.9190,6.2070
158479.7200,2,3.3810,6.9540,6.1990
158529.6950,0,3.3430,6.8840,6.2580
158579.6770,1,3.3430,6.9610,6.2360
158629.6530,0,3.3380,6.9990,6.2220
158679.6310,0,3.3870,6.8940,6.2090
158729.6110,2,3.3390,6.9460,6.1790
158779.5870,0,3.3880,6.9710,6.1690
158829.5640,0,3.3230,6.9270,6.2170
158879.5410,0,3.3350,6.8870,6.2050
158929.5200,0,3.3390,6.9060,6.2360
158979.4950,0,3.3610,6.9390,6.1990
159029.4740,0,3.3910,6.9610,6.2070
159079.4580,0,3.3680,6.9400,6.1900
159129.4360,0,3.3450,6.9290,6.1580
159179.4140,0,3.3590,6.9470,6.2070
159229.3890,0,3.3920,6.9900,6.2160
159279.3680,0,3.3620,6.9390,6.1730
159329.3480,0,3.3840,6.9640,6.1820
159379.3220,0,3.3600,6.9480,6.1730
159429.3020,0,3.3440,6.9260,6.1790
159479.2810,0,3.3910,7.0040,6.1980
159529.2600,0,3.3690,6.9790,6.1540
159579.2390,0,3.3470,6.9670,6.1660
159629.2130,0,3.3430,7.0040,6.1790
159679.1910,0,3.3630,6.9030,6.2130
159729.1730,0,3.3850,6.9300,6.2260
159779.1460,0,3.3790,6.9720,6.1700
159829.1240,0,3.3520,6.9820,6.2270
159879.1030,0,3.3650,6.9880,6.1780
159929.0850,0,3.3570,7.0380,6.2130
159979.0580,0,3.3150,7.0060,6.1740
160029.0400,0,3.3280,7.0070,6.2050
160079.0200,0,3.3320,7.0420,6.2040
160128.9980,0,3.3880,7.0840,6.2230
160178.9740,0,3.3790,7.0480,6.1850
160228.9480,0,3.3560,7.1170,6.1580
160278.9320,0,3.3370,7.0740,6.1780
160328.9060,0,3.3390,7.0560,6.2220
160378.8870,0,3.3760,7.1240,6.2070
160428.8620,0,3.3800,7.0920,6.1940
160478.8430,0,3.3480,7.0830,6.1760
160528.8210,0,3.3250,7.1160,6.2270
160578.7990,0,3.3990,7.0840,6.1740
160628.7750,0,3.3360,7.1230,6.2400
160678.7570,0,3.3660,7.1980,6.2140
160728.7350,0,3.3670,7.1360,6.2110
160778.7110,0,3.4030,7.1550,6.2320
160828.6890,0,3.3540,7.2030,6.1810
160878.6670,0,3.3170,7.2440,6.1560
160928.6440,0,3.3370,7.1250,6.2500
160978.6250,0,3.3650,7.1020,6.2090
161028.6020,0,3.3800,7.0980,6.2240
161078.5760,0,3.3240,7.0860,6.1840
161128.5540,0,3.3420,7.0560,6.2150
161178.5370,0,3.3460,7.0560,6.2000
161228.5120,0,3.3920,7.0510,6.1910
161278.4880,0,3.3340,7.0020,6.2210
161328.4680,0,3.3550,7.0180,6.2410
161378.4480,0,3.3470,7.0030,6.1930
161428.4270,0,3.3720,6.9210,6.2000
161478.4040,0,3.3580,7.0010,6.1670
161528.3840,0,3.3450,7.0200,6.1840
161578.3580,0,3.3550,6.9640,6.1970
161628.3400,0,3.3610,7.0130,6.2310
161678.3130,0,3.3520,6.9630,6.2110
161728.2900,0,3.3570,6.9940,6.2280
161778.2730,0,3.3680,7.0010,6.1890
161828.2520,0,3.3530,7.0100,6.1890
161878.2310,0,3.3580,7.0590,6.1750
161928.2060,0,3.3660,6.9580,6.1800
161978.1810,0,3.4140,6.9860,6.2030
162028.1630,0,3.3570,6.9520,6.1990
162078.1410,0,3.3330,6.9390,6.1360
162128.1200,0,3.3080,6.9250,6.2250
162178.0960,0,3.3380,6.9520,6.2070
162228.0770,0,3.3790,6.9310,6.1950
162278.0530,0,3.3530,6.9500,6.2240
162328.0280,0,3.3820,6.9560,6.2010
162378.0070,0,3.3570,6.9280,6.1930
162427.9850,0,3.3830,7.0160,6.2230
162477.9670,0,3.3620,7.0110,6.2120
162527.9420,0,3.3580,6.9980,6.2140
162577.9240,0,3.3650,6.9830,6.2280
162627.8960,0,3.3410,6.9710,6.2140
162677.8790,0,3.3280,6.9590,6.1810
162727.8560,0,3.3690,6.9320,6.2330
162777.8340,0,3.3680,7.0030,6.1690
162827.8120,0,3.3740,6.9680,6.1900
162877.7870,0,3.3110,6.9770,6.2450
162927.7710,0,3.3380,6.9830,6.2120
162977.7480,0,3.3560,6.9250,6.1730
163027.7270,0,3.3320,6.9480,6.2090
163077.7040,0,3.3390,6.9500,6.1630
163127.6780,0,3.3460,6.9830,6.1980
163177.6620,0,3.4230,6.9710,6.2040
163227.6390,0,3.3400,6.9730,6.2120
163277.6150,0,3.3920,6.9460,6.2230
163327.5930,0,3.3820,6.9710,6.2100
163377.5720,0,3.3350,6.9290,6.1740
163427.5510,0,3.3560,6.9870,6.2010
163477.5290,0,3.3530,7.0080,6.1780
163527.5080,0,3.3550,6.9680,6.1420
163577.4860,0,3.3410,6.9940,6.1760
163627.4630,0,3.3820,6.9910,6.1970
163677.4370,0,3.3750,6.9120,6.1750
163727.4190,0,3.3290,6.9220,6.1530
163777.3940,0,3.3550,6.9040,6.1930
163827.3720,0,3.3510,6.9420,6.2070
163877.3540,0,3.3560,6.9260,6.2160
163927.3330,0,3.4200,6.9480,6.2060
163977.3100,0,3.3650,6.9770,6.2280
164027.2870,0,3.3570,6.9900,6.2140
164077.2610,0,3.3430,6.9800,6.2350
164127.2400,0,3.3380,6.9900,6.1840
164177.2190,0,3.3740,7.0180,6.2060
164227.1980,0,3.3610,7.0030,6.1910
164277.1770,0,3.3850,6.9810,6.1860
164327.1550,0,3.3990,6.9390,6.2320
164377.1310,0,3.3390,6.9800,6.1970
164427.1130,0,3.3420,6.9700,6.1930
164477.0890,0,3.3690,6.9350,6.1960
164527.0650,0,3.3560,6.9610,6.2160
164577.0420,0,3.3540,6.9430,6.2220
164627.0230,0,3.3430,6.9640,6.1920
164677.0000,0,3.3730,6.9560,6.2350
164726.9810,0,3.3710,6.9560,6.1910
164776.9600,0,3.3790,6.9040,6.1640
164826.9390,0,3.3770,6.9610,6.1670
164876.9160,0,3.3670,6.9360,6.1660
164926.8940,0,3.3560,6.9820,6.2070
164976.8690,0,3.3410,6.9670,6.2540
165026.8470,0,3.3640,6.9550,6.1990
165076.8250,0,3.3460,6.9350,6.1890
165126.8020,0,3.3590,6.9890,6.1170
165176.7840,0,3.3680,6.9810,6.1920
165226.7580,0,3.3450,6.9860,6.2130
165276.7420,0,3.3390,6.9870,6.1820
165326.7140,0,3.3550,6.9780,6.2230
165376.6920,0,3.3590,6.9630,6.1970
165426.6730,0,3.3530,6.9690,6.1700
165476.6510,0,3.3360,7.0040,6.2110
165526.6290,0,3.3460,7.0020,6.2040
165576.6090,0,3.3890,7.0200,6.2100
165626.5870,0,3.3510,6.9570,6.2300
165676.5660,0,3.3370,6.9960,6.2220
165726.5450,0,3.3330,7.0000,6.1900
165776.5180,0,3.3620,6.9520,6.2210
165826.4960,0,3.3560,6.9480,6.1850
165876.4730,0,3.3610,6.9300,6.2100
165926.4570,0,3.3790,6.9060,6.2160
165976.4350,0,3.3480,6.9540,6.2050
166026.4080,0,3.3610,6.9800,6.2260
166076.3860,0,3.3380,6.9690,6.2210
166126.3630,0,3.3390,6.9030,6.2350
166176.3470,0,3.3450,6.8890,6.1770
166226.3250,0,3.3730,6.9650,6.2220
166276.3000,0,3.3650,6.9130,6.1450
166326.2780,0,3.3840,6.9680,6.2120
166376.2560,0,3.3450,6.9580,6.1840
166426.2340,0,3.3980,6.9760,6.2140
166476.2160,0,3.3570,6.9150,6.1950
166526.1910,0,3.3590,6.9440,6.2100
166576.1720,0,3.3790,6.9530,6.1750
166626.1490,0,3.3160,6.9590,6.1960
166676.1250,0,3.3690,6.9690,6.2000
166726.1070,0,3.3310,6.9380,6.2020
166776.0810,0,3.3890,7.0410,6.2020
166826.0600,0,3.3290,6.9650,6.2140
166876.0400,0,3.3670,6.9440,6.1930
166926.0140,0,3.3520,6.9730,6.2270
166975.9940,0,3.3850,6.9450,6.1960
167025.9760,0,3.3590,6.9720,6.1880
167075.9490,0,3.3790,6.9720,6.1720
167125.9260,0,3.3080,6.9520,6.2160
167175.9080,0,3.3080,6.9280,6.2100
167225.8840,0,3.3690,6.9430,6.1990
167275.8610,0,3.3760,6.9600,6.1980
167325.8430,0,3.3450,6.9320,6.2180
167375.8180,0,3.3400,6.9030,6.2350
167425.7980,0,3.3300,6.8890,6.1770
167475.7750,0,3.2930,6.8770,6.1990
167525.7510,0,3.3460,6.8930,6.1780
167575.7330,0,3.3740,6.9130,6.1870
167625.7090,0,3.3790,6.9220,6.1840
167675.6900,0,3.3570,6.9360,6.2120
167725.6650,0,3.3410,6.9880,6.2070
167775.6470,0,3.3410,6.9910,6.1650
167825.6200,0,3.3590,6.9560,6.1850
167875.6010,0,3.3750,6.9420,6.2200
167925.5740,0,3.3470,6.9460,6.2340
167975.5530,0,3.3350,6.9230,6.1900
168025.5310,0,3.3350,6.9360,6.2080
168075.5080,0,3.3730,6.9380,6.1890
168125.4890,0,3.3770,6.9470,6.1670
168175.4660,0,3.3570,6.9480,6.1880
168225.4410,0,3.3280,6.9350,6.1700
168275.4220,0,3.4080,6.9500,6.1680
168325.3950,0,3.3960,6.8960,6.1580
168375.3760,0,3.3440,6.8900,6.2130
168425.3530,0,3.3350,6.8920,6.1300
168475.3320,0,3.3290,6.9160,6.2330
168525.3030,0,3.3670,6.9270,6.2220
168575.2840,0,3.3810,6.9470,6.1910
168625.2620,0,3.3540,6.9600,6.1990
168675.2380,0,3.3570,7.0080,6.1870
168725.2170,0,3.3830,7.0020,6.2000
168775.1940,0,3.3510,6.9510,6.1870
168825.1680,0,3.3740,6.9080,6.1780
168875.1450,0,3.3800,6.8820,6.1350
168925.1240,0,3.4000,6.9070,6.1600
168975.1010,0,3.3580,6.9640,6.2190
169025.0790,0,3.3520,6.9150,6.1930
169075.0540,0,3.3510,6.9220,6.2050
169125.0310,0,3.3820,6.9110,6.2030
169175.0090,0,3.3600,6.8840,6.2200
169224.9860,0,3.3550,6.8400,6.1680
169274.9690,0,3.3280,6.8640,6.2060
169324.9410,0,3.3440,6.9240,6.1730
169374.9230,0,3.3060,6.8480,6.2180
169424.9010,0,3.3790,6.8990,6.1770
169474.8750,0,3.3650,6.9160,6.2210
169524.8500,0,3.3840,6.9480,6.1960
169574.8340,0,3.3540,6.8450,6.1970
169624.8050,0,3.3430,6.9320,6.2000
169674.7840,0,3.3910,6.9240,6.2050
169724.7650,0,3.3690,6.9160,6.1660
169774.7380,0,3.3970,6.9340,6.2000
169824.7150,0,3.3650,7.0200,6.2000
169874.6950,0,3.3160,7.0370,6.1370
169924.6730,0,3.3620,7.0330,6.2260
169974.6510,0,3.3070,7.0040,6.1400
170024.6230,0,3.3130,6.9690,6.2130
170074.6070,0,3.3030,6.9190,6.1900
170124.5830,0,3.4020,6.9620,6.1880
170174.5590,0,3.3560,6.9540,6.2120
170224.5340,0,3.2830,6.8960,6.1840
170274.5170,0,3.3430,6.9430,6.2180
170324.4900,0,3.3450,6.9750,6.1910
170374.4650,0,3.3450,6.9660,6.2030
170424.4430,0,3.3490,6.9900,6.2200
170474.4220,0,3.3450,6.9760,6.2230
170524.4020,0,3.3570,7.0010,6.2190
170574.3750,0,3.4020,6.9890,6.2070
170624.3550,0,3.4070,7.0310,6.2020
170674.3350,0,3.3470,7.0350,6.1800
170724.3100,0,3.3770,7.0610,6.1420
170774.2890,0,3.3600,7.0480,6.2100
170824.2650,0,3.3720,7.0570,6.2340
170874.2390,0,3.3770,7.0240,6.1880
170924.2200,0,3.3300,7.1300,6.1890
170974.1970,0,3.3590,7.0570,6.2390
171024.1760,0,3.4050,7.1020,6.1990
171074.1520,0,3.3430,7.0630,6.1830
171124.1290,0,3.3070,7.0870,6.1980
171174.1040,0,3.3550,7.0770,6.2190
171224.0820,0,3.3470,7.0690,6.1900
171274.0600,0,3.3740,7.0240,6.1930
171324.0360,0,3.3000,7.0600,6.1650
171374.0140,0,3.3460,7.0490,6.2180
171423.9900,0,3.3760,7.0460,6.2030
171473.9730,0,3.3640,6.9960,6.1660
171523.9490,0,3.3240,6.9290,6.2130
171573.9230,0,3.3240,6.9830,6.2080
171623.9010,0,3.3470,6.9630,6.1630
171673.8800,0,3.3390,6.9230,6.2230
171723.8540,0,3.3390,6.9750,6.1770
171773.8300,0,3.4080,6.9270,6.1710
171823.8100,0,3.3530,6.9520,6.1570
171873.7910,0,3.3730,6.9740,6.2330
171923.7690,0,3.3970,6.9330,6.1960
171973.7400,0,3.3900,6.9030,6.2010
172023.7190,0,3.3200,6.9280,6.2190
172073.6960,0,3.3290,6.8560,6.1880
172123.6770,0,3.3790,6.8940,6.1760
172173.6530,0,3.3650,6.9330,6.2230
172223.6300,0,3.3460,6.9710,6.2160
172273.6040,0,3.3530,6.9380,6.2000
172323.5870,0,3.3700,6.9370,6.1610
172373.5630,0,3.3860,6.8950,6.2340
172423.5420,0,3.3640,6.8920,6.1910
172473.5150,0,3.3400,6.8940,6.1510
172523.4970,0,3.3730,6.9400,6.1840
172573.4710,0,3.3470,6.8670,6.1760
172623.4490,0,3.4010,6.8400,6.2000
172673.4290,0,3.3650,6.9230,6.2190
172723.4020,0,3.3650,6.9010,6.1890
172773.3820,0,3.3520,6.8610,6.1660
172823.3590,0,3.3600,6.8440,6.2380
172873.3380,0,3.3710,6.8690,6.1720
172923.3130,0,3.4120,6.9010,6.2180
172973.2900,0,3.3630,6.8780,6.2200
173023.2690,0,3.3430,6.9200,6.2120
173073.2440,0,3.3420,6.8990,6.1600
173123.2200,0,3.3360,6.9000,6.2140
173173.1970,0,3.3170,6.8970,6.1770
173223.1760,0,3.3870,6.9260,6.2130
173273.1530,0,3.3590,6.9180,6.2210
173323.1300,0,3.3590,6.9250,6.1780
173373.1060,0,3.3980,6.9580,6.2160
173423.0880,0,3.3680,6.9780,6.1840
173473.0630,0,3.3540,7.0070,6.1930
173523.0370,0,3.3340,6.9730,6.1820
173573.0180,0,3.3600,6.9070,6.2110
173622.9970,0,3.3620,6.9810,6.1910
173672.9700,0,3.3900,6.9620,6.2100
173722.9470,0,3.3640,6.9320,6.2500
173772.9280,0,3.3780,6.9560,6.2070
173822.9060,0,3.3700,6.9590,6.2020
173872.8830,0,3.3790,6.8850,6.1780
173922.8590,0,3.3340,6.8860,6.1940
173972.8370,0,3.3310,6.9150,6.1970
174022.8140,0,3.3580,6.9480,6.1700
174072.7910,0,3.3330,6.8940,6.2430
174122.7710,0,3.3920,6.8740,6.1940
174172.7470,0,3.3620,6.8970,6.1630
174222.7230,0,3.3730,6.8920,6.2020
174272.7000,0,3.3580,6.9380,6.1930
174322.6780,0,3.3700,6.9150,6.2090
174372.6540,0,3.3510,6.9470,6.2000
174422.6300,0,3.3630,6.9100,6.2180
174472.6110,0,3.3700,6.9100,6.1960
174522.5900,0,3.3530,6.8850,6.1650
174572.5640,0,3.3880,6.9500,6.2220
174622.5420,0,3.3760,6.8720,6.2210
174672.5190,0,3.3660,6.8690,6.2030
174722.4930,0,3.3540,6.9190,6.2120
174772.4740,0,3.3950,6.9110,6.2000
174822.4530,0,3.3350,6.9090,6.1710
174872.4250,0,3.3430,6.8800,6.1950
174922.4050,0,3.3310,6.9410,6.2310
174972.3820,0,3.3650,6.8720,6.2500
175022.3560,0,3.3480,6.8890,6.2220
175072.3370,0,3.3610,6.8600,6.2030
175122.3110,0,3.3310,6.9650,6.1850
175172.2910,0,3.3680,6.8940,6.1810
175222.2670,0,3.3370,6.9210,6.2210
175272.2440,0,3.3520,6.9450,6.1960
175322.2260,0,3.3210,6.9590,6.2130
175372.2020,0,3.3670,6.8730,6.1690
175422.1780,0,3.3760,6.9120,6.1540
175472.1580,0,3.3490,6.9570,6.1600
175522.1290,0,3.3890,6.9670,6.2400
175572.1110,0,3.3700,6.8870,6.1950
175622.0900,0,3.3110,6.9450,6.2430
175672.0630,0,3.3680,6.9520,6.2230
175722.0430,0,3.3750,6.9220,6.2300
175772.0200,0,3.3310,6.9390,6.2420
175821.9980,0,3.3500,7.0170,6.2400
175871.9720,0,3.3680,6.9630,6.1850
175921.9490,0,3.3520,6.9320,6.1790
175971.9320,0,3.3740,6.9460,6.2510
176021.9090,0,3.3470,6.9290,6.2370
176071.8840,0,3.3870,6.9840,6.1770
176121.8580,0,3.3230,6.9900,6.2060
176171.8350,0,3.3680,6.9690,6.2050
176221.8140,0,3.3430,6.9610,6.1990
176271.7960,0,3.3690,6.9590,6.1630
176321.7700,0,3.3840,6.9810,6.1920
176371.7470,0,3.3700,6.9850,6.1670
176421.7250,0,3.3900,6.9500,6.1770
176471.7000,0,3.3460,6.9360,6.1920
176521.6810,0,3.3520,6.9830,6.1890
176571.6580,0,3.3400,6.9500,6.1760
176621.6320,0,3.3560,6.9140,6.1690
176671.6130,0,3.3710,6.9660,6.2020
176721.5860,0,3.3840,6.9680,6.1640
176771.5690,0,3.3370,6.9130,6.2220
176821.5410,0,3.3290,6.9240,6.1670
176871.5160,0,3.3470,6.9190,6.2030
176921.4970,0,3.3600,6.9450,6.2200
176971.4780,0,3.3520,6.9130,6.1520
177021.4550,0,3.3490,6.9210,6.1870
177071.4290,0,3.3770,6.9080,6.1860
177121.4030,0,3.3330,6.9290,6.1790
177171.3860,0,3.4040,6.9210,6.2460
177221.3630,0,3.3680,6.9240,6.1850
177271.3420,0,3.3380,6.9210,6.1750
177321.3180,0,3.3540,6.8920,6.1800
177371.2910,0,3.3620,6.8560,6.1990
177421.2720,0,3.3670,6.9810,6.2250
177471.2490,0,3.3370,6.9710,6.1730
177521.2220,0,3.3430,6.9380,6.1910
177571.2010,0,3.3570,6.9800,6.2500
177621.1780,0,3.3730,6.9550,6.1980
177671.1590,0,3.4180,6.9850,6.1940
177721.1320,0,3.3680,6.9830,6.2150
177771.1140,0,3.3540,6.9680,6.2140
177821.0860,0,3.3500,7.0000,6.1960
177871.0640,0,3.3660,6.9650,6.1700
177921.0450,0,3.3570,6.9680,6.2090
177971.0180,0,3.3420,6.9190,6.1960
178020.9980,0,3.3660,6.9580,6.1830
178070.9740,0,3.3520,6.9730,6.2350
178120.9560,0,3.3710,6.9020,6.2320
178170.9270,0,3.3800,6.9120,6.1740
178220.9080,0,3.3370,6.9700,6.1810
178270.8870,0,3.3510,6.9700,6.2380
178320.8640,0,3.3510,6.9930,6.1890
178370.8370,0,3.3250,6.9900,6.1890
178420.8190,0,3.3350,7.0400,6.2070
178470.7900,0,3.3740,6.9850,6.1700
178520.7740,0,3.3530,7.0280,6.1570
178570.7460,0,3.3430,7.0000,6.1890
178620.7220,0,3.3010,6.9710,6.2270
178670.7000,0,3.3090,6.9880,6.2030
178720.6770,0,3.3540,6.9630,6.2100
178770.6540,0,3.3510,7.0050,6.1740
178820.6350,0,3.4050,6.9830,6.2030
178870.6150,0,3.3600,6.9390,6.2100
178920.5890,0,3.3790,7.0000,6.2100
178970.5670,0,3.3910,6.9380,6.1670
179020.5460,0,3.3710,6.9350,6.1800
179070.5230,0,3.3370,6.9790,6.2360
179120.5010,0,3.3170,6.8960,6.2450
179170.4750,0,3.3170,6.8920,6.1660
179220.4530,0,3.3640,6.9330,6.1960
179270.4270,0,3.3210,6.9430,6.2000
179320.4040,0,3.3320,6.9410,6.1800
179370.3850,0,3.3390,6.9180,6.1460
179420.3640,0,3.3430,6.9160,6.2370
179470.3420,0,3.3090,6.9460,6.1790
179520.3200,0,3.3430,6.9300,6.2240
179570.2970,0,3.3260,6.9440,6.1520
179620.2740,0,3.3230,6.9840,6.2240
179670.2490,0,3.3610,6.9320,6.1650
179720.2270,0,3.3620,6.9440,6.2350
179770.2060,0,3.3500,6.9440,6.2030
179820.1820,0,3.4030,6.9030,6.1970
179870.1560,0,3.3720,6.8870,6.1930
179920.1380,0,3.3580,6.9180,6.2070
179970.1120,0,3.3810,6.9100,6.2200
180020.0910,0,3.3400,6.9140,6.2190
180070.0730,0,3.3190,6.9580,6.1740
180120.0500,0,3.3340,7.0060,6.1700
180170.0260,0,3.3380,7.0490,6.1930
180220.0060,0,3.3580,7.0280,6.1770
180269.9850,0,3.3430,7.0320,6.2080
180319.9580,0,3.3500,6.9900,6.2110
180369.9430,0,3.3530,7.0160,6.2330
180419.9200,0,3.3500,7.0700,6.2000
180469.8980,0,3.3480,7.0270,6.2200
180519.8730,0,3.3360,6.9790,6.2260
180569.8550,0,3.3220,6.9620,6.2310
180619.8280,0,3.3330,7.0150,6.2280
180669.8060,0,3.3450,7.0240,6.1880
180719.7850,0,3.3310,7.0530,6.1760
180769.7650,0,3.3330,7.0230,6.1870
180819.7470,0,3.3660,6.9830,6.2170
180869.7190,0,3.3480,6.9890,6.2020
180919.6970,0,3.4170,6.9940,6.1700
180969.6760,0,3.3750,6.9630,6.2330
181019.6540,0,3.3430,6.9460,6.2070
181069.6340,0,3.3590,6.9280,6.1860
181119.6110,0,3.3390,6.9330,6.2100
181169.5880,0,3.3230,6.9820,6.1790
181219.5720,0,3.3280,6.9390,6.2080
181269.5460,0,3.3620,6.9350,6.1670
181319.5240,0,3.3680,6.9490,6.1970
181369.5050,0,3.3400,6.9420,6.2230
181419.4850,0,3.3670,7.0080,6.1870
181469.4590,0,3.3490,6.9840,6.1600
181519.4350,0,3.3440,6.9980,6.1690
181569.4150,0,3.3540,6.9870,6.2110
181619.3980,0,3.3740,7.0060,6.1830
181669.3700,0,3.3420,6.9400,6.1850
181719.3490,0,3.2960,6.8960,6.1970
181769.3270,0,3.3650,6.9920,6.1440
181819.3070,0,3.3230,7.0230,6.1730
181869.2840,0,3.3720,6.9280,6.1850
181919.2670,0,3.3570,6.8940,6.2070
181969.2400,0,3.3230,6.9140,6.1490
182019.2220,0,3.3030,6.9660,6.1960
182069.2000,0,3.3680,6.9310,6.1760
182119.1780,0,3.3560,6.9980,6.2110
182169.1520,0,3.3270,6.9930,6.2320
182219.1290,0,3.3450,6.9990,6.2320
182269.1140,0,3.3170,7.0150,6.2070
182319.0860,0,3.3520,7.0270,6.1570
182369.0650,0,3.3600,6.9670,6.1740
182419.0480,0,3.3150,6.9490,6.1920
182469.0220,0,3.3190,6.9470,6.2350
182519.0050,0,3.3350,6.8770,6.2010
182568.9800,0,3.3210,6.9430,6.2390
182618.9600,0,3.3390,6.9100,6.1730
182668.9340,0,3.3410,6.9030,6.1870
182718.9160,0,3.3670,6.8630,6.1910
182768.8930,0,3.3300,6.9410,6.2010
182818.8690,0,3.3410,6.9180,6.2060
182868.8510,0,3.4050,6.8880,6.2580
182918.8270,0,3.3350,6.9320,6.1660
182968.8050,0,3.3110,6.9460,6.2040
183018.7840,0,3.3340,6.9450,6.2150
183068.7630,0,3.3700,6.9180,6.2080
183118.7400,0,3.3780,6.9340,6.1970
183168.7170,0,3.3320,6.9840,6.1370
183218.6990,0,3.3250,6.9810,6.2250
183268.6760,0,3.3480,6.9710,6.1630
183318.6570,0,3.3460,6.9360,6.1840
183368.6330,0,3.3500,6.9620,6.1770
183418.6070,0,3.3850,6.9670,6.1740
183468.5870,0,3.3390,6.8940,6.2290
183518.5630,0,3.3550,6.9010,6.2230
183568.5460,0,3.3400,6.9490,6.1750
183618.5240,0,3.3680,6.9050,6.2060
183668.5000,0,3.3440,6.9690,6.1830
183718.4810,0,3.3100,6.9440,6.2230
183768.4590,0,3.3600,6.9740,6.2020
183818.4330,0,3.3630,6.9610,6.2530
183868.4110,0,3.4120,7.0050,6.1770
183918.3900,0,3.3610,6.9950,6.2380
183968.3690,0,3.2970,7.0320,6.1880
184018.3520,0,3.3220,6.9980,6.2050
184068.3270,0,3.3400,7.0150,6.1800
184118.3050,0,3.3850,7.0020,6.2340
184168.2830,0,3.3710,6.9750,6.2150
184218.2630,0,3.3400,6.9450,6.2000
184268.2380,0,3.3500,6.9320,6.1860
184318.2190,0,3.3250,6.9650,6.1890
184368.1990,0,3.3530,6.9910,6.1700
184418.1770,0,3.3180,7.0130,6.2130
184468.1490,0,3.3160,6.9740,6.2260
184518.1270,0,3.3510,6.9300,6.2050
184568.1060,0,3.2980,6.9280,6.1530
184618.0890,0,3.3110,6.9480,6.1820
184668.0610,0,3.3630,6.9380,6.2140
184718.0460,0,3.3170,6.9490,6.1700
184768.0250,0,3.3770,6.9910,6.1840
184817.9970,0,3.3340,6.9580,6.1950
184867.9770,0,3.3200,6.9450,6.1400
184917.9570,0,3.3200,6.9310,6.2140
184967.9360,0,3.3700,6.9430,6.2250
185017.9090,0,3.3480,6.9920,6.1880
185067.8930,0,3.3660,6.9270,6.1780
185117.8690,0,3.3970,6.9090,6.2140
185167.8490,0,3.3340,6.9390,6.2140
185217.8220,0,3.3390,6.9770,6.1940
185267.8010,0,3.3640,6.9240,6.1770
185317.7810,0,3.3350,6.9270,6.2300
185367.7600,0,3.3550,6.9140,6.1810
185417.7380,0,3.3320,6.9450,6.1780
185467.7160,0,3.3650,6.8840,6.1830
185517.6970,0,3.3670,6.9470,6.2250
185567.6700,0,3.3220,6.8960,6.1740
185617.6480,0,3.3510,6.9340,6.2060
185667.6300,0,3.3540,6.8990,6.2190
185717.6060,0,3.3470,6.9450,6.1740
185767.5840,0,3.3390,6.9150,6.1600
185817.5650,0,3.3680,6.9450,6.2180
185867.5400,0,3.3840,6.9820,6.1510
185917.5220,0,3.3390,6.9670,6.2040
185967.4980,0,3.3380,7.0040,6.2150
186017.4730,0,3.3620,7.0200,6.2380
186067.4520,0,3.3660,6.9660,6.1950
186117.4310,0,3.3470,6.9970,6.2070
186167.4140,0,3.3670,6.9520,6.2000
186217.3880,0,3.3070,6.9200,6.1730
186267.3670,0,3.3640,6.9530,6.2160
186317.3460,0,3.3600,6.9120,6.1870
186367.3210,0,3.3290,6.9780,6.1990
186417.3050,0,3.3490,6.9490,6.2090
186467.2840,0,3.4010,6.9390,6.2590
186517.2580,0,3.3620,6.8830,6.2090
186567.2380,0,3.3650,6.9010,6.2080
186617.2140,0,3.3330,6.8470,6.1990
186667.1910,0,3.4040,6.8510,6.2120
186717.1740,0,3.3190,6.8800,6.1770
186767.1530,0,3.3530,6.8970,6.1560
186817.1270,0,3.3370,6.9220,6.1880
186867.1070,0,3.3510,6.9600,6.2120
186917.0880,0,3.3670,6.9460,6.1750
186967.0600,0,3.3320,6.9640,6.1930
187017.0390,0,3.3640,7.0270,6.1280
187067.0190,0,3.3810,6.9810,6.2090
187117.0000,0,3.3500,6.9490,6.1960
187166.9770,0,3.3570,6.9790,6.1910
187216.9570,0,3.3360,6.9380,6.1810
187266.9340,0,3.3310,6.9850,6.1550
187316.9120,0,3.3990,6.9720,6.1630
187366.8910,0,3.3480,6.9920,6.1610
187416.8640,0,3.3390,6.9470,6.1770
187466.8480,0,3.3550,6.9000,6.1740
187516.8260,0,3.3240,6.9480,6.1770
187566.8000,0,3.4050,6.9600,6.1670
187616.7800,0,3.3320,6.9280,6.1840
187666.7560,0,3.3050,6.9740,6.1440
187716.7350,0,3.3540,6.9770,6.2160
187766.7150,0,3.3570,6.9390,6.1510
187816.6950,0,3.3340,7.0200,6.2260
187866.6700,0,3.3390,6.9610,6.2510
187916.6510,0,3.3500,6.9870,6.2260
187966.6290,0,3.2860,6.9810,6.2260
188016.6030,0,3.3850,6.9490,6.2310
188066.5820,0,3.3290,6.9090,6.1960
188116.5610,0,3.3720,6.9360,6.1910
188166.5420,0,3.3800,6.9430,6.2090
188216.5180,0,3.3520,6.8770,6.1950
188266.4940,0,3.3400,6.8990,6.1530
188316.4770,0,3.3820,6.8870,6.2030
188366.4550,0,3.3470,6.8870,6.2110
188416.4330,0,3.3620,6.9110,6.2040
188466.4100,0,3.3450,6.8950,6.2370
188516.3890,0,3.3570,6.9290,6.2180
188566.3680,0,3.3590,6.8940,6.1740
188616.3430,0,3.3240,6.8820,6.1800
188666.3240,0,3.3500,6.9350,6.1960
188716.3040,0,3.3410,6.8800,6.2010
188766.2790,1,3.3010,6.9180,6.2050
188816.2560,0,3.3590,6.9030,6.2170
188866.2360,2,3.3770,6.9050,6.1840
188916.2130,0,3.3840,7.0020,6.1710
188966.1940,1,3.3530,6.9820,6.2000
189016.1670,0,3.3440,6.9930,6.1800
189066.1510,2,3.3180,7.0170,6.1780
189116.1270,0,3.3370,7.0500,6.1790
189166.1060,1,3.3620,7.0340,6.1950
189216.0830,0,3.3660,7.0390,6.2310
189266.0620,2,3.3650,7.0240,6.1820
189316.0370,0,3.3410,7.0230,6.2400
189366.0200,1,3.3380,7.0310,6.1890
189415.9950,0,3.3460,6.9990,6.2060
189465.9730,2,3.3420,7.0340,6.1740
189515.9540,0,3.3400,7.0100,6.1680
189565.9290,1,3.3430,7.0240,6.2060
189615.9100,0,3.3250,6.9710,6.1810
189665.8850,2,3.3340,6.9310,6.1810
189715.8630,0,3.3530,6.9870,6.2150
189765.8430,1,3.3570,7.0080,6.2180
189815.8230,0,3.4060,7.0090,6.1500
189865.8020,2,3.3360,6.9820,6.1950
189915.7820,0,3.3740,6.9240,6.1580
189965.7550,1,3.3760,6.9850,6.1990
190015.7320,0,3.3280,6.9670,6.1830
190065.7110,2,3.3330,7.0190,6.1770
190115.6890,0,3.3490,6.9560,6.1430
190165.6700,1,3.3260,6.9580,6.1860
190215.6460,0,3.3360,6.9610,6.2120
190265.6230,2,3.3600,6.9750,6.1980
190315.6080,0,3.3620,6.9360,6.2140
190365.5830,1,3.3320,6.9380,6.2280
190415.5590,0,3.3060,6.9240,6.1800
190465.5390,2,3.3310,6.9160,6.1760
190515.5210,0,3.3490,6.9030,6.1630
190565.4980,1,3.3560,6.9430,6.1710
190615.4730,0,3.3490,7.0000,6.2300
190665.4510,2,3.3360,6.9360,6.2030
190715.4280,0,3.3300,6.9520,6.1480
190765.4060,1,3.3270,6.9170,6.1930
190815.3830,0,3.3630,6.9730,6.2110
190865.3660,2,3.3370,6.9920,6.2270
190915.3460,0,3.3320,6.9650,6.1870
190965.3240,1,3.3580,6.9900,6.1660
191015.3020,0,3.3260,6.9220,6.2060
191065.2760,2,3.3470,6.9490,6.2180
191115.2530,0,3.3590,6.9080,6.2010
191165.2350,1,3.3370,6.9880,6.2080
191215.2160,0,3.3730,6.9850,6.1600
191265.1920,2,3.3330,6.9840,6.1710
191315.1710,0,3.3230,7.0160,6.2220
191365.1470,1,3.3230,6.9940,6.1750
191415.1240,0,3.3400,6.9380,6.1430
191465.1020,2,3.3540,6.9550,6.2300
191515.0820,0,3.3700,6.9050,6.1800
191565.0620,1,3.3430,6.9410,6.1890
191615.0390,0,3.3360,6.9570,6.2170
191665.0140,2,3.3520,6.8890,6.1980
191714.9950,0,3.3420,6.9140,6.1760
191764.9750,1,3.3530,6.8800,6.1840
191814.9530,0,3.3630,6.8620,6.2450
191864.9280,2,3.3120,6.9340,6.2400
191914.9080,0,3.3530,6.9340,6.1940
191964.8850,1,3.3350,6.9090,6.1870
192014.8600,0,3.3380,6.9470,6.2020
192064.8450,2,3.3410,6.9160,6.2020
192114.8210,0,3.3810,6.9150,6.2280
192164.7960,1,3.3600,6.9180,6.2080
192214.7730,0,3.3310,6.9080,6.1980
192264.7510,2,3.3210,6.9000,6.1770
192314.7280,0,3.3830,6.9190,6.2030
192364.7110,1,3.3550,6.9300,6.1850
192414.6840,0,3.3580,6.9400,6.1700
192464.6620,2,3.3920,6.8850,6.2230
192514.6440,0,3.3090,6.9680,6.2010
192564.6180,1,3.3840,6.9310,6.2110
192614.5970,0,3.3300,6.9270,6.2160
192664.5800,2,3.3310,6.9460,6.1570
192714.5560,0,3.3460,6.8900,6.1980
192764.5350,1,3.3560,6.9400,6.1900
192814.5120,0,3.3310,6.8670,6.1640
192864.4890,2,3.3380,6.9490,6.1740
192914.4700,0,3.3760,6.9070,6.2160
192964.4470,1,3.3410,6.8960,6.1630
193014.4210,0,3.3730,6.8980,6.1910
193064.3990,2,3.3460,6.9100,6.1890
193114.3800,0,3.3020,6.9460,6.1930
193164.3600,1,3.3520,6.8680,6.2040
193214.3360,0,3.3400,6.8430,6.2190
193264.3090,2,3.3640,6.8400,6.1940
193314.2890,0,3.3690,6.8330,6.1750
193364.2710,1,3.3610,6.8550,6.1830
193414.2450,0,3.3570,6.8840,6.2040
193464.2260,2,3.3430,6.8660,6.2060
193514.2060,0,3.3510,6.9450,6.1640
193564.1800,1,3.3490,6.9140,6.1600
193614.1590,0,3.3000,6.9190,6.2130
193664.1380,2,3.3450,6.9320,6.2200
193714.1160,0,3.3350,6.9700,6.1540
193764.0950,1,3.3460,6.9920,6.1890
193814.0720,0,3.3200,6.8820,6.2100
193864.0510,2,3.3620,6.9340,6.1990
193914.0230,0,3.3550,6.8800,6.1820
193964.0040,1,3.3220,6.9020,6.1960
194013.9830,0,3.3110,6.9120,6.1880
194063.9590,2,3.3330,6.8880,6.2240
194113.9350,0,3.3490,6.8650,6.1560
194163.9190,1,3.3210,6.9560,6.1780
194213.8910,0,3.2720,6.9410,6.1790
194263.8690,2,3.3340,6.9700,6.1730
194313.8500,0,3.3090,6.9870,6.1540
194363.8280,1,3.3140,6.9800,6.2520
194413.8050,0,3.3280,6.9240,6.2200
194463.7860,2,3.3420,6.8760,6.1920
194513.7640,0,3.3460,6.8910,6.1850
194563.7420,1,3.3210,6.9180,6.1790
194613.7180,0,3.3430,6.9140,6.1420
194663.6970,2,3.3430,6.8850,6.1720
194713.6770,0,3.3560,6.8380,6.1850
194763.6480,1,3.3880,6.8700,6.1810
194813.6270,0,3.3370,6.9190,6.1690
194863.6100,2,3.3790,6.9050,6.1810
194913.5840,0,3.3600,6.8920,6.1890
194963.5610,1,3.3450,6.9480,6.1740
195013.5440,0,3.3570,6.9780,6.1980
195063.5190,2,3.3370,6.9580,6.2080
195113.4990,0,3.3510,6.9870,6.1630
195163.4760,1,3.3020,6.9620,6.1430
195213.4500,0,3.3500,6.9300,6.1870
195263.4330,2,3.3860,6.9640,6.1850
195313.4080,0,3.3630,7.0050,6.1930
195363.3850,1,3.3350,6.9550,6.1800
195413.3660,0,3.3190,6.9320,6.1920
195463.3440,2,3.3630,6.9430,6.1870
195513.3190,0,3.3590,6.9950,6.2070
195563.3010,1,3.3320,6.9440,6.1550
195613.2790,0,3.3550,6.9420,6.1760
195663.2570,2,3.3280,7.0010,6.1850
195713.2350,0,3.3080,6.9770,6.2270
195763.2090,1,3.3340,6.9630,6.1830
195813.1900,0,3.3740,6.9340,6.1710
195863.1680,2,3.3400,6.9050,6.2300
195913.1470,0,3.3310,6.9180,6.2190
195963.1250,1,3.3460,6.9080,6.1860
196013.1010,0,3.3220,6.8770,6.2000
196063.0750,2,3.3030,6.8730,6.2060
196113.0570,0,3.3620,6.8690,6.2110
196163.0360,1,3.3200,6.8720,6.1870
196213.0090,0,3.3680,6.8350,6.1930
196262.9870,2,3.3380,6.9240,6.1680
196312.9690,0,3.3850,6.8620,6.1770
196362.9480,1,3.3350,6.8860,6.2200
196412.9270,0,3.3490,6.8650,6.1930
196462.9030,2,3.3320,6.8440,6.1930
196512.8810,0,3.3080,6.8870,6.1930
196562.8560,1,3.3550,6.8440,6.2250
196612.8350,0,3.3740,6.8510,6.1600
196662.8180,2,3.3510,6.8470,6.1730
196712.7940,0,3.3500,6.8940,6.1890
196762.7710,1,3.3400,6.8780,6.1610
196812.7460,0,3.3530,6.9230,6.1750
196862.7240,2,3.3990,6.9300,6.2120
196912.7050,0,3.3280,6.9260,6.1760
196962.6850,1,3.3070,6.9170,6.1450
197012.6610,0,3.3390,6.8720,6.2020
197062.6350,2,3.3450,6.8800,6.1920
197112.6180,0,3.3520,6.9090,6.1810
197162.5950,1,3.3300,6.8650,6.2160
197212.5720,0,3.3460,6.8180,6.2060
197262.5510,2,3.3330,6.8360,6.1700
197312.5300,0,3.3590,6.8880,6.1920
197362.5060,1,3.3700,6.9060,6.1700
197412.4850,0,3.3220,6.9210,6.2070
197462.4610,2,3.3070,6.8960,6.1920
197512.4370,0,3.3250,6.8860,6.1610
197562.4200,1,3.3440,6.9060,6.1780
197612.3960,0,3.3070,6.8590,6.2040
197662.3770,2,3.3590,6.9200,6.2150
197712.3510,0,3.3580,6.9000,6.1910
197762.3270,1,3.3240,6.8770,6.1690
197812.3100,0,3.3370,6.9180,6.1930
197862.2840,2,3.3040,6.8920,6.1680
197912.2660,0,3.4060,6.8840,6.1980
197962.2380,1,3.3400,6.8800,6.1390
198012.2210,0,3.3750,6.8910,6.1880
198062.1940,2,3.3230,6.8850,6.1960
198112.1780,0,3.3140,6.9100,6.1650
198162.1530,1,3.3300,6.8930,6.2340
198212.1300,0,3.3370,6.9370,6.2220
198262.1120,2,3.3520,6.8920,6.1870
198312.0870,0,3.3260,6.9110,6.2100
198362.0680,1,3.3490,6.9200,6.1650
198412.0420,0,3.3210,6.9250,6.1570
198462.0230,2,3.3380,6.9270,6.1910
198512.0010,0,3.3150,6.8990,6.2040
198561.9770,1,3.2850,6.8580,6.1620
198611.9560,0,3.3420,6.8780,6.2180
198661.9340,2,3.3620,6.9100,6.1850
198711.9140,0,3.3630,6.8870,6.2000
198761.8880,1,3.3240,6.9240,6.2260
198811.8640,0,3.3220,6.9050,6.2020
198861.8430,2,3.3150,6.9060,6.2230
198911.8250,0,3.3700,6.9400,6.2000
198961.8010,1,3.3780,6.9380,6.2200
199011.7780,0,3.3250,6.9360,6.1630
199061.7590,2,3.3030,6.8790,6.1970
199111.7340,0,3.2780,6.8700,6.1870
199161.7140,1,3.3410,6.9090,6.1840
199211.6910,0,3.3570,6.9080,6.2130
199261.6690,2,3.3490,6.8880,6.1810
199311.6430,0,3.3580,6.8750,6.1880
199361.6260,1,3.3220,6.9190,6.2030
199411.6030,0,3.3480,6.9090,6.1890
199461.5790,2,3.3040,6.9350,6.2030
199511.5560,0,3.3550,6.8980,6.1880
199561.5350,1,3.3510,6.9230,6.1950
199611.5120,0,3.3440,6.9190,6.1740
199661.4910,2,3.3600,6.8750,6.1510
199711.4690,0,3.3100,6.8890,6.1840
199761.4480,1,3.3590,6.8780,6.1750
199811.4280,0,3.3390,6.8350,6.1860
199861.4030,2,3.3630,6.8640,6.1910
199911.3850,0,3.3490,6.8480,6.2210
199961.3610,1,3.3320,6.8710,6.1900
200011.3410,0,3.3340,6.9020,6.1450
200061.3180,2,3.3140,6.9140,6.1620
200111.2910,0,3.3460,6.8670,6.1690
200161.2750,1,3.3400,6.8890,6.1720
200211.2500,0,3.3370,6.8980,6.1920
200261.2270,2,3.3390,6.8690,6.1720
200311.2020,0,3.3360,6.8880,6.1920
200361.1870,1,3.3360,6.9070,6.1740
200411.1620,0,3.3590,6.8900,6.2160
200461.1380,2,3.3290,6.9040,6.1550
200511.1200,0,3.3860,6.8450,6.2090
200561.0950,1,3.3360,6.8570,6.2350
200611.0730,0,3.3740,6.9030,6.1750
200661.0500,2,3.3740,6.9170,6.1880
200711.0290,0,3.3520,6.8790,6.2070
200761.0070,1,3.3700,6.9100,6.1950
200810.9880,0,3.3560,6.9390,6.2030
200860.9630,2,3.3440,7.0140,6.1950
200910.9430,0,3.3240,6.9970,6.1970
200960.9200,1,3.3500,6.9670,6.1830
201010.9010,0,3.3570,6.9180,6.1990
201060.8760,2,3.3630,6.9650,6.1820
201110.8540,0,3.3060,6.9270,6.1640
201160.8310,1,3.3780,6.9820,6.1900
201210.8090,0,3.2890,6.9720,6.1620
201260.7850,2,3.3970,6.9860,6.1500
201310.7620,0,3.3190,6.9370,6.1650
201360.7440,1,3.2960,7.0030,6.2030
201410.7230,0,3.3840,6.9540,6.2160
201460.7020,2,3.3450,6.9380,6.2050
201510.6750,0,3.3560,6.9320,6.1620
201560.6540,1,3.3290,6.9200,6.1620
201610.6300,0,3.3320,6.9340,6.2040
201660.6100,2,3.3490,6.9570,6.1940
201710.5920,0,3.3660,6.8870,6.1910
201760.5650,1,3.3300,6.9330,6.1870
201810.5420,0,3.3300,6.9190,6.1810
201860.5200,2,3.3010,6.9590,6.1870
201910.5020,0,3.3210,6.9390,6.1650
201960.4780,1,3.3360,6.9380,6.2020
202010.4530,0,3.3180,6.9370,6.1730
202060.4340,2,3.3430,6.9430,6.1800
202110.4150,0,3.3200,6.9610,6.1670
202160.3930,1,3.3540,6.9490,6.1830
202210.3660,0,3.3620,6.9420,6.2040
202260.3440,2,3.3570,6.9540,6.1900
202310.3240,0,3.3690,6.8800,6.1930
202360.3040,1,3.3360,6.8960,6.2160
202410.2790,0,3.2840,6.8710,6.1780
202460.2620,2,3.3080,6.9130,6.2440
202510.2350,0,3.3200,6.9150,6.1420
202560.2150,1,3.3320,6.8620,6.1760
202610.1940,0,3.3180,6.8800,6.1640
202660.1690,2,3.2900,6.8910,6.1990
202710.1460,0,3.3600,6.8920,6.1980
202760.1270,1,3.3340,6.9170,6.1750
202810.1060,0,3.3660,6.8760,6.1690
202860.0800,2,3.3430,6.8780,6.1690
202910.0580,0,3.3560,6.9260,6.2390
202960.0350,1,3.3000,7.0160,6.1780
203010.0130,0,3.3480,6.9310,6.1960
203059.9940,2,3.3260,6.9180,6.1820
203109.9710,0,3.3320,6.9190,6.2270
203159.9530,1,3.3550,6.9220,6.2370
203209.9250,0,3.3680,6.9080,6.2160
203259.9090,2,3.3460,6.9500,6.1960
203309.8820,0,3.3650,6.8780,6.1750
203359.8610,1,3.3070,6.9280,6.1620
203409.8390,0,3.3510,6.8960,6.2070
203459.8210,2,3.3250,6.9660,6.2110
203509.7960,0,3.3310,6.9910,6.1520
203559.7740,1,3.3440,6.9260,6.2060
203609.7490,0,3.3120,6.9850,6.2250
203659.7330,2,3.3110,7.0010,6.1330
203709.7050,0,3.3700,6.9740,6.2030
203759.6870,1,3.3570,6.9630,6.1840
203809.6670,0,3.3610,6.9480,6.1750
203859.6400,2,3.3330,6.9380,6.1900
203909.6190,0,3.3120,6.9440,6.1670
203959.5980,1,3.3120,6.9410,6.1640
204009.5780,0,3.3250,6.9230,6.1250
204059.5570,2,3.3350,6.8900,6.2040
204109.5280,0,3.3330,6.8820,6.1450
204159.5130,1,3.3300,6.9350,6.2060
204209.4860,0,3.3430,6.9120,6.2360
204259.4680,2,3.3330,6.8930,6.2240
204309.4420,0,3.3230,6.9210,6.1490
204359.4200,1,3.3280,6.9270,6.2000
204409.3980,0,3.3750,6.8940,6.1710
204459.3790,2,3.3280,6.9100,6.2520
204509.3580,0,3.2920,6.8920,6.2360
204559.3370,1,3.3440,6.8980,6.1590
204609.3150,0,3.3260,6.8580,6.2000
204659.2860,2,3.3140,6.8190,6.1560
204709.2690,0,3.3390,6.8710,6.1950
204759.2450,1,3.3460,6.8640,6.1800
204809.2230,0,3.3430,6.8590,6.2070
204859.1990,2,3.3380,6.9060,6.1770
204909.1770,0,3.3000,6.9020,6.2300
204959.1560,1,3.3450,6.9130,6.1710
205009.1330,0,3.3560,6.8720,6.1850
205059.1170,2,3.2680,6.8770,6.2110
205109.0930,0,3.3240,6.8880,6.1690
205159.0680,1,3.3360,6.8810,6.2180
205209.0480,0,3.3270,6.8930,6.1530
205259.0280,2,3.3470,6.8970,6.1620
205309.0020,0,3.3500,6.9310,6.1860
205358.9800,1,3.3350,6.8290,6.2080
205408.9600,0,3.3300,6.8580,6.1910
205458.9390,2,3.3830,6.9190,6.1470
205508.9150,0,3.3680,6.9590,6.1940
205558.8910,1,3.3570,7.0130,6.1630
205608.8700,0,3.3190,6.9960,6.1550
205658.8460,2,3.3110,6.9850,6.2060
205708.8250,0,3.3440,6.9830,6.1780
205758.8070,1,3.3440,6.9460,6.2060
205808.7800,0,3.3550,6.9490,6.1830
205858.7590,2,3.3310,6.9520,6.1390
205908.7420,0,3.3410,6.9670,6.1600
205958.7150,1,3.3240,6.9250,6.2070
206008.6970,0,3.3460,6.9590,6.1680
206058.6740,2,3.4010,6.9960,6.2230
206108.6510,0,3.3130,6.9600,6.1940
206158.6330,1,3.3010,7.0020,6.2180
206208.6040,0,3.3430,6.9470,6.1970
206258.5850,2,3.3250,7.0310,6.1700
206308.5600,0,3.2870,6.9280,6.2160
206358.5420,1,3.3170,6.9560,6.1790
206408.5210,0,3.3400,6.9890,6.1710
206458.4980,2,3.3610,6.9520,6.2100
206508.4790,0,3.3510,6.9290,6.1890
206558.4530,1,3.3110,6.8670,6.2190
206608.4280,0,3.3500,6.8930,6.1570
206658.4090,2,3.3480,6.9040,6.2070
206708.3910,0,3.3810,6.9110,6.1730
206758.3660,1,3.2910,6.8820,6.1700
206808.3410,0,3.3370,6.9430,6.1860
206858.3210,2,3.3780,6.9200,6.1650
206908.3020,0,3.2760,6.8940,6.2310
206958.2770,0,3.2980,6.9290,6.1580
207008.2530,1,3.3420,6.8290,6.1570
207058.2350,2,3.3200,6.8210,6.1760
207108.2090,0,3.3690,6.8660,6.1590
207158.1890,1,3.3370,6.8080,6.2250
207208.1690,0,3.3400,6.8960,6.1650
207258.1430,2,3.3510,6.8640,6.2040
207308.1270,0,3.3440,6.8830,6.2040
207358.1010,0,3.3540,6.8980,6.1910
207408.0770,1,3.3510,6.8830,6.1610
207458.0600,2,3.3640,6.8770,6.2190
207508.0320,0,3.3390,6.8870,6.2430
207558.0110,1,3.3220,6.8890,6.2160
207607.9910,0,3.3070,6.9220,6.2080
207657.9720,2,3.3020,6.8790,6.2200
207707.9440,0,3.3850,6.8840,6.2010
207757.9270,0,3.3390,6.8600,6.1500
207807.9030,1,3.3530,6.8970,6.2150
207857.8840,2,3.3390,6.8630,6.1880
207907.8630,0,3.3350,6.8740,6.1860
207957.8390,1,3.3110,6.8610,6.1670
208007.8170,0,3.3100,6.8530,6.2060
208057.7940,2,3.3350,6.8560,6.1920
208107.7730,0,3.3560,6.8470,6.2480
208157.7500,0,3.3280,6.8790,6.2060
208207.7280,1,3.3300,6.8530,6.1900
208257.7050,2,3.3430,6.8720,6.1620
208307.6820,0,3.3740,6.8330,6.2010
208357.6600,1,3.3380,6.8150,6.2090
208407.6370,0,3.3790,6.8320,6.1740
208457.6200,0,3.3300,6.8450,6.1880
208507.5950,2,3.2940,6.8480,6.2030
208557.5700,0,3.3900,6.9340,6.1600
208607.5480,1,3.3100,6.9490,6.2050
208657.5310,2,3.3120,7.0290,6.1980
208707.5080,0,3.3470,6.9380,6.2050
208757.4840,1,3.3330,6.9620,6.1480
208807.4650,0,3.3600,6.9290,6.1740
208857.4380,0,3.3530,6.9230,6.1720
208907.4170,2,3.3550,6.8940,6.2200
208957.3950,0,3.3190,6.8720,6.1980
209007.3740,1,3.2950,6.8940,6.1840
209057.3520,2,3.3290,6.8500,6.1960
209107.3340,0,3.3300,6.8340,6.1550
209157.3110,1,3.3450,6.8820,6.1830
209207.2880,0,3.3580,6.8700,6.2330
209257.2630,0,3.3520,6.8820,6.2370
209307.2430,2,3.3410,6.8570,6.1440
209357.2230,0,3.3610,6.8370,6.1460
209407.1960,1,3.3520,6.9010,6.2030
209457.1800,2,3.2810,6.8400,6.1820
209507.1580,0,3.3280,6.8830,6.2210
209557.1340,1,3.3260,6.8650,6.2100
209607.1080,0,3.3510,6.8360,6.2150
209657.0870,0,3.2890,6.8900,6.2130
209707.0660,2,3.3200,6.8600,6.1770
209757.0480,0,3.3420,6.8740,6.1650
209807.0240,1,3.3250,6.8540,6.1520
209856.9980,2,3.3460,6.8070,6.1550
209906.9800,0,3.3470,6.8060,6.2070
209956.9560,1,3.3490,6.8360,6.1650
210006.9360,0,3.3490,6.8550,6.1840
210056.9130,0,3.3270,6.8810,6.1930
210106.8940,2,3.3500,6.8790,6.1970
210156.8720,0,3.3490,6.8180,6.1800
210206.8490,1,3.3320,6.8520,6.1720
210256.8280,2,3.3440,6.8800,6.1850
210306.8050,0,3.3680,6.8250,6.1650
210356.7810,0,3.3570,6.8680,6.1990
210406.7590,1,3.3540,6.8640,6.1770
210456.7360,0,3.2970,6.8860,6.1600
210506.7160,2,3.3390,6.8890,6.1740
210556.6910,0,3.3170,6.9060,6.1740
210606.6730,1,3.3730,6.9520,6.2650
210656.6510,2,3.3640,6.9220,6.1580
210706.6270,0,3.3630,6.9280,6.1760
210756.6070,0,3.4000,6.9380,6.1820
210806.5830,1,3.3380,6.8650,6.1950
210856.5610,0,3.3750,6.8370,6.1570
210906.5410,2,3.3210,6.8560,6.1980
210956.5180,0,3.3180,6.8650,6.1950
211006.4950,1,3.3240,6.8080,6.2030
211056.4730,0,3.3400,6.8510,6.1810
211106.4510,2,3.3450,6.8640,6.2240
211156.4310,0,3.3100,6.9410,6.1700
211206.4030,1,3.3510,6.8750,6.1560
211256.3850,2,3.3280,6.8390,6.1920
211306.3650,0,3.3420,6.8600,6.1290
211356.3420,0,3.3540,6.8330,6.1920
211406.3190,1,3.3280,6.8320,6.1610
211456.2960,0,3.3730,6.8790,6.1580
211506.2760,2,3.3420,6.8050,6.2240
211556.2540,0,3.3680,6.8150,6.1770
211606.2340,1,3.3390,6.8250,6.2010
211656.2120,2,3.3320,6.8760,6.2120
211706.1850,0,3.3590,6.8660,6.1510
211756.1650,0,3.3300,6.8490,6.1890
211806.1450,1,3.3090,6.8150,6.2020
211856.1220,0,3.3010,6.8750,6.1320
211906.1010,2,3.3060,6.8220,6.2020
211956.0750,0,3.3200,6.8420,6.1330
212006.0520,1,3.3620,6.8480,6.1840
212056.0320,0,3.3710,6.8340,6.2180
212106.0080,2,3.3660,6.8390,6.1960
212155.9880,0,3.3620,6.8110,6.2170
212205.9690,1,3.3470,6.8590,6.1750
212255.9470,0,3.3100,6.8580,6.1650
212305.9200,2,3.3370,6.8640,6.2210
212355.9030,0,3.3450,6.8160,6.1820
212405.8790,1,3.3310,6.8410,6.2000
212455.8540,0,3.2960,6.8450,6.1760
212505.8320,2,3.3580,6.8550,6.1860
212555.8120,0,3.3670,6.8720,6.1630
212605.7880,1,3.3660,6.8610,6.1950
212655.7690,0,3.3570,6.8580,6.1610
212705.7480,2,3.3220,6.7970,6.1880
212755.7260,0,3.3220,6.8810,6.1680
212805.7050,1,3.3440,6.8870,6.1870
212855.6830,0,3.3330,6.9010,6.1800
212905.6560,2,3.3310,6.9460,6.2030
212955.6340,0,3.3440,6.8740,6.1820
213005.6170,1,3.3250,6.9230,6.2530
213055.5960,0,3.3650,6.9070,6.1730
213105.5690,2,3.3580,6.8660,6.2030
213155.5510,0,3.3060,6.8740,6.2040
213205.5240,1,3.3070,6.8750,6.1440
213255.5060,0,3.3270,6.9040,6.1690
213305.4810,2,3.3390,6.8800,6.1780
213355.4640,0,3.3680,6.8390,6.2150
213405.4400,1,3.3210,6.8610,6.1940
213455.4140,0,3.3110,6.8500,6.1970
213505.3960,2,3.3460,6.8630,6.1540
213555.3700,0,3.3550,6.8540,6.1980
213605.3490,1,3.3090,6.8760,6.2360
213655.3310,0,3.3440,6.8840,6.1750
213705.3080,2,3.3430,6.8440,6.1780
213755.2880,0,3.3590,6.8810,6.2210
213805.2610,1,3.3720,6.8400,6.2160
213855.2410,0,3.3680,6.8780,6.1600
213905.2160,2,3.3250,6.9650,6.1970
213955.1990,0,3.3400,6.8630,6.1860
214005.1730,1,3.3490,6.7760,6.1710
214055.1500,0,3.3540,6.8400,6.2030
214105.1290,2,3.3070,6.8400,6.1890
214155.1080,0,3.3150,6.8330,6.1930
214205.0900,1,3.3320,6.8450,6.1420
214255.0660,0,3.3160,6.8540,6.2000
214305.0430,2,3.3250,6.8900,6.2100
214355.0220,0,3.3380,6.9700,6.1850
214404.9970,1,3.3270,6.9210,6.2150
214454.9780,0,3.3040,6.9320,6.1780
214504.9540,2,3.3580,6.9020,6.2010
214554.9360,0,3.3220,6.9310,6.1420
214604.9110,1,3.3310,6.9320,6.2020
214654.8910,0,3.3360,6.9000,6.2060
214704.8690,2,3.3520,6.8980,6.2100
214754.8480,0,3.3500,6.8800,6.2160
214804.8250,1,3.3370,6.8580,6.1730
214854.7980,0,3.3330,6.9070,6.1860
214904.7760,2,3.3210,6.8930,6.2010
214954.7550,0,3.3380,6.8940,6.1800
215004.7320,1,3.3150,6.9280,6.1580
215054.7120,0,3.3320,6.9000,6.1750
215104.6920,2,3.3100,6.8980,6.1760
215154.6720,0,3.3230,6.8970,6.2070
215204.6490,1,3.3360,6.9000,6.1570
215254.6250,0,3.3400,6.9280,6.1790
215304.6050,2,3.3510,6.8500,6.1810
215354.5820,0,3.2980,6.8770,6.1690
215404.5600,1,3.3470,6.8850,6.1910
215454.5390,0,3.3280,6.8820,6.2030
215504.5160,2,3.2870,6.8710,6.1340
215554.4960,0,3.3630,6.8800,6.1760
215604.4700,1,3.3160,6.8700,6.2050
215654.4460,0,3.3500,6.8920,6.1900
215704.4260,2,3.3740,6.8550,6.1860
215754.4020,0,3.3450,6.8180,6.1970
215804.3860,1,3.3220,6.8700,6.2340
215854.3630,0,3.3430,6.9000,6.1800
215904.3420,2,3.2910,6.9090,6.1700
215954.3190,0,3.2950,6.9140,6.1840
216004.2940,1,3.3190,6.9250,6.2180
216054.2720,0,3.3260,6.9490,6.1780
216104.2520,2,3.3180,6.9460,6.1910
216154.2260,0,3.3540,6.9120,6.2200
216204.2050,1,3.3540,6.8850,6.1660
216254.1830,0,3.3040,6.9480,6.1890
216304.1630,2,3.3020,6.9040,6.1690
216354.1400,0,3.3000,6.9080,6.2290
216404.1180,1,3.3310,6.8580,6.1750
216454.0980,0,3.3330,6.8760,6.1650
216504.0730,2,3.3430,6.8280,6.1750
216554.0560,0,3.3310,6.8660,6.1630
216604.0280,1,3.3690,6.8970,6.1740
216654.0080,0,3.3440,6.8930,6.1640
216703.9900,2,3.3260,6.8550,6.1760
216753.9650,0,3.3210,6.9590,6.2350
216803.9430,1,3.3400,6.9750,6.1740
216853.9190,0,3.3010,6.9770,6.1370
216903.9020,2,3.3170,7.0480,6.1970
216953.8800,0,3.2900,6.9710,6.1550
217003.8530,1,3.3140,7.0180,6.1920
217053.8370,0,3.3280,7.0560,6.1650
217103.8110,2,3.3570,7.0130,6.1620
217153.7920,0,3.3650,7.0000,6.1360
217203.7700,1,3.3140,7.0590,6.1390
217253.7460,0,3.3330,7.0730,6.1920
217303.7230,2,3.3240,7.0190,6.1680
217353.7040,0,3.3450,7.0230,6.1440
217403.6810,1,3.2990,6.9580,6.1750
217453.6600,0,3.3080,6.9550,6.2110
217503.6320,2,3.3700,6.9520,6.1500
217553.6100,0,3.3300,6.9850,6.1400
217603.5920,1,3.3190,6.9960,6.1930
217653.5690,0,3.3480,6.9280,6.1390
217703.5460,2,3.2990,7.0170,6.1900
217753.5220,0,3.3750,7.0520,6.2240
217803.5030,1,3.3210,7.0530,6.1980
217853.4780,0,3.3210,6.9750,6.1500
217903.4560,2,3.3190,7.0260,6.2030
217953.4410,0,3.3280,6.9130,6.1680
218003.4170,1,3.3770,6.9450,6.1660
218053.3900,0,3.2790,6.9280,6.1700
218103.3690,2,3.3330,6.9450,6.1600
218153.3520,0,3.3380,6.9030,6.2080
218203.3290,1,3.3210,6.9340,6.1620
218253.3020,0,3.3180,6.8960,6.1800
218303.2840,2,3.3200,6.8840,6.2080
218353.2640,0,3.3200,6.9340,6.1900
218403.2390,1,3.2910,6.8990,6.1820
218453.2190,0,3.3140,6.9570,6.1300
218503.1990,2,3.3150,6.9540,6.1370
218553.1770,0,3.3430,6.9010,6.1590
218603.1540,1,3.3110,6.9940,6.1870
218653.1300,0,3.2970,6.9410,6.1670
218703.1050,2,3.3280,6.9210,6.1980
218753.0880,0,3.3210,6.8820,6.2090
218803.0650,0,3.3450,6.8850,6.1530
218853.0410,0,3.3970,6.9010,6.1970
218903.0210,0,3.3410,6.8860,6.1860
218952.9940,0,3.3280,6.9330,6.2150
219002.9770,0,3.3580,6.8980,6.1830
219052.9530,0,3.3530,6.8950,6.1850
219102.9330,0,3.2690,6.8940,6.2060
219152.9100,0,3.2970,7.0040,6.1780
219202.8880,0,3.3180,6.9960,6.1960
219252.8640,0,3.3470,6.9210,6.2220
219302.8410,0,3.3060,6.9710,6.1990
219352.8230,0,3.2950,6.9560,6.2120
219402.8030,0,3.3190,6.9560,6.1900
219452.7770,0,3.3130,6.9820,6.1800
219502.7590,0,3.3080,6.9460,6.1900
219552.7350,0,3.3280,6.9520,6.1710
219602.7140,0,3.2930,7.0230,6.2020
219652.6910,0,3.3060,7.1050,6.1820
219702.6650,0,3.3020,7.0840,6.1770
219752.6470,0,3.3570,7.0720,6.1620
219802.6270,0,3.3630,7.0900,6.2390
219852.6050,0,3.3080,7.0960,6.1550
219902.5800,0,3.2870,7.1620,6.1870
219952.5610,0,3.3120,7.1110,6.1530
220002.5360,0,3.3310,7.1400,6.2040
220052.5120,0,3.3190,7.0470,6.2110
220102.4900,0,3.3040,7.0460,6.1860
220152.4700,0,3.3030,7.0510,6.1790
220202.4490,0,3.3470,7.0720,6.1680
220252.4250,0,3.2950,7.0660,6.1840
220302.4040,0,3.2980,7.1400,6.1810
220352.3810,0,3.3250,7.0520,6.1470
220402.3610,0,3.3390,7.0560,6.1460
220452.3410,0,3.3170,7.0260,6.1900
220502.3150,0,3.3590,7.0340,6.1750
220552.2950,0,3.3280,6.9090,6.1600
220602.2740,0,3.3420,6.9530,6.1670
220652.2500,0,3.3420,6.9590,6.2160
220702.2280,0,3.3580,6.9530,6.1930
220752.2080,0,3.3200,6.9700,6.1480
220802.1830,0,3.2840,6.9740,6.1640
220852.1600,0,3.3410,6.9910,6.1470
220902.1430,0,3.3140,6.9670,6.1560
220952.1180,0,3.3150,6.9720,6.1880
221002.0960,0,3.3110,6.9340,6.1730
221052.0730,0,3.3090,6.9870,6.2000
221102.0540,0,3.3210,6.9610,6.1810
221152.0320,0,3.2920,6.9620,6.1890
221202.0120,0,3.3020,6.9990,6.2030
221251.9850,0,3.3490,7.0110,6.1700
221301.9660,0,3.3320,7.0100,6.2190
221351.9400,0,3.3380,7.0440,6.1840
221401.9200,0,3.3520,7.0990,6.1850
221451.9000,0,3.3330,7.1270,6.2420
221501.8800,0,3.3150,7.1180,6.1700
221551.8550,0,3.3500,7.0800,6.1610
221601.8320,0,3.3240,7.0750,6.1590
221651.8080,0,3.3290,6.9740,6.1460
221701.7920,0,3.3080,6.9310,6.2200
221751.7660,0,3.3190,6.9980,6.2100
221801.7480,0,3.3350,6.9720,6.1640
221851.7210,0,3.2860,6.8990,6.1770
221901.7020,0,3.3320,6.9630,6.1700
221951.6810,0,3.3530,6.9510,6.1510
222001.6580,0,3.3080,6.9330,6.2040
222051.6350,0,3.2950,6.9810,6.2450
222101.6110,0,3.3290,6.9760,6.1880
222151.5920,0,3.3310,6.9640,6.1640
222201.5710,0,3.3460,6.9420,6.1830
222251.5440,0,3.3540,6.9570,6.1990
222301.5230,0,3.3520,6.8930,6.1770
222351.5040,0,3.2950,6.9310,6.2290
222401.4800,0,3.3060,6.9320,6.1980
222451.4600,0,3.3310,6.9280,6.1810
222501.4370,0,3.3020,6.9540,6.1690
222551.4180,0,3.3090,6.9720,6.2210
222601.3950,0,3.3390,6.9860,6.2170
222651.3690,0,3.3190,6.9240,6.1610
222701.3510,0,3.3320,6.9960,6.1550
222751.3300,0,3.2840,6.9840,6.1620
222801.3070,0,3.3350,6.9560,6.1770
222851.2820,0,3.3430,7.0250,6.1830
222901.2580,0,3.3490,6.9920,6.1920
222951.2430,0,3.2940,7.0020,6.1910
223001.2150,0,3.3260,6.9580,6.1720
223051.1960,0,3.2970,6.9850,6.2100
223101.1740,0,3.3030,6.9810,6.1970
223151.1520,0,3.3370,6.9310,6.1720
223201.1300,0,3.3290,6.9360,6.1800
223251.1100,0,3.3220,6.9050,6.2020
223301.0860,0,3.3100,6.8680,6.2180
223351.0630,0,3.2910,6.9030,6.1860
223401.0390,0,3.3250,6.9090,6.1420
223451.0180,0,3.3550,6.9570,6.1420
223500.9990,0,3.3400,6.8820,6.1710
223550.9740,0,3.3630,6.9030,6.1700
223600.9510,0,3.3120,6.8960,6.1880
223650.9340,0,3.3530,6.9140,6.1760
223700.9120,0,3.3700,6.9780,6.1710
223750.8870,0,3.3410,6.9640,6.1730
223800.8670,0,3.3110,7.0070,6.1640
223850.8450,0,3.2710,6.9770,6.2100
223900.8190,0,3.3430,6.9450,6.1720
223950.8020,0,3.3350,6.9810,6.1880
224000.7770,0,3.3440,6.9660,6.2110
224050.7580,0,3.3530,6.9440,6.1970
224100.7340,0,3.2990,6.9550,6.1790
224150.7140,0,3.3220,6.9120,6.1530
224200.6870,0,3.3480,6.9640,6.1610
224250.6640,0,3.3380,6.9200,6.1810
224300.6450,0,3.3190,6.9580,6.2050
224350.6220,0,3.3120,6.8860,6.1890
224400.6040,0,3.3390,6.9250,6.1930
224450.5800,0,3.3670,6.8490,6.1710
224500.5560,0,3.3540,6.9210,6.2070
224550.5330,0,3.3050,6.8720,6.2120
224600.5130,0,3.3280,6.9870,6.2040
224650.4940,0,3.3120,6.9030,6.1770
224700.4730,0,3.3240,6.8690,6.1880
224750.4490,0,3.3370,6.9050,6.1970
224800.4270,0,3.3070,6.9330,6.1450
224850.4060,0,3.3400,6.8780,6.1700
224900.3840,0,3.3330,6.9080,6.1850
224950.3610,0,3.3320,6.9740,6.1840
225000.3360,0,3.3550,6.8940,6.1830
225050.3190,0,3.3480,6.9010,6.1780
225100.2960,0,3.3090,6.8720,6.1940
225150.2720,0,3.3260,6.8130,6.1850
225200.2530,0,3.3460,6.8840,6.1670
225250.2270,0,3.2700,6.8360,6.1720
225300.2060,0,3.3360,6.8690,6.1920
225350.1820,0,3.3350,6.8330,6.1660
225400.1640,0,3.3140,6.9070,6.1960
225450.1380,0,3.3190,6.8540,6.1840
225500.1200,0,3.3500,6.8790,6.1630
225550.0990,0,3.3190,6.8850,6.1790
225600.0740,0,3.3370,6.9010,6.1730
225650.0550,0,3.3640,6.8960,6.2250
225700.0340,0,3.3540,6.8260,6.1790
225750.0110,0,3.2820,6.8990,6.1520
225799.9870,0,3.3120,6.8330,6.1820
225849.9680,0,3.3300,6.8870,6.1560
225899.9430,0,3.3250,6.8560,6.1770
225949.9210,0,3.3560,6.9340,6.1520
225999.9020,0,3.3220,6.9780,6.2170
226049.8760,0,3.3640,6.9650,6.1940
226099.8540,0,3.3220,6.9410,6.1760
226149.8350,0,3.3460,6.9210,6.1830
226199.8130,0,3.3660,6.9440,6.1970
226249.7900,0,3.3350,6.8850,6.2020
226299.7690,0,3.3300,6.9410,6.1850
226349.7460,0,3.3250,6.9100,6.1910
226399.7260,0,3.3320,6.8980,6.1570
226449.7020,0,3.3450,6.8890,6.1550
226499.6810,0,3.2740,6.9190,6.2120
226549.6550,0,3.3200,6.8580,6.1920
226599.6350,0,3.3740,6.8690,6.1870
226649.6140,0,3.3320,6.8430,6.1820
226699.5930,0,3.3360,6.8840,6.1670
226749.5720,0,3.3390,6.8640,6.2000
226799.5440,0,3.3440,6.8990,6.1380
226849.5270,0,3.3450,6.8930,6.1740
226899.5010,0,3.3080,6.8940,6.1680
226949.4780,0,3.2900,6.9210,6.1850
226999.4600,0,3.3280,6.9890,6.1820
227049.4350,0,3.2900,6.9050,6.1850
227099.4130,0,3.3360,6.8480,6.1820
227149.3900,0,3.3640,6.8540,6.1620
227199.3710,0,3.3320,6.8740,6.2110
227249.3490,0,3.2880,6.8370,6.1730
227299.3300,0,3.2670,6.8790,6.2100
227349.3040,0,3.3230,6.9080,6.2050
227399.2850,0,3.3220,6.9340,6.1850
227449.2610,0,3.3390,6.9230,6.1520
227499.2430,0,3.3300,6.9360,6.1600
227549.2190,0,3.3510,6.9470,6.2280
227599.1920,0,3.3320,6.9800,6.2090
227649.1710,0,3.3010,6.9430,6.1730
227699.1540,0,3.2980,6.9620,6.1970
227749.1310,0,3.3360,6.9590,6.1760
227799.1080,0,3.3360,6.9450,6.1730
227849.0880,0,3.3190,6.9310,6.1530
227899.0610,0,3.3470,6.9460,6.1970
227949.0380,0,3.3360,6.9850,6.1910
227999.0190,0,3.3220,7.0440,6.2300
228048.9960,0,3.3500,7.0570,6.1350
228098.9740,0,3.3250,7.0830,6.1930
228148.9510,0,3.3080,7.0880,6.2140
228198.9270,0,3.2970,7.0750,6.1490
228248.9040,0,3.3410,7.0520,6.1870
228298.8810,0,3.2770,7.0700,6.1520
228348.8600,0,3.2910,7.0020,6.1960
228398.8350,0,3.3210,7.0070,6.1620
228448.8150,0,3.3050,6.9560,6.2010
228498.7920,0,3.3520,6.9440,6.1390
228548.7730,0,3.3550,6.9580,6.2100
228598.7450,0,3.3280,6.9250,6.2000
228648.7280,0,3.3330,6.9420,6.1360
228698.7050,0,3.3510,6.9140,6.1800
228748.6840,0,3.3370,6.8850,6.1720
228798.6620,0,3.3270,6.9080,6.2130
228848.6340,0,3.3490,6.8520,6.2290
228898.6150,0,3.3160,6.8950,6.2120
228948.5890,0,3.3350,6.8800,6.2260
228998.5650,0,3.3310,6.9250,6.1860
229048.5450,0,3.3450,6.8830,6.2020
229098.5260,0,3.3270,6.8640,6.2060
229148.4980,0,3.3080,6.7990,6.2180
229198.4780,0,3.3270,6.8070,6.1470
229248.4530,0,3.3040,6.8350,6.1790
229298.4360,0,3.3280,6.8000,6.2030
229348.4100,0,3.3460,6.8680,6.1880
229398.3890,0,3.3260,6.9000,6.1840
229448.3670,0,3.3660,6.8480,6.2110
229498.3420,0,3.3360,6.8870,6.1630
229548.3170,0,3.3090,6.9180,6.1830
229598.2950,0,3.3490,6.9130,6.1850
229648.2760,0,3.3570,6.8490,6.2070
229698.2560,0,3.3040,6.8950,6.1880
229748.2290,0,3.3120,6.9020,6.1880
229798.2090,0,3.2750,6.8780,6.1570
229848.1840,0,3.3460,6.8690,6.2060
229898.1620,0,3.3340,6.8610,6.2680
229948.1410,0,3.3310,6.8760,6.1690
229998.1180,0,3.3530,6.8090,6.1720
230048.0940,0,3.3410,6.8840,6.1630
230098.0710,0,3.3190,6.9000,6.1820
230148.0500,0,3.3270,6.8680,6.1760
230198.0320,0,3.3510,6.9120,6.1490
230248.0060,0,3.3520,6.8980,6.1640
230297.9830,0,3.3210,6.8730,6.2090
230347.9600,0,3.3510,6.8260,6.2130
230397.9400,0,3.2970,6.8330,6.1720
230447.9150,0,3.3220,6.8360,6.1860
230497.8960,0,3.3400,6.8520,6.1680
230547.8740,0,3.3010,6.8340,6.1760
230597.8510,0,3.2950,6.7930,6.2410
230647.8290,0,3.3210,6.8640,6.2150
230697.8030,0,3.3440,6.8470,6.1820
230747.7800,0,3.3810,6.8280,6.1630
230797.7600,0,3.3490,6.8160,6.1780
230847.7370,0,3.3500,6.8880,6.1360
230897.7100,0,3.3150,6.8430,6.1960
230947.6880,0,3.3340,6.8640,6.1840
230997.6650,0,3.3200,6.8330,6.1710
231047.6480,0,3.3100,6.8310,6.1950
231097.6240,0,3.2580,6.8530,6.1850
231147.6000,0,3.3740,6.8350,6.1810
231197.5770,0,3.3160,6.8710,6.1690
231247.5570,0,3.3790,6.8530,6.1680
231297.5340,0,3.3280,6.8780,6.1530
231347.5100,0,3.2880,6.9060,6.1790
231397.4870,0,3.3450,6.9560,6.1600
231447.4640,0,3.3340,6.9500,6.1820
231497.4460,0,3.3310,6.9160,6.1370
231547.4180,0,3.3180,6.8890,6.1780
231597.3990,0,3.3130,6.9100,6.1910
231647.3780,0,3.3180,6.8900,6.2090
231697.3550,0,3.3410,6.8720,6.2050
231747.3320,0,3.3020,6.8580,6.1950
231797.3050,0,3.2960,6.8670,6.1570
231847.2860,0,3.3250,6.9060,6.1320
231897.2640,0,3.3450,6.9020,6.2200
231947.2440,0,3.3430,6.8660,6.2090
231997.2170,0,3.3430,6.8520,6.1380
232047.1950,0,3.3140,6.8870,6.1890
232097.1770,0,3.3590,6.8810,6.1950
232147.1540,0,3.3240,6.8860,6.1760
232197.1280,0,3.3620,6.8740,6.1990
232247.1080,0,3.3400,6.8260,6.1810
232297.0830,0,3.3410,6.8930,6.1960
232347.0620,0,3.3480,6.8560,6.2050
232397.0390,0,3.3330,6.8590,6.2000
232447.0160,0,3.2800,6.8480,6.1960
232496.9900,0,3.3450,6.8250,6.1650
232546.9730,0,3.3430,6.8480,6.1490
232596.9500,0,3.3260,6.8270,6.2370
232646.9260,0,3.3510,6.8710,6.1900
232696.9060,0,3.3060,6.8090,6.1850
232746.8810,0,3.3030,6.8040,6.2030
232796.8580,0,3.3360,6.8620,6.1940
232846.8380,0,3.3130,6.7900,6.1630
232896.8100,0,3.3300,6.8180,6.1350
232946.7900,0,3.3340,6.8280,6.1680
232996.7680,0,3.2870,6.8480,6.1840
233046.7460,0,3.3350,6.8650,6.1600
233096.7260,0,3.3600,6.8400,6.1920
233146.7010,0,3.3280,6.8230,6.1920
233196.6760,0,3.2960,6.8370,6.1930
233246.6540,0,3.3320,6.8450,6.2040
233296.6310,0,3.3380,6.8670,6.2000
233346.6120,0,3.3200,6.8410,6.1830
233396.5860,0,3.3280,6.7610,6.2200
233446.5630,0,3.3110,6.8160,6.1860
233496.5450,0,3.3260,6.8720,6.1630
233546.5170,0,3.3170,6.8450,6.1780
233596.4990,0,3.3430,6.8400,6.1640
233646.4780,0,3.3320,6.8780,6.1700
233696.4500,0,3.3370,6.9130,6.1700
233746.4280,0,3.2980,6.8730,6.1420
233796.4090,0,3.3290,6.8630,6.2060
233846.3860,0,3.3470,6.8310,6.1390
233896.3660,0,3.3020,6.8850,6.1840
233946.3370,0,3.3170,6.8520,6.1830
233996.3140,0,3.3520,6.8460,6.2160
234046.2930,0,3.3140,6.8690,6.1880
234096.2750,0,3.2970,6.8730,6.1660
234146.2530,0,3.3200,6.9530,6.1810
234196.2290,0,3.3170,6.9700,6.1750
234246.2080,0,3.3110,6.9760,6.2090
234296.1830,0,3.3610,6.9300,6.1760
234346.1580,0,3.3090,6.9800,6.2090
234396.1360,0,3.3000,6.9060,6.1690
234446.1170,0,3.3140,6.8230,6.1860
234496.0930,0,3.2890,6.9790,6.2100
234546.0670,0,3.3020,6.8680,6.1530
234596.0500,0,3.3420,6.8980,6.1980
234646.0250,0,3.3130,6.8920,6.1980
234695.9990,0,3.3070,6.8620,6.1520
234745.9800,0,3.3410,6.9440,6.1750
234795.9590,0,3.3530,6.9170,6.1950
234845.9330,0,3.3710,6.8690,6.1890
234895.9110,0,3.3690,6.9140,6.1720
234945.8860,0,3.3070,6.9510,6.1640
234995.8660,0,3.3250,6.9550,6.1770
235045.8460,0,3.3300,6.9210,6.1300
235095.8250,0,3.3440,6.9290,6.1790
235145.8000,0,3.3270,6.9310,6.1740
235195.7770,0,3.3380,6.9100,6.1930
235245.7540,0,3.2610,6.9150,6.1460
235295.7350,0,3.3720,6.9080,6.1460
235345.7090,0,3.3250,6.8830,6.2070
235395.6850,0,3.3230,6.9460,6.1740
235445.6670,0,3.3330,6.9640,6.1980
235495.6440,0,3.3540,6.9680,6.1920
235545.6190,0,3.2960,6.9490,6.1790
235595.5950,0,3.3000,6.9430,6.1420
235645.5720,0,3.3280,6.9310,6.1480
235695.5510,0,3.3540,6.8970,6.1740
235745.5280,0,3.2800,6.8970,6.1590
235795.5080,0,3.3500,6.9010,6.1960
235845.4840,0,3.2930,6.9000,6.1660
235895.4640,0,3.3650,6.9360,6.2210
235945.4380,0,3.3120,6.8820,6.1880
235995.4150,0,3.2900,6.8760,6.1930
236045.3970,0,3.3500,6.9110,6.1550
236095.3740,0,3.3130,6.9230,6.1950
236145.3510,0,3.3200,6.8600,6.1840
236195.3260,0,3.3240,6.9130,6.1850
236245.3020,0,3.3140,6.9050,6.1770
236295.2820,0,3.3070,6.8750,6.1980
236345.2560,0,3.3470,6.8800,6.1760
236395.2380,0,3.3500,6.9060,6.1930
236445.2140,0,3.3450,6.9240,6.1660
236495.1950,0,3.3010,6.9570,6.1660
236545.1660,0,3.3560,6.9600,6.2010
236595.1480,0,3.3160,6.9510,6.1450
236645.1270,0,3.3260,6.9480,6.1720
236695.1030,0,3.3270,7.0150,6.2090
236745.0800,0,3.3530,6.9850,6.1780
236795.0550,0,3.3000,7.0170,6.1470
236845.0330,0,3.2940,6.9830,6.1440
236895.0140,0,3.3020,7.0130,6.1940
236944.9860,0,3.2790,7.0150,6.1810
236994.9660,0,3.3270,7.0470,6.1420
237044.9440,0,3.3150,7.0350,6.1700
237094.9230,0,3.3330,7.0850,6.1750
237144.8960,0,3.3120,7.0350,6.1640
237194.8750,0,3.2880,7.0620,6.2050
237244.8530,0,3.2940,7.1000,6.1930
237294.8310,0,3.3060,7.0630,6.2000
237344.8070,0,3.2830,7.0620,6.1630
237394.7850,0,3.3570,7.0520,6.1340
237444.7620,0,3.3070,6.9950,6.1750
237494.7420,0,3.3580,6.9920,6.1660
237544.7200,0,3.3010,6.9470,6.1640
237594.6940,0,3.3440,7.0090,6.1580
237644.6740,0,3.3400,6.9850,6.2250
237694.6480,0,3.3290,6.9270,6.1410
237744.6310,0,3.3620,6.9700,6.2290
237794.6070,0,3.3080,6.9670,6.2290
237844.5860,0,3.3040,7.0250,6.1870
237894.5630,0,3.2940,6.9990,6.1720
237944.5390,0,3.3030,7.0510,6.1730
237994.5170,0,3.2690,7.0190,6.1900
238044.4930,0,3.2890,7.0120,6.1970
238094.4720,0,3.2930,7.0620,6.2030
238144.4510,0,3.2870,7.0430,6.1870
238194.4250,0,3.3450,7.0280,6.1750
238244.4060,0,3.3070,7.0080,6.1580
238294.3810,0,3.2640,7.0200,6.1880
238344.3590,0,3.3140,7.0190,6.1910
238394.3380,0,3.2940,6.9740,6.1740
238444.3110,0,3.3460,6.9770,6.1320
238494.2880,0,3.3460,7.0020,6.1770
238544.2700,0,3.3030,6.9500,6.1880
238594.2480,0,3.2940,6.9700,6.1860
238644.2210,0,3.2790,6.9740,6.2080
238694.2000,0,3.3270,6.9520,6.1830
238744.1760,0,3.2800,6.9510,6.1880
238794.1550,0,3.3340,6.9640,6.1660
238844.1330,0,3.3580,6.9610,6.1920
238894.1110,0,3.3050,6.9810,6.1820
238944.0900,0,3.3450,6.9430,6.1920
238994.0660,0,3.2970,6.9290,6.1800
239044.0420,0,3.2840,6.9050,6.1810
239094.0190,0,3.2690,6.9610,6.1780
239143.9970,0,3.3330,6.9740,6.2430
239193.9740,0,3.3090,7.0070,6.1910
239243.9520,0,3.3140,6.9950,6.1450
239293.9290,0,3.3390,7.0110,6.1740
239343.9060,0,3.3360,7.0070,6.1750
239393.8820,0,3.3510,6.9780,6.1690
239443.8610,0,3.3080,6.9320,6.1830
239493.8380,0,3.3180,6.9790,6.1400
239543.8160,0,3.2900,6.9890,6.2080
239593.7920,0,3.3160,6.9310,6.1600
239643.7700,0,3.3030,7.0150,6.1780
239693.7480,0,3.3610,6.9510,6.1850
239743.7300,0,3.2840,6.9840,6.1830
239793.7020,0,3.3370,6.9810,6.1650
239843.6830,0,3.2960,6.9710,6.1980
239893.6580,0,3.2960,6.9640,6.2070
239943.6420,0,3.2840,6.9140,6.1640
239993.6140,0,3.3190,6.8920,6.1900
240043.5950,0,3.3090,6.9530,6.1700
240093.5750,0,3.2920,6.9570,6.2070
240143.5510,0,3.3180,6.9710,6.1430
240193.5290,0,3.3350,6.9760,6.1830
240243.5110,0,3.2970,7.0360,6.1750
240293.4880,0,3.3010,7.0670,6.1730
240343.4680,0,3.3460,6.9530,6.1990
240393.4430,0,3.2850,6.9450,6.1860
240443.4230,0,3.2820,6.9590,6.1720
240493.3990,0,3.3150,6.9670,6.1590
240543.3790,0,3.2970,6.9170,6.1320
240593.3560,0,3.3540,7.0140,6.1560
240643.3310,0,3.3240,6.9860,6.1960
240693.3150,0,3.3020,7.0370,6.2000
240743.2940,0,3.3240,6.9770,6.1760
240793.2690,0,3.2980,6.9940,6.1460
240843.2460,0,3.3000,6.9850,6.1310
240893.2230,0,3.3320,6.9920,6.1640
240943.2030,0,3.3070,6.9700,6.1760
240993.1820,0,3.3360,6.9450,6.1370
241043.1580,0,3.3110,7.0100,6.1600
241093.1360,0,3.2850,6.9790,6.1830
241143.1130,0,3.3090,6.9590,6.1880
241193.0980,0,3.3050,6.9460,6.1750
241243.0730,0,3.2950,7.0080,6.1160
241293.0540,0,3.3120,6.9810,6.1760
241343.0270,0,3.3180,6.9380,6.1950
241393.0110,0,3.3200,6.9890,6.1920
241442.9870,0,3.2720,6.9880,6.1960
241492.9660,0,3.2920,7.0300,6.1860
241542.9420,0,3.3200,7.0360,6.2110
241592.9180,0,3.2800,7.0210,6.1620
241642.9020,0,3.3130,7.0320,6.1710
241692.8770,0,3.2890,7.0150,6.1550
241742.8530,0,3.3230,6.9830,6.2150
241792.8310,0,3.3340,6.9330,6.1650
241842.8080,0,3.3150,6.9420,6.1770
241892.7910,0,3.2970,6.9820,6.1980
241942.7710,0,3.3140,6.9710,6.1680
241992.7440,0,3.3160,7.0050,6.2430
242042.7250,0,3.3290,6.9760,6.1570
242092.7030,0,3.3200,6.9940,6.1620
242142.6790,0,3.3430,6.9050,6.1360
242192.6590,0,3.3430,6.9160,6.1770
242242.6400,0,3.3250,6.9410,6.1830
242292.6140,0,3.3160,6.9760,6.1840
242342.5970,0,3.3300,6.9380,6.2020
242392.5700,0,3.2830,6.9870,6.2010
242442.5510,0,3.3030,6.9580,6.1690
242492.5280,0,3.3300,6.9180,6.1930
242542.5090,0,3.2790,6.9860,6.1810
242592.4880,0,3.3490,6.9280,6.1950
242642.4610,0,3.3600,6.9040,6.1660
242692.4440,0,3.3320,6.8740,6.1660
242742.4200,0,3.3100,6.8880,6.1840
242792.3980,0,3.3600,6.9360,6.1850
242842.3800,0,3.3260,6.9650,6.1870
242892.3570,0,3.2950,6.9110,6.1440
242942.3320,0,3.3550,6.9380,6.1680
242992.3130,0,3.3430,6.8970,6.1830
243042.2880,0,3.2970,6.9140,6.1560
243092.2690,0,3.3200,6.9790,6.2000
243142.2450,0,3.3200,6.9770,6.2170
243192.2270,0,3.3010,6.9510,6.1740
243242.2060,0,3.2820,6.9330,6.1650
243292.1840,0,3.3450,6.8840,6.2190
243342.1590,0,3.3250,6.9320,6.1610
243392.1350,0,3.2830,6.9260,6.2160
243442.1140,0,3.3050,6.8970,6.1830
243492.0920,0,3.3020,6.9820,6.1690
243542.0740,0,3.2940,6.9580,6.1990
243592.0490,0,3.3470,6.9240,6.1910
243642.0250,0,3.2910,6.9070,6.1760
243692.0090,0,3.3320,6.9160,6.1870
243741.9880,0,3.3500,6.9510,6.1560
243791.9630,0,3.2880,6.9270,6.1030
243841.9400,0,3.3170,6.9080,6.1740
243891.9200,0,3.3300,6.8530,6.1720
243941.8980,0,3.3510,6.9540,6.1440
243991.8770,0,3.3010,6.9120,6.1760
244041.8570,0,3.3380,6.9460,6.1350
244091.8340,0,3.3380,6.9200,6.1700
244141.8130,0,3.3320,6.8660,6.1300
244191.7880,0,3.3160,6.8780,6.1980
244241.7690,0,3.3480,6.8770,6.1710
244291.7460,0,3.2760,6.8680,6.1750
244341.7210,0,3.2970,6.8900,6.1730
244391.7040,0,3.2610,6.8620,6.1860
244441.6790,0,3.3390,6.8850,6.1550
244491.6620,0,3.3130,6.9050,6.1740
244541.6390,0,3.3520,7.0340,6.2040
244591.6130,0,3.3260,7.0440,6.2230
244641.5950,0,3.3180,7.0030,6.1820
244691.5710,0,3.3410,6.9580,6.2320
244741.5470,0,3.3550,6.9640,6.1870
244791.5310,0,3.3110,6.8740,6.1850
244841.5040,0,3.3250,6.8900,6.1750
244891.4850,0,3.3390,6.9520,6.2150
244941.4660,0,3.2930,6.9030,6.1800
244991.4400,0,3.2880,6.9560,6.1470
245041.4220,0,3.3070,6.9580,6.1650
245091.3970,0,3.2820,6.9770,6.2180
245141.3740,0,3.3190,6.9600,6.1770
245191.3560,0,3.2650,6.9380,6.1840
245241.3300,0,3.3380,6.9670,6.1610
245291.3090,0,3.3090,6.9070,6.1820
245341.2890,0,3.2900,6.9600,6.1880
245391.2700,0,3.3080,6.9480,6.1540
245441.2420,0,3.3100,6.9190,6.1490
245491.2220,0,3.3240,6.9210,6.1900
245541.2010,0,3.2550,6.9390,6.2040
245591.1810,0,3.3390,6.9380,6.1890
245641.1600,0,3.3750,7.0140,6.2120
245691.1380,0,3.3170,7.0110,6.1700
245741.1140,0,3.3200,6.9840,6.1910
245791.0910,0,3.2440,6.9570,6.1210
245841.0710,0,3.3250,6.9970,6.1860
245891.0470,0,3.2560,6.9700,6.1490
245941.0310,0,3.2900,6.9090,6.1550
245991.0080,0,3.3070,6.9390,6.1920
246040.9880,0,3.3010,6.9030,6.1700
246090.9600,0,3.3010,6.8840,6.1560
246140.9380,0,3.3160,6.9060,6.1910
246190.9210,0,3.3350,6.9420,6.2000
246240.8960,0,3.2990,6.9930,6.1870
246290.8730,0,3.2780,6.9900,6.1770
246340.8570,0,3.3110,6.9890,6.1990
246390.8330,0,3.3120,6.8960,6.1780
246440.8140,0,3.3240,6.8920,6.2190
246490.7920,0,3.3430,6.9630,6.1360
246540.7680,0,3.3300,6.9400,6.1950
246590.7490,0,3.3300,6.8760,6.1850
246640.7240,0,3.3170,6.8910,6.1720
246690.7040,0,3.2620,6.8790,6.1630
246740.6800,0,3.3440,6.8980,6.1800
246790.6550,0,3.3250,6.9140,6.1750
246840.6370,0,3.3350,6.8840,6.1680
246890.6150,0,3.2600,6.9090,6.1760
246940.5920,0,3.3460,6.8810,6.1580
246990.5730,0,3.3140,6.9050,6.1850
247040.5530,0,3.3310,6.9030,6.1860
247090.5250,0,3.3040,6.9160,6.1880
247140.5100,0,3.2990,6.9820,6.1910
247190.4870,0,3.3020,6.9290,6.2060
247240.4630,0,3.3080,6.8960,6.1860
247290.4390,0,3.3220,6.9500,6.1890
247340.4160,0,3.3050,6.9300,6.1920
247390.4010,0,3.3340,6.9970,6.1990
247440.3760,0,3.3170,7.0100,6.2050
247490.3530,0,3.2490,6.9920,6.1350
247540.3360,0,3.2660,6.9860,6.1800
247590.3080,0,3.2590,6.9460,6.1780
247640.2880,0,3.3330,6.8970,6.1230
247690.2680,0,3.3090,6.8910,6.1970
247740.2430,0,3.2380,6.8780,6.1910
247790.2230,0,3.3560,6.8820,6.1920
247840.2010,0,3.3400,6.8830,6.1840
247890.1810,0,3.3530,6.8940,6.1650
247940.1610,0,3.3130,6.9040,6.1620
247990.1400,0,3.3420,6.8830,6.2120
248040.1130,0,3.2460,6.8990,6.2010
248090.0910,0,3.3230,6.8950,6.1680
248140.0690,0,3.3230,6.9220,6.1740
248190.0490,0,3.3210,6.9720,6.1790
248240.0300,0,3.2900,6.9220,6.1620
248290.0090,0,3.3290,6.9400,6.1490
248339.9880,0,3.3170,6.9460,6.1730
248389.9600,0,3.3260,6.9090,6.1940
248439.9430,0,3.3080,6.9040,6.2070
248489.9160,0,3.3020,6.9750,6.1850
248539.8970,0,3.3180,6.9200,6.1880
248589.8770,0,3.3220,6.9440,6.1790
248639.8560,0,3.2900,6.9210,6.1810
248689.8350,0,3.3150,6.8910,6.1880
248739.8080,1,3.3450,6.8710,6.1600
248789.7890,0,3.3250,6.9020,6.1820
248839.7650,2,3.3220,6.8830,6.1640
248889.7470,0,3.3130,6.9710,6.2070
248939.7260,1,3.3460,6.9880,6.1920
248989.7030,0,3.3450,6.9650,6.2100
249039.6830,2,3.3150,6.9820,6.1910
249089.6560,0,3.3070,7.0240,6.1630
249139.6390,1,3.3390,7.0060,6.2020
249189.6160,0,3.3380,6.9430,6.1750
249239.5910,2,3.3280,6.9680,6.2020
249289.5690,0,3.2970,6.9440,6.1590
249339.5520,1,3.2960,7.0220,6.1580
249389.5280,0,3.3480,6.9290,6.1550
249439.5040,2,3.3400,6.9720,6.1790
249489.4860,0,3.2880,6.9370,6.2200
249539.4600,1,3.3130,6.9940,6.1510
249589.4430,0,3.2750,6.9620,6.1360
249639.4170,2,3.3350,7.0140,6.1890
249689.3960,0,3.3050,6.9160,6.1420
249739.3770,1,3.2900,7.0000,6.1770
249789.3560,0,3.3100,6.9300,6.2130
249839.3330,2,3.3350,6.9190,6.1890
249889.3120,0,3.3010,6.9320,6.1630
249939.2910,1,3.2880,6.9320,6.1750
249989.2650,0,3.2990,6.9560,6.1490
250039.2430,2,3.3310,6.9370,6.2080
250089.2270,0,3.2880,6.9270,6.1890
250139.2030,1,3.3480,6.8670,6.1560
250189.1790,0,3.3140,6.8940,6.1990
250239.1600,2,3.3100,6.9520,6.1890
250289.1360,0,3.2780,6.9280,6.1810
250339.1160,1,3.3600,6.9930,6.2020
250389.0910,0,3.2950,6.9330,6.1720
250439.0720,2,3.3630,6.9380,6.1790
250489.0530,0,3.3120,6.9340,6.1910
250539.0250,1,3.3220,6.8790,6.2180
250589.0090,0,3.3080,6.8950,6.1670
250638.9830,2,3.3040,6.8470,6.1960
250688.9600,0,3.2830,6.9080,6.1690
250738.9430,1,3.3340,6.9280,6.1300
250788.9170,0,3.3260,6.8930,6.1700
250838.8940,2,3.3160,6.9130,6.1830
250888.8730,0,3.2850,6.9220,6.1670
250938.8560,1,3.3450,6.9320,6.1370
250988.8340,0,3.3140,6.9340,6.1810
251038.8110,2,3.2800,6.9330,6.2350
251088.7920,0,3.3390,6.9010,6.1810
251138.7700,1,3.3810,6.9160,6.1980
251188.7440,0,3.3250,6.8980,6.1490
251238.7270,2,3.2910,6.9300,6.2030
251288.7010,0,3.3490,6.8790,6.1820
251338.6800,1,3.3260,6.8760,6.1710
251388.6610,0,3.2830,6.8990,6.1930
251438.6350,2,3.3060,6.9100,6.1630
251488.6120,0,3.3150,6.9170,6.2330
251538.5950,1,3.3000,6.8750,6.1670
251588.5750,0,3.3330,6.9120,6.1470
251638.5530,2,3.2850,6.9180,6.1240
251688.5260,0,3.3290,6.8670,6.1820
251738.5060,1,3.3100,6.9140,6.2120
251788.4820,0,3.3430,6.9190,6.1730
251838.4610,2,3.3200,6.9000,6.1540
251888.4430,0,3.2800,6.9390,6.1770
251938.4200,1,3.2980,6.9090,6.1820
251988.3950,0,3.3300,6.8540,6.1420
252038.3720,2,3.2650,6.8790,6.1930
252088.3550,0,3.2870,6.8680,6.1540
252138.3280,1,3.2980,6.8540,6.1900
252188.3070,0,3.2910,6.8800,6.1560
252238.2840,2,3.2960,6.8830,6.1440
252288.2680,0,3.3390,6.8900,6.1530
252338.2420,1,3.2990,6.8730,6.1980
252388.2200,0,3.3130,6.8830,6.1900
252438.1990,2,3.3440,6.8730,6.1470
252488.1730,0,3.3430,6.8690,6.1710
252538.1550,1,3.3230,6.8660,6.1680
252588.1300,0,3.3000,6.9310,6.1840
252638.1120,2,3.3050,6.9340,6.1420
252688.0910,0,3.3160,6.8850,6.1900
252738.0640,1,3.3160,6.8970,6.1650
252788.0420,0,3.3050,6.9130,6.1380
252838.0210,2,3.3120,6.9590,6.1800
252887.9990,0,3.2590,6.9680,6.1600
252937.9770,1,3.3100,7.0260,6.1710
252987.9580,0,3.3720,6.9780,6.1740
253037.9350,2,3.3350,6.9300,6.1420
253087.9100,0,3.2900,6.9590,6.2080
253137.8860,1,3.3140,6.9300,6.1660
253187.8670,0,3.3340,6.9110,6.1790
253237.8450,2,3.2730,6.9440,6.1710
253287.8220,0,3.3130,6.9060,6.1360
253337.8030,1,3.3640,6.9330,6.1520
253387.7790,0,3.2870,6.9690,6.1540
253437.7560,2,3.3120,6.9140,6.1570
253487.7260,0,3.3240,6.9690,6.1870
253537.7100,1,3.3120,6.9330,6.1410
253587.6910,0,3.3250,6.9250,6.1500
253637.6710,2,3.3070,6.8530,6.1540
253687.6480,0,3.2700,6.8420,6.1680
253737.6240,1,3.3540,6.8920,6.2220
253787.6000,0,3.3120,6.8690,6.2030
253837.5790,0,3.3190,6.8500,6.1630
253887.5550,2,3.3270,6.8520,6.2090
253937.5370,1,3.3160,6.8960,6.1850
253987.5160,0,3.3120,6.9080,6.1960
254037.4910,2,3.2910,6.8490,6.2200
254087.4710,0,3.3080,6.9070,6.1830
254137.4470,1,3.3460,6.8880,6.1760
254187.4290,0,3.3160,6.8830,6.2150
254237.4070,0,3.3130,6.9260,6.1790
254287.3850,2,3.3410,6.8910,6.2170
254337.3580,1,3.3420,6.9590,6.1830
254387.3370,0,3.3490,6.8730,6.1860
254437.3130,2,3.2800,6.8920,6.1730
254487.2920,0,3.2930,6.8940,6.1690
254537.2710,1,3.3500,6.9020,6.2020
254587.2520,0,3.2590,6.8970,6.1700
254637.2300,0,3.3370,6.8970,6.1470
254687.2060,2,3.3480,6.8700,6.1690
254737.1860,1,3.3480,6.8770,6.1890
254787.1600,0,3.3320,6.8780,6.1310
254837.1390,2,3.3300,6.9020,6.1580
254887.1160,0,3.3530,6.9330,6.1430
254937.0950,1,3.2830,6.8900,6.1970
254987.0750,0,3.3550,6.9570,6.1530
255037.0540,0,3.3400,7.0100,6.1590
255087.0300,2,3.3010,7.0100,6.1610
255137.0040,1,3.2930,6.9990,6.1470
255186.9880,0,3.3350,6.9470,6.1320
255236.9590,2,3.3030,6.9770,6.1820
255286.9380,0,3.3060,6.9170,6.1980
255336.9150,1,3.2920,7.0000,6.1590
255386.8980,0,3.2980,6.9380,6.1530
255436.8740,0,3.3290,6.9320,6.1910
255486.8540,2,3.2980,6.9120,6.1620
255536.8260,1,3.3540,6.8960,6.1840
255586.8110,0,3.3450,6.9800,6.1900
255636.7830,2,3.3330,6.9200,6.1640
255686.7610,0,3.3460,6.9670,6.1980
255736.7390,0,3.3520,6.9180,6.2020
255786.7160,1,3.3070,6.9280,6.1870
255836.6940,0,3.3010,6.9250,6.2090
255886.6760,2,3.3280,6.9250,6.2050
255936.6510,1,3.3320,6.9330,6.1920
255986.6300,0,3.2890,6.8830,6.1570
256036.6070,2,3.3350,6.9090,6.1760
256086.5880,0,3.3110,6.9190,6.1750
256136.5640,0,3.3330,6.8900,6.2020
256186.5420,1,3.2950,6.8830,6.1710
256236.5240,0,3.3370,6.8730,6.1760
256286.4990,2,3.2750,6.9040,6.1760
256336.4800,1,3.3100,6.8950,6.1320
256386.4580,0,3.3290,6.8920,6.1650
256436.4350,2,3.2900,6.9640,6.1510
256486.4070,0,3.3590,6.8540,6.2060
256536.3850,0,3.2820,6.8610,6.1990
256586.3670,1,3.3210,6.9280,6.1860
256636.3460,0,3.2920,6.9360,6.1610
256686.3250,2,3.3050,6.8850,6.1730
256736.2990,0,3.2920,6.8870,6.1780
256786.2790,1,3.3010,6.8730,6.1640
256836.2550,0,3.3330,6.8530,6.1910
256886.2310,2,3.3310,6.8670,6.1690
256936.2130,0,3.2990,6.8870,6.1760
256986.1920,1,3.3070,6.8700,6.2170
257036.1660,0,3.3080,6.8750,6.1900
257086.1450,2,3.3010,6.9180,6.1540
257136.1250,1,3.3230,6.9110,6.1910
257186.1000,0,3.3190,6.8870,6.1890
257236.0800,2,3.3250,6.9260,6.1620
257286.0570,0,3.3450,6.9260,6.1480
257336.0320,0,3.2920,6.8930,6.2020
257386.0100,1,3.3110,6.8420,6.2000
257435.9910,0,3.2960,6.8650,6.1590
257485.9710,2,3.3120,6.8930,6.2070
257535.9450,1,3.2670,6.9270,6.1440
257585.9250,0,3.3260,6.8990,6.1840
257635.9050,2,3.3160,6.9020,6.1540
257685.8790,0,3.3010,6.9270,6.1620
257735.8570,0,3.2890,6.9830,6.1670
257785.8380,1,3.2720,7.0140,6.2010
257835.8160,0,3.3170,6.9850,6.1910
257885.7930,2,3.2720,6.9750,6.2230
257935.7670,1,3.3230,6.9280,6.2260
257985.7510,0,3.3100,6.9500,6.1420
258035.7290,2,3.3300,6.9530,6.2200
258085.7080,0,3.2920,6.9360,6.2030
258135.6830,0,3.2860,6.9320,6.1760
258185.6600,1,3.2910,6.8950,6.1700
258235.6420,0,3.2810,6.9390,6.2260
258285.6150,2,3.3250,6.8990,6.1630
258335.5910,1,3.2960,6.9270,6.1520
258385.5750,0,3.3050,6.9050,6.1850
258435.5470,0,3.3070,6.9190,6.1730
258485.5270,2,3.2860,6.9850,6.1920
258535.5070,0,3.3050,7.0080,6.1760
258585.4820,1,3.2990,6.9830,6.1990
258635.4620,0,3.3090,6.9770,6.1800
258685.4400,2,3.3170,6.9540,6.1710
258735.4180,1,3.3200,6.9310,6.2320
258785.3940,0,3.3060,6.9900,6.2250
258835.3750,0,3.3150,6.9210,6.2140
258885.3540,2,3.2680,6.9190,6.1590
258935.3310,0,3.3180,6.9290,6.1260
258985.3080,1,3.3280,6.9030,6.1850
259035.2840,0,3.3370,6.9310,6.1720
259085.2650,2,3.2860,6.8650,6.1520
259135.2390,1,3.3320,6.9520,6.1640
259185.2220,0,3.3360,6.9390,6.1890
259235.1950,0,3.2820,6.9620,6.2150
259285.1740,2,3.2990,6.8870,6.1290
259335.1510,0,3.2990,6.9390,6.1690
259385.1290,1,3.3390,6.9000,6.1950
259435.1080,0,3.2720,6.8320,6.1800
259485.0890,2,3.3490,6.8820,6.1470
259535.0670,1,3.3040,6.8650,6.2110
259585.0420,0,3.3300,6.9120,6.1790
259635.0200,0,3.3200,6.8800,6.1970
259685.0010,2,3.3030,6.9210,6.1860
259734.9780,0,3.3590,6.8890,6.1740
259784.9530,1,3.2980,6.8630,6.1800
259834.9340,0,3.3550,6.8830,6.1660
259884.9090,2,3.3210,6.9140,6.2130
259934.8900,0,3.2990,6.8860,6.1620
259984.8680,1,3.2900,6.8720,6.1830
260034.8430,0,3.3140,6.8460,6.1660
260084.8240,2,3.2680,6.8760,6.1330
260134.7990,0,3.3020,6.8720,6.1930
260184.7770,1,3.3530,6.8900,6.2080
260234.7580,0,3.2710,6.8640,6.2460
260284.7340,2,3.3270,6.8840,6.1720
260334.7080,0,3.3360,6.9150,6.1900
260384.6870,1,3.3150,6.8890,6.2180
260434.6660,0,3.3220,6.9240,6.1840
260484.6430,2,3.3070,6.9190,6.1660
260534.6240,0,3.3270,6.9270,6.1620
260584.6000,1,3.3150,6.8630,6.1750
260634.5820,0,3.2760,6.8950,6.1710
260684.5590,2,3.3570,6.9270,6.1910
260734.5360,0,3.3160,6.8860,6.2060
260784.5130,1,3.3010,6.9320,6.1730
260834.4940,0,3.3530,6.9260,6.1330
260884.4710,2,3.3500,6.9350,6.1760
260934.4440,0,3.3230,6.9160,6.1920
260984.4240,1,3.3010,6.8810,6.1490
261034.4050,0,3.3210,6.9250,6.1830
261084.3780,2,3.3100,6.8870,6.1800
261134.3560,0,3.3230,6.8470,6.1720
261184.3390,1,3.2940,6.9400,6.2110
261234.3110,0,3.2960,6.8460,6.1840
261284.2930,2,3.2900,6.8920,6.1820
261334.2670,0,3.3310,6.8680,6.1940
261384.2440,1,3.3050,6.8570,6.1630
261434.2250,0,3.3580,6.9340,6.1750
261484.2040,2,3.2840,6.9470,6.1590
261534.1800,0,3.3150,6.9110,6.1520
261584.1600,1,3.3130,6.9310,6.2030
261634.1360,0,3.3430,6.8840,6.1590
261684.1140,2,3.3230,6.8680,6.2040
261734.0900,0,3.3160,6.9050,6.1530
261784.0720,1,3.2800,6.8950,6.1570
261834.0510,0,3.3560,6.8600,6.2270
261884.0260,2,3.2910,6.8520,6.1850
261934.0020,0,3.2850,6.9020,6.1570
261983.9810,1,3.2660,6.8920,6.1870
262033.9610,0,3.3140,6.8550,6.1860
262083.9370,2,3.3230,6.8600,6.1400
262133.9150,0,3.2770,6.9000,6.1800
262183.8950,1,3.3030,6.8710,6.1940
262233.8760,0,3.2900,6.8690,6.1660
262283.8470,2,3.3030,6.8860,6.1660
262333.8260,0,3.3040,6.8530,6.1720
262383.8090,1,3.3490,6.9010,6.1610
262433.7880,0,3.3080,6.8680,6.1710
262483.7600,2,3.3050,6.8370,6.1690
262533.7410,0,3.3210,6.8910,6.1910
262583.7160,1,3.3250,6.8650,6.1630
262633.6980,0,3.2740,6.8760,6.1550
262683.6740,2,3.2820,6.8720,6.1810
262733.6530,0,3.3170,6.8670,6.1600
262783.6270,1,3.3110,6.9700,6.1810
262833.6060,0,3.2840,6.8810,6.1430
262883.5890,2,3.2950,6.8940,6.1660
262933.5670,0,3.3180,6.8830,6.1770
262983.5390,1,3.3590,6.9210,6.1950
263033.5190,0,3.3080,6.9380,6.1510
263083.4990,2,3.2970,6.9380,6.1440
263133.4790,0,3.2960,6.9580,6.1790
263183.4500,1,3.3030,6.9370,6.1780
263233.4330,0,3.2850,6.9370,6.1760
263283.4090,2,3.3260,6.8770,6.1810
263333.3840,0,3.3190,6.9110,6.1800
263383.3630,1,3.3330,6.9140,6.1570
263433.3460,0,3.3470,6.8630,6.1870
263483.3200,2,3.3260,6.9060,6.1870
263533.2980,0,3.2590,6.9070,6.1550
263583.2800,1,3.3210,6.9080,6.1610
263633.2570,0,3.3340,6.9420,6.1240
263683.2300,2,3.3330,6.8970,6.1800
263733.2110,0,3.3220,6.8730,6.1660
263783.1860,1,3.2900,6.8540,6.1760
263833.1680,0,3.3370,6.8460,6.1850
263883.1460,2,3.3140,6.8750,6.1840
263933.1240,0,3.2730,6.8760,6.1820
263983.0980,1,3.3150,6.8860,6.1690
264033.0770,0,3.3110,6.8980,6.1960
264083.0530,2,3.3100,6.8400,6.1740
264133.0310,0,3.3300,6.8490,6.1720
264183.0090,1,3.3110,6.8500,6.2120
264232.9890,0,3.2660,6.8360,6.1880
264282.9680,2,3.3260,6.8560,6.1940
264332.9460,0,3.3150,6.7870,6.2030
264382.9210,1,3.2840,6.8640,6.1840
264432.8970,0,3.3090,6.8800,6.1100
264482.8800,2,3.3000,6.8740,6.1850
264532.8560,0,3.2800,6.8380,6.1690
264582.8320,1,3.3070,6.8810,6.1350
264632.8120,0,3.3270,6.9180,6.1750
264682.7910,2,3.3230,6.9070,6.2070
264732.7650,0,3.3080,6.8870,6.1670
264782.7440,1,3.3180,6.8500,6.1660
264832.7230,0,3.3050,6.9090,6.1530
264882.6990,2,3.3160,6.8930,6.1700
264932.6750,0,3.3300,6.8630,6.1740
264982.6560,1,3.3210,6.8610,6.2130
265032.6300,0,3.3200,6.9170,6.2200
265082.6090,2,3.3200,6.8170,6.1830
265132.5930,0,3.3030,6.8600,6.2070
265182.5680,1,3.2770,6.8520,6.1470
265232.5450,0,3.3160,6.8830,6.1860
265282.5230,2,3.3170,6.9100,6.1570
265332.5000,0,3.2970,6.9330,6.1410
265382.4800,1,3.3080,6.9270,6.1760
265432.4590,0,3.3360,6.8770,6.1820
265482.4340,2,3.2640,6.9380,6.2020
265532.4130,0,3.2740,6.9180,6.1880
265582.3920,1,3.3300,6.9760,6.1550
265632.3700,0,3.3100,6.9140,6.1740
265682.3450,2,3.3460,6.8880,6.1840
265732.3210,0,3.3500,6.9630,6.1610
265782.3020,1,3.2960,6.8900,6.2170
265832.2750,0,3.2930,6.8870,6.2110
265882.2530,2,3.3050,6.9380,6.1790
265932.2370,0,3.3210,6.8640,6.2080
265982.2090,1,3.3210,6.9150,6.1700
266032.1880,0,3.3060,6.8910,6.1790
266082.1670,2,3.3500,6.8880,6.1600
266132.1480,0,3.3500,6.8460,6.1780
266182.1210,1,3.3210,6.9120,6.2650
266232.0990,0,3.3130,6.9140,6.1470
266282.0770,2,3.3380,6.9150,6.1890
266332.0580,0,3.3170,6.9880,6.1460
266382.0310,1,3.2860,6.9320,6.1620
266432.0100,0,3.3250,6.9230,6.1570
266481.9880,2,3.2850,6.9340,6.2210
266531.9690,0,3.3020,6.9200,6.1360
266581.9480,1,3.3030,6.9790,6.1690
266631.9220,0,3.2920,6.9090,6.1310
266681.8990,2,3.2570,6.9720,6.1880
266731.8780,0,3.2920,6.9630,6.1500
266781.8600,1,3.2980,7.0050,6.1910
266831.8370,0,3.3140,7.0330,6.1490
266881.8130,2,3.3250,6.9850,6.1900
266931.7920,0,3.2850,6.9480,6.1560
266981.7670,1,3.3320,6.9490,6.1590
267031.7420,0,3.3020,6.9140,6.1440
267081.7200,2,3.3170,6.9760,6.1380
267131.7010,0,3.3260,6.9390,6.1550
267181.6800,1,3.3270,6.9960,6.2310
267231.6560,0,3.3380,6.9240,6.1840
267281.6350,2,3.3160,6.9120,6.1520
267331.6140,0,3.3050,6.9140,6.2460
267381.5870,1,3.2940,6.8930,6.2180
267431.5650,0,3.3230,6.9300,6.1680
267481.5460,2,3.2660,6.8950,6.1220
267531.5260,0,3.3190,6.8890,6.1700
267581.5030,1,3.2940,6.8560,6.1680
267631.4780,0,3.3200,6.8660,6.1560
267681.4570,2,3.2960,6.9270,6.1250
267731.4310,0,3.3030,6.8780,6.1520
267781.4110,1,3.2890,6.8960,6.1760
267831.3930,0,3.3050,6.9000,6.1860
267881.3700,2,3.3030,6.9090,6.1910
267931.3460,0,3.2920,6.8830,6.1740
267981.3270,1,3.2720,6.8920,6.1620
268031.3000,0,3.2990,6.9130,6.1970
268081.2790,2,3.3120,6.8620,6.1790
268131.2590,0,3.2920,6.8930,6.1310
268181.2350,1,3.3610,6.9530,6.1580
268231.2120,0,3.3120,6.9820,6.1860
268281.1890,2,3.2740,7.0590,6.1490
268331.1670,0,3.3170,6.9800,6.1480
268381.1440,1,3.3120,7.0110,6.1170
268431.1210,0,3.2830,7.0850,6.2150
268481.1030,2,3.3020,7.0400,6.1650
268531.0760,0,3.3180,7.0050,6.1810
268581.0590,1,3.2960,7.0690,6.1460
268631.0310,0,3.3080,7.0400,6.1930
268681.0160,2,3.3080,7.1090,6.1730
268730.9890,0,3.3070,7.0430,6.1280
268780.9700,1,3.2790,7.0350,6.1890
268830.9470,0,3.2980,7.0560,6.1600
268880.9270,2,3.3470,7.0330,6.2180
268930.9030,0,3.3090,7.0270,6.1550
268980.8830,1,3.3180,7.0890,6.1590
269030.8570,0,3.2900,7.1200,6.1520
269080.8380,2,3.2710,7.0890,6.1760
269130.8130,0,3.3100,7.1060,6.1890
269180.7880,1,3.3560,7.0870,6.1640
269230.7710,0,3.3110,7.0650,6.1800
269280.7470,2,3.2750,7.0030,6.2070
269330.7210,0,3.3160,6.9920,6.1950
269380.7030,1,3.3050,6.9240,6.2030
269430.6800,0,3.3230,6.9830,6.1720
269480.6590,2,3.3160,6.9510,6.1770
269530.6350,0,3.2930,6.9550,6.1630
269580.6140,1,3.2720,7.0140,6.1980
269630.5890,0,3.3350,7.0460,6.2090
269680.5710,2,3.2590,7.0650,6.1450
269730.5490,0,3.3020,6.9830,6.2050
269780.5230,1,3.2710,6.9740,6.1590
269830.5000,0,3.2920,7.0280,6.1640
269880.4770,2,3.2880,7.0020,6.2060
269930.4590,0,3.2610,7.0910,6.1900
269980.4350,1,3.2670,7.0990,6.2210
270030.4120,0,3.2820,7.0660,6.1760
270080.3920,2,3.2940,7.1060,6.1710
270130.3680,0,3.2710,7.0650,6.1180
270180.3500,1,3.2800,7.0600,6.2200
270230.3250,0,3.2670,7.0070,6.1560
270280.3050,2,3.3020,7.0200,6.1830
270330.2760,0,3.3160,6.9900,6.1530
270380.2610,1,3.2590,6.9600,6.1820
270430.2390,0,3.3080,6.9870,6.1890
270480.2100,2,3.2780,6.9950,6.1810
270530.1890,0,3.3170,6.9860,6.2030
270580.1710,1,3.2590,7.0250,6.1570
270630.1430,0,3.2650,7.0020,6.1760
270680.1220,2,3.2520,6.9430,6.1410
270730.1030,0,3.3180,6.9610,6.1440
270780.0770,1,3.2640,6.9670,6.1970
270830.0600,0,3.2980,6.9970,6.1870
270880.0340,2,3.2970,6.9480,6.1790
270930.0100,0,3.2750,6.9740,6.1500
270979.9940,1,3.3190,6.9610,6.1890
271029.9690,0,3.3130,6.8960,6.1550
271079.9490,2,3.3000,6.9330,6.1820
271129.9230,0,3.3040,6.9590,6.1550
271179.9020,1,3.2820,6.9050,6.1970
271229.8790,0,3.2550,6.9880,6.1310
271279.8550,2,3.3250,6.9460,6.1870
271329.8360,0,3.2850,6.9510,6.1620
271379.8110,1,3.2860,6.9690,6.1950
271429.7920,0,3.2930,6.9640,6.1180
271479.7710,2,3.3080,7.0610,6.1580
271529.7480,0,3.2800,6.9530,6.1440
271579.7250,1,3.2900,6.9740,6.1820
271629.7000,0,3.3090,6.9740,6.1750
271679.6780,2,3.3110,6.9510,6.1940
271729.6550,0,3.3520,6.9790,6.1190
271779.6380,1,3.3000,6.9800,6.1640
271829.6150,0,3.2890,6.9540,6.1920
271879.5900,2,3.3150,6.9530,6.1970
271929.5710,0,3.2660,6.9600,6.1930
271979.5450,1,3.3250,7.0420,6.1560
272029.5220,0,3.3330,7.0350,6.1750
272079.4990,2,3.2860,6.9890,6.2190
272129.4800,0,3.3170,6.9230,6.1490
272179.4590,1,3.3020,6.9250,6.2120
272229.4390,0,3.2830,6.9400,6.1510
272279.4130,2,3.2900,6.9690,6.1680
272329.3910,0,3.2980,6.9420,6.2020
272379.3660,1,3.3080,6.9390,6.1470
272429.3440,0,3.3260,6.9060,6.1430
272479.3230,2,3.2910,6.9110,6.2200
272529.2990,0,3.2870,6.8830,6.1740
272579.2820,1,3.3280,6.9320,6.1570
272629.2550,0,3.3050,6.9790,6.1780
272679.2370,2,3.3240,6.9880,6.1770
272729.2140,0,3.3000,6.9750,6.1840
272779.1950,1,3.2820,7.0080,6.1590
272829.1720,0,3.2730,6.9710,6.1580
272879.1470,2,3.3040,6.9320,6.1710
272929.1280,0,3.3420,6.9480,6.1370
272979.1040,1,3.2960,6.9820,6.2180
273029.0780,0,3.3170,6.8930,6.1790
273079.0600,2,3.2860,6.8980,6.1780
273129.0350,0,3.2840,6.9200,6.1420
273179.0160,1,3.3100,6.9590,6.1560
273228.9880,0,3.3140,6.9570,6.1730
273278.9720,2,3.2910,6.9490,6.1700
273328.9490,0,3.2870,6.9520,6.1660
273378.9280,1,3.3160,6.9090,6.1750
273428.9010,0,3.3150,6.9640,6.1540
273478.8790,2,3.3080,6.8720,6.1780
273528.8560,0,3.2640,6.8840,6.1840
273578.8320,1,3.3220,6.8510,6.1800
273628.8160,0,3.2910,6.8170,6.1770
273678.7930,2,3.2770,6.8510,6.1770
273728.7670,0,3.2930,6.8780,6.1670
273778.7480,1,3.3060,6.8540,6.2000
273828.7230,0,3.2800,6.8890,6.1710
273878.7050,2,3.2720,6.8380,6.2200
273928.6790,0,3.3110,6.8980,6.2080
273978.6600,1,3.3010,6.8620,6.1650
274028.6380,0,3.3200,6.8660,6.1750
274078.6160,2,3.3050,6.8720,6.1810
274128.5890,0,3.3060,6.8690,6.1470
274178.5700,1,3.3170,6.8670,6.1610
274228.5470,0,3.2980,6.8810,6.1480
274278.5280,2,3.3420,6.8990,6.1920
274328.5040,0,3.3040,6.8590,6.1450
274378.4790,1,3.3020,6.8740,6.1840
274428.4610,0,3.3200,6.9120,6.2010
274478.4340,2,3.3080,6.8470,6.1330
274528.4110,0,3.3330,6.9390,6.1820
274578.3910,1,3.3360,6.9090,6.1500
274628.3730,0,3.2920,6.8970,6.1600
274678.3500,2,3.2710,6.9370,6.1770
274728.3260,0,3.2960,6.8840,6.1470
274778.2990,1,3.3100,6.8890,6.1340
274828.2820,0,3.3210,6.9060,6.1680
274878.2590,2,3.3220,6.8180,6.2120
274928.2370,0,3.3140,6.8310,6.1800
274978.2150,1,3.3010,6.8780,6.2170
275028.1890,0,3.3590,6.9130,6.1810
275078.1700,2,3.3260,6.8550,6.1810
275128.1480,0,3.3050,6.8700,6.1600
275178.1220,1,3.3060,6.8550,6.1240
275228.1010,0,3.3100,6.8430,6.1180
275278.0830,2,3.3110,6.8280,6.1590
275328.0600,0,3.3080,6.8460,6.2110
275378.0390,1,3.3380,6.8340,6.1540
275428.0170,0,3.3110,6.7770,6.1150
275477.9930,2,3.3060,6.8560,6.2200
275527.9680,0,3.3280,6.8100,6.1700
275577.9450,1,3.3520,6.8270,6.1600
275627.9260,0,3.3110,6.8490,6.2150
275677.9000,2,3.2780,6.8080,6.1850
275727.8820,0,3.2700,6.8500,6.1590
275777.8550,1,3.3260,6.8510,6.2090
275827.8370,0,3.3220,6.8580,6.1850
275877.8150,2,3.3110,6.8790,6.1530
275927.7910,0,3.3120,6.8430,6.1930
275977.7720,1,3.3110,6.8040,6.1670
276027.7500,0,3.2830,6.8750,6.2050
276077.7270,2,3.3240,6.8760,6.1500
276127.7080,0,3.2890,6.8540,6.1700
276177.6830,1,3.3270,6.8030,6.2020
276227.6600,0,3.2990,6.8170,6.1440
276277.6390,2,3.3060,6.8610,6.1940
276327.6190,0,3.3280,6.8120,6.1550
276377.5930,1,3.2840,6.7800,6.1540
276427.5740,0,3.3340,6.8510,6.1390
276477.5490,2,3.3110,6.7780,6.1820
276527.5330,0,3.3380,6.8560,6.1600
276577.5060,1,3.3160,6.8660,6.1970
276627.4840,0,3.2800,6.8380,6.1490
276677.4660,2,3.3630,6.8480,6.1820
276727.4440,0,3.2930,6.8520,6.1880
276777.4240,1,3.3300,6.8310,6.1970
276827.3990,0,3.2820,6.7820,6.1810
276877.3780,2,3.2930,6.8270,6.2110
276927.3550,0,3.3230,6.8030,6.1030
276977.3310,1,3.2990,6.7900,6.1560
277027.3110,0,3.3060,6.8610,6.1810
277077.2910,2,3.3310,6.8300,6.1960
277127.2700,0,3.3280,6.8120,6.1750
277177.2430,1,3.2900,6.8330,6.1830
277227.2240,0,3.3120,6.8120,6.1360
277277.2000,2,3.3050,6.8360,6.1570
277327.1810,0,3.3020,6.8010,6.2050
277377.1570,1,3.3220,6.8660,6.1940
277427.1360,0,3.3240,6.8510,6.1890
277477.1160,2,3.3150,6.8700,6.1550
277527.0890,0,3.3070,6.8780,6.1570
277577.0720,1,3.2900,6.8750,6.1600
277627.0520,0,3.2970,6.8780,6.1330
277677.0290,2,3.3000,6.8580,6.1330
277727.0040,0,3.3180,6.8620,6.1750
277776.9860,1,3.3240,6.8560,6.1020
277826.9610,0,3.2690,6.8960,6.1790
277876.9430,2,3.3280,6.8340,6.1540
277926.9160,0,3.2820,6.8460,6.1560
277976.8970,1,3.3210,6.8670,6.1820
278026.8740,0,3.3030,6.8440,6.1580
278076.8520,2,3.2990,6.8630,6.2120
278126.8320,0,3.2980,6.7940,6.1210
278176.8100,1,3.2680,6.8040,6.2140
278226.7890,0,3.3050,6.8570,6.1970
278276.7640,2,3.2440,6.8730,6.1900
278326.7430,0,3.2860,6.8190,6.1450
278376.7200,1,3.2800,6.8110,6.1370
278426.7010,0,3.2920,6.8020,6.1930
278476.6740,0,3.3160,6.8030,6.1560
278526.6530,2,3.2730,6.7660,6.1800
278576.6320,1,3.3520,6.8080,6.1240
278626.6100,0,3.3090,6.8560,6.2020
278676.5900,2,3.3120,6.8140,6.1690
278726.5650,0,3.3370,6.8520,6.1560
278776.5490,0,3.2750,6.8800,6.1450
278826.5260,0,3.2850,6.9660,6.1580
278876.5050,0,3.3200,6.9040,6.1650
278926.4790,0,3.2920,6.9430,6.2290
278976.4560,0,3.3070,6.9740,6.1540
279026.4390,0,3.3040,6.8690,6.1580
279076.4140,0,3.2820,6.9660,6.1610
279126.3930,0,3.2850,6.9520,6.1860
279176.3710,0,3.3170,6.8830,6.1560
279226.3520,0,3.2800,6.9420,6.1640
279276.3270,0,3.3000,6.9440,6.1610
279326.3020,0,3.3230,6.9400,6.1770
279376.2860,0,3.3270,6.8590,6.2090
279426.2650,0,3.2620,6.9090,6.1510
279476.2430,0,3.2780,6.8720,6.1680
279526.2210,0,3.3180,6.8800,6.1320
279576.1930,0,3.2930,6.8450,6.2200
279626.1740,0,3.2810,6.9020,6.2090
279676.1490,0,3.3030,6.9400,6.1770
279726.1290,0,3.2640,6.9250,6.1910
279776.1070,0,3.3100,6.9630,6.1410
279826.0910,0,3.2760,6.9590,6.1670
279876.0630,0,3.2790,6.9550,6.1900
279926.0450,0,3.2790,6.9390,6.1490
279976.0230,0,3.3390,6.9370,6.1820
280025.9970,0,3.3550,6.8920,6.1980
280075.9810,0,3.2690,6.9050,6.1680
280125.9580,0,3.2970,6.9190,6.1840
280175.9320,0,3.3140,6.8900,6.1640
280225.9090,0,3.3500,6.9560,6.1550
280275.8920,0,3.2920,6.9160,6.1180
280325.8660,0,3.3020,6.9270,6.1320
280375.8490,0,3.2840,6.9460,6.1840
280425.8260,0,3.3230,6.9770,6.1620
280475.8050,0,3.3420,6.9540,6.2050
280525.7780,0,3.2810,6.9830,6.1700
280575.7590,0,3.3060,6.9460,6.1860
280625.7390,0,3.2930,6.9650,6.1910
280675.7120,0,3.3270,6.9590,6.1490
280725.6920,0,3.2800,6.9780,6.1810
280775.6730,0,3.3180,6.9700,6.1720
280825.6480,0,3.2660,6.9550,6.2540
280875.6260,0,3.3100,6.9580,6.2060
280925.6030,0,3.3140,6.9460,6.2140
280975.5820,0,3.3030,6.9050,6.1570
281025.5630,0,3.2910,6.8990,6.1110
281075.5410,0,3.2950,6.9150,6.1630
281125.5180,0,3.3200,6.8900,6.1610
281175.5000,0,3.2750,6.8920,6.1560
281225.4770,0,3.3050,6.8940,6.1340
281275.4500,0,3.3050,6.8580,6.1690
281325.4320,0,3.3370,6.9020,6.1580
281375.4090,0,3.3010,6.8870,6.1710
281425.3910,0,3.3410,6.9140,6.1400
281475.3680,0,3.3090,6.9180,6.1480
281525.3450,0,3.2810,6.8880,6.1720
281575.3250,0,3.3590,6.9030,6.1380
281625.2970,0,3.3100,6.9610,6.1840
281675.2810,0,3.2700,6.9290,6.1940
281725.2560,0,3.3210,6.9230,6.1660
281775.2330,0,3.3050,6.9460,6.2140
281825.2090,0,3.2870,6.9250,6.1560
281875.1940,0,3.2770,6.8900,6.1380
281925.1700,0,3.2830,6.9120,6.1740
281975.1490,0,3.2960,6.8880,6.1980
282025.1270,0,3.2940,6.8840,6.1710
282075.1050,0,3.2770,6.8620,6.1690
282125.0820,0,3.3330,6.8810,6.1800
282175.0580,0,3.2800,6.8940,6.1880
282225.0370,0,3.3130,6.8300,6.2220
282275.0140,0,3.2910,6.8230,6.1650
282324.9970,0,3.3000,6.8470,6.1860
282374.9710,0,3.3110,6.9040,6.1970
282424.9480,0,3.2770,6.8650,6.1810
282474.9260,0,3.3210,6.8620,6.2020
282524.9090,0,3.3280,6.8810,6.1880
282574.8870,0,3.3260,6.8620,6.1720
282624.8630,0,3.2920,6.9490,6.1580
282674.8380,0,3.3180,6.8980,6.2020
282724.8230,0,3.2990,6.8990,6.1770
282774.7970,0,3.3010,6.8640,6.1530
282824.7790,0,3.3130,6.9080,6.1750
282874.7560,0,3.3000,6.9260,6.1380
282924.7350,0,3.3100,6.9000,6.1380
282974.7080,0,3.3270,6.8800,6.1130
283024.6850,0,3.2990,6.8800,6.1970
283074.6660,0,3.3130,6.8550,6.1540
283124.6460,0,3.2060,6.8570,6.1930
283174.6230,0,3.3450,6.8890,6.1820
283224.5990,0,3.2890,6.9240,6.1790
283274.5790,0,3.3150,6.8520,6.1720
283324.5550,0,3.3080,6.9490,6.1510
283374.5340,0,3.3180,6.9250,6.1440
283424.5110,0,3.3070,6.9000,6.1460
283474.4920,0,3.3200,6.8940,6.1710
283524.4720,0,3.3610,6.9120,6.1440
283574.4450,0,3.3150,6.9100,6.1300
283624.4280,0,3.2840,6.9180,6.1680
283674.4060,0,3.3160,6.9270,6.2120
283724.3830,0,3.2880,6.9380,6.1530
283774.3600,0,3.2980,6.9560,6.1580
283824.3400,0,3.3130,6.9340,6.1680
283874.3140,0,3.3180,6.9880,6.1490
283924.2960,0,3.2620,7.0130,6.1730
283974.2700,0,3.2850,6.9730,6.1510
284024.2530,0,3.3200,6.9270,6.1950
284074.2320,0,3.2550,6.9310,6.1670
284124.2070,0,3.3080,6.9410,6.2020
284174.1890,0,3.3140,6.9990,6.2030
284224.1650,0,3.2970,7.0180,6.1980
284274.1390,0,3.2760,6.9500,6.1310
284324.1170,0,3.2890,6.9800,6.1630
284374.0980,0,3.2720,6.9480,6.1750
284424.0750,0,3.2980,6.9450,6.1690
284474.0560,0,3.3010,6.9760,6.1960
284524.0320,0,3.3210,6.9210,6.1670
284574.0120,0,3.2770,6.9540,6.1660
284623.9880,0,3.3210,6.9200,6.1820
284673.9660,0,3.3230,6.9980,6.1590
284723.9440,0,3.2620,6.9380,6.1370
284773.9200,0,3.2690,6.9470,6.1750
284823.9020,0,3.3220,6.9650,6.2180
284873.8790,0,3.2930,6.9730,6.1120
284923.8560,0,3.2660,6.9960,6.1540
284973.8370,0,3.3340,7.0190,6.2020
285023.8130,0,3.3050,7.0080,6.1710
285073.7930,0,3.2790,6.9810,6.1510
285123.7700,0,3.3040,7.0340,6.1780
285173.7490,0,3.2710,6.9530,6.2040
285223.7290,0,3.2990,7.0850,6.1490
285273.7020,0,3.3100,7.0120,6.1670
285323.6840,0,3.2950,6.9940,6.1820
285373.6590,0,3.3230,6.9720,6.1730
285423.6390,0,3.3070,6.9790,6.1660
285473.6160,0,3.2520,7.0060,6.1940
285523.5920,0,3.3090,6.9700,6.1660
285573.5730,0,3.2900,6.9880,6.1850
285623.5530,0,3.2400,6.9870,6.1480
285673.5270,0,3.3150,6.9580,6.1670
285723.5050,0,3.2790,6.9940,6.1890
285773.4850,0,3.3120,7.0210,6.1360
285823.4630,0,3.2660,7.0040,6.1620
285873.4450,0,3.2860,7.0390,6.1290
285923.4200,0,3.3070,6.9920,6.2070
285973.4020,0,3.3010,7.0420,6.1720
286023.3740,0,3.2880,7.0780,6.1980
286073.3560,0,3.2780,7.0760,6.1820
286123.3340,0,3.2960,7.1450,6.1570
286173.3130,0,3.3040,7.2170,6.1760
286223.2920,0,3.3020,7.1240,6.1450
286273.2700,0,3.3250,7.1260,6.1470
286323.2430,0,3.3040,7.1960,6.1700
286373.2210,0,3.2940,7.1270,6.1750
286423.1990,0,3.2930,7.1420,6.2060
286473.1790,0,3.3180,7.1190,6.1750
286523.1610,0,3.3180,7.0940,6.1840
286573.1340,0,3.2450,7.1520,6.1950
286623.1160,0,3.3150,7.1300,6.1850
286673.0950,0,3.3080,7.1160,6.1700
286723.0720,0,3.2850,7.1070,6.1770
286773.0470,0,3.3340,7.1340,6.2090
286823.0290,0,3.2620,7.1260,6.1890
286873.0030,0,3.2960,7.0970,6.1690
286922.9860,0,3.3070,7.1390,6.1770
286972.9620,0,3.2830,7.1380,6.1610
287022.9420,0,3.2650,7.1840,6.1410
287072.9190,0,3.2490,7.1120,6.1470
287122.8970,0,3.3010,7.1350,6.2200
287172.8750,0,3.3350,7.1250,6.1740
287222.8540,0,3.3390,7.1170,6.1820
287272.8330,0,3.2900,7.0520,6.1860
287322.8070,0,3.2800,7.0630,6.1610
287372.7870,0,3.2920,7.0800,6.1930
287422.7660,0,3.3340,7.0780,6.1850
287472.7470,0,3.2540,7.0350,6.2090
287522.7210,0,3.2550,7.0360,6.1430
287572.7010,0,3.3060,7.0830,6.1820
287622.6800,0,3.2740,7.0520,6.1560
287672.6590,0,3.2750,7.1470,6.1910
287722.6330,0,3.2930,7.1020,6.1750
287772.6140,0,3.2980,7.1420,6.1770
287822.5930,0,3.3390,7.0880,6.2350
287872.5690,0,3.2790,7.1660,6.1160
287922.5440,0,3.2920,7.1700,6.1890
287972.5200,0,3.2780,7.2090,6.1750
288022.4980,0,3.2450,7.1910,6.1610
288072.4770,0,3.3020,7.1010,6.1440
288122.4550,0,3.3090,7.1270,6.1740
288172.4370,0,3.2770,7.1010,6.1940
288222.4120,0,3.2960,7.0920,6.1390
288272.3880,0,3.3060,7.1320,6.1770
288322.3660,0,3.2980,7.0400,6.1690
288372.3420,0,3.2410,7.0750,6.1640
288422.3230,0,3.2930,7.0730,6.1770
288472.2990,0,3.3000,7.0630,6.1690
288522.2790,0,3.3290,7.0280,6.1280
288572.2570,0,3.3180,7.0380,6.1810
288622.2350,0,3.2700,7.0260,6.2060
288672.2070,0,3.3260,7.0290,6.1880
288722.1880,0,3.3660,7.0240,6.2140
288772.1640,0,3.2550,7.0470,6.1560
288822.1410,0,3.2940,7.1080,6.1840
288872.1240,0,3.3240,7.0930,6.2010
288922.0990,0,3.3290,7.0580,6.1910
288972.0780,0,3.2970,7.0160,6.2130
289022.0510,0,3.2980,7.0050,6.1740
289072.0320,0,3.2830,6.9820,6.1960
289122.0120,0,3.2880,7.0520,6.1530
289171.9870,0,3.2770,7.0590,6.1690
289221.9640,0,3.2610,7.0380,6.1810
289271.9380,0,3.2690,7.0450,6.1710
289321.9210,0,3.2880,7.0560,6.2020
289371.8960,0,3.2620,7.0050,6.1830
289421.8720,0,3.3020,7.0440,6.1790
289471.8550,0,3.3250,7.0010,6.1110
289521.8270,0,3.3140,7.0560,6.1840
289571.8050,0,3.3050,7.0270,6.1890
289621.7860,0,3.2690,7.0720,6.1700
289671.7640,0,3.2830,7.0180,6.1060
289721.7390,0,3.3130,7.0550,6.2110
289771.7210,0,3.2640,7.0220,6.1930
289821.6960,0,3.3080,7.0340,6.1540
289871.6760,0,3.2810,7.0120,6.1840
289921.6480,0,3.2750,6.9550,6.1540
289971.6310,0,3.3240,7.0210,6.2060
290021.6090,0,3.2680,7.0730,6.2110
290071.5830,0,3.3190,7.0130,6.1050
290121.5600,0,3.3130,7.0280,6.1690
290171.5380,0,3.3010,6.9990,6.2020
290221.5200,0,3.2870,6.9540,6.1170
290271.4960,0,3.2840,6.9770,6.1600
290321.4720,0,3.3180,6.9610,6.2370
290371.4490,0,3.3400,6.9600,6.1680
290421.4280,0,3.2710,6.9520,6.1960
290471.4050,0,3.2870,7.0080,6.1680
290521.3790,0,3.3040,6.9560,6.1930
290571.3610,0,3.2580,6.9710,6.1460
290621.3400,0,3.2650,7.0170,6.1770
290671.3130,0,3.3100,6.9780,6.1850
290721.2960,0,3.3030,7.0330,6.1270
290771.2720,0,3.2870,6.9900,6.1420
290821.2510,0,3.3360,6.9770,6.1770
290871.2240,0,3.3130,6.9690,6.1530
290921.2010,0,3.2990,7.0170,6.1450
290971.1780,0,3.3200,6.9530,6.1580
291021.1560,0,3.2720,6.9740,6.1920
291071.1330,0,3.3090,7.0010,6.1770
291121.1110,0,3.3000,6.9860,6.2180
291171.0890,0,3.3070,7.0570,6.1060
291221.0650,0,3.2520,7.0690,6.1840
291271.0440,0,3.3340,7.0460,6.1580
291321.0260,0,3.2710,7.0600,6.1890
291371.0040,0,3.2960,7.0580,6.1710
291420.9760,0,3.2970,7.0780,6.1390
291470.9580,0,3.2550,6.9960,6.0980
291520.9370,0,3.2830,7.0350,6.1220
291570.9140,0,3.2900,7.0530,6.1860
291620.8930,0,3.3130,7.0020,6.1630
291670.8650,0,3.3070,6.9750,6.1670
291720.8470,0,3.3040,7.0550,6.1340
291770.8200,0,3.3230,6.9920,6.1620
291820.8010,0,3.2830,7.0330,6.1560
291870.7810,0,3.2670,7.0430,6.1250
291920.7520,0,3.2740,7.0240,6.1830
291970.7360,0,3.2920,7.0230,6.1530
292020.7100,0,3.2530,7.0450,6.1210
292070.6880,0,3.2430,7.0720,6.1600
292120.6660,0,3.2900,7.0530,6.2140
292170.6420,0,3.3120,7.0140,6.1700
292220.6180,0,3.2970,6.9820,6.1370
292270.6020,0,3.2690,6.9590,6.1020
292320.5760,0,3.2820,6.9920,6.1310
292370.5550,0,3.3010,6.9680,6.1310
292420.5320,0,3.2890,6.9590,6.1430
292470.5090,0,3.2680,6.9580,6.1980
292520.4860,0,3.3240,6.9680,6.1780
292570.4680,0,3.2940,6.9930,6.1730
292620.4410,0,3.3110,6.9830,6.1940
292670.4230,0,3.3280,6.9700,6.1640
292720.3940,0,3.2740,7.0050,6.1750
292770.3730,0,3.3120,6.9590,6.1520
292820.3510,0,3.3440,6.9680,6.1360
292870.3320,0,3.3090,6.9890,6.1590
292920.3070,0,3.3110,6.9250,6.1390
292970.2890,0,3.2750,6.9740,6.1880
293020.2610,0,3.3170,6.9790,6.1740
293070.2390,0,3.3100,6.9470,6.1410
293120.2200,0,3.2990,6.9530,6.1560
293170.1940,0,3.3060,6.9940,6.1830
293220.1760,0,3.2900,7.0050,6.1450
293270.1540,0,3.2800,6.9380,6.1450
293320.1320,0,3.3030,6.9080,6.1520
293370.1060,0,3.3200,6.9380,6.1650
293420.0830,0,3.2980,6.9390,6.1200
293470.0640,0,3.3160,6.9960,6.1050
293520.0410,0,3.2820,6.9140,6.1660
293570.0200,0,3.2650,6.9180,6.1520
293619.9960,0,3.2870,6.9100,6.1540
293669.9750,0,3.3060,6.8920,6.1870
293719.9530,0,3.2460,6.9050,6.1590
293769.9280,0,3.2880,6.9240,6.1400
293819.9040,0,3.3300,6.9050,6.1670
293869.8850,0,3.3190,6.9410,6.1660
293919.8630,0,3.2860,7.0130,6.1420
293969.8390,0,3.2990,6.9360,6.1670
294019.8150,0,3.2810,6.9240,6.1760
294069.7900,0,3.2890,6.9510,6.1550
294119.7700,0,3.2870,6.9700,6.1940
294169.7450,0,3.2980,6.9830,6.1270
294219.7310,0,3.3390,6.9890,6.1500
294269.7010,0,3.3020,7.0240,6.1890
294319.6790,0,3.2900,6.9970,6.2150
294369.6570,0,3.2900,7.0290,6.1530
294419.6380,0,3.2860,6.9790,6.2280
294469.6160,0,3.2850,6.9830,6.1450
294519.5930,0,3.3100,6.9770,6.1700
294569.5690,0,3.3320,6.9720,6.1150
294619.5490,0,3.3200,6.9770,6.1470
294669.5270,0,3.3020,6.9690,6.2020
294719.5020,0,3.2640,6.9990,6.1710
294769.4800,0,3.2520,6.9490,6.2080
294819.4600,0,3.2970,6.8790,6.1880
294869.4350,0,3.2800,6.9290,6.1790
294919.4130,0,3.3010,6.8870,6.1750
294969.3930,0,3.2830,7.0060,6.1830
295019.3690,0,3.2700,6.9280,6.1250
295069.3480,0,3.2690,6.9640,6.1790
295119.3230,0,3.2920,7.0520,6.1570
295169.3040,0,3.3300,6.9780,6.1720
295219.2760,0,3.2820,6.9410,6.1770
295269.2550,0,3.2720,6.9760,6.1710
295319.2310,0,3.3050,6.9840,6.1470
295369.2120,0,3.3210,6.9930,6.2060
295419.1870,0,3.3070,7.0020,6.1530
295469.1680,0,3.3040,7.0020,6.1560
295519.1410,0,3.3000,6.9850,6.1440
295569.1240,0,3.2830,6.9990,6.2100
295619.1000,0,3.2790,6.9710,6.1360
295669.0780,0,3.3160,7.0060,6.2400
295719.0510,0,3.2790,6.9980,6.1950
295769.0290,0,3.2760,6.9900,6.1210
295819.0130,0,3.3010,7.0520,6.1510
295868.9850,0,3.2850,6.9480,6.1140
295918.9630,0,3.3030,6.9750,6.1770
295968.9410,0,3.3120,6.9670,6.1880
296018.9170,0,3.2970,6.9430,6.1840
296068.8970,0,3.3290,6.9960,6.1470
296118.8770,0,3.2860,6.9010,6.2060
296168.8510,0,3.2360,6.9920,6.1900
296218.8290,0,3.2820,7.0070,6.1850
296268.8110,0,3.2740,7.0150,6.1940
296318.7880,0,3.2880,7.0460,6.1340
296368.7660,0,3.3070,7.0070,6.1710
296418.7400,0,3.3200,7.0220,6.1680
296468.7190,0,3.3120,6.9610,6.1980
296518.6980,0,3.2990,6.9690,6.1570
296568.6710,0,3.2800,7.0100,6.1940
296618.6500,0,3.3190,7.0270,6.1500
296668.6260,0,3.2850,7.0180,6.1290
296718.6070,0,3.3070,7.0430,6.2090
296768.5820,0,3.3000,7.0040,6.1780
296818.5630,0,3.2750,6.9730,6.1660
296868.5380,0,3.2860,7.0220,6.1700
296918.5140,0,3.3110,6.9920,6.1710
296968.4960,0,3.3010,6.9890,6.1680
297018.4690,0,3.2780,6.9660,6.1500
297068.4470,0,3.2510,7.0210,6.1480
297118.4270,0,3.3020,7.0500,6.1780
297168.4070,0,3.2820,7.0600,6.1660
297218.3850,0,3.3100,6.9900,6.1320
297268.3610,0,3.2680,7.0150,6.1590
297318.3380,0,3.2790,7.0030,6.1060
297368.3130,0,3.2840,6.9910,6.1750
297418.2950,0,3.3140,7.0140,6.1890
297468.2680,0,3.2500,6.9940,6.2080
297518.2500,0,3.3020,7.0290,6.1770
297568.2250,0,3.2910,6.9710,6.1260
297618.2050,0,3.3030,6.9280,6.1590
297668.1840,0,3.3310,6.9410,6.1820
297718.1570,0,3.2630,6.9420,6.1660
297768.1390,0,3.2690,7.0220,6.1550
297818.1160,0,3.2830,6.9580,6.1750
297868.0920,0,3.2760,6.9440,6.1390
297918.0710,0,3.3190,6.9280,6.1850
297968.0450,0,3.2690,6.9490,6.1670
298018.0240,0,3.2620,6.9410,6.2260
298067.9990,0,3.3110,6.9230,6.2050
298117.9790,0,3.3180,7.0080,6.1870
298167.9580,0,3.2690,6.9390,6.1510
298217.9320,0,3.2830,6.9110,6.1600
298267.9160,0,3.2680,6.9520,6.1750
298317.8900,0,3.2620,6.9010,6.1770
298367.8670,0,3.2980,6.9260,6.1210
298417.8480,0,3.2800,6.9230,6.1990
298467.8210,0,3.3330,6.9120,6.1560
298517.8010,0,3.2970,6.9180,6.2010
298567.7820,0,3.2940,6.9280,6.1980
298617.7550,0,3.2730,6.9230,6.1960
298667.7320,0,3.3470,6.9670,6.1540
298717.7090,0,3.3390,6.9140,6.1490
298767.6890,0,3.2390,6.9250,6.1360
298817.6660,0,3.2650,6.9300,6.1940
298867.6450,0,3.3000,6.9290,6.1580
298917.6220,0,3.2910,6.9440,6.1740
298967.5990,0,3.2710,6.9640,6.1730
299017.5790,0,3.2840,6.9160,6.1640
299067.5560,0,3.3140,6.9470,6.1530
299117.5320,0,3.2670,6.9300,6.2100
299167.5100,0,3.3080,6.9610,6.1100
299217.4880,0,3.3170,6.9660,6.1360
299267.4670,0,3.3030,6.9600,6.1630
299317.4440,0,3.2620,6.9870,6.1620
299367.4160,0,3.2900,7.0160,6.1380
299417.3980,0,3.2480,7.0060,6.2230
299467.3780,0,3.2710,7.0170,6.1240
299517.3490,0,3.2620,6.9620,6.1170
299567.3300,0,3.2740,6.9370,6.1640
299617.3080,0,3.2750,6.9400,6.1580
299667.2880,0,3.2960,6.8830,6.1500
299717.2660,0,3.2890,6.9280,6.1530
299767.2400,0,3.2940,6.9100,6.1460
299817.2160,0,3.3100,6.9510,6.1530
299867.1990,0,3.3420,6.9220,6.1770
299917.1720,0,3.2860,6.9520,6.1670
299967.1500,0,3.2810,6.9650,6.1680
300017.1310,0,3.3060,6.9300,6.1230
300067.1060,0,3.3410,6.9140,6.1180
300117.0890,0,3.3160,6.9660,6.1350
300167.0670,0,3.2630,6.9240,6.1740
300217.0410,0,3.2920,6.9360,6.1890
300267.0230,0,3.3310,6.9920,6.1490
300317.0020,0,3.2920,6.9520,6.1110
300366.9740,0,3.3050,6.9730,6.1810
300416.9570,0,3.2750,6.9920,6.1090
300466.9360,0,3.2950,6.9750,6.1390
300516.9100,0,3.3190,6.9850,6.1580
300566.8910,0,3.2920,7.0060,6.1600
300616.8650,0,3.2680,7.0890,6.1540
300666.8460,0,3.3190,7.0940,6.1260
300716.8200,0,3.2990,7.1180,6.2000
300766.7980,0,3.2750,7.0300,6.2030
300816.7750,0,3.2740,7.0670,6.1880
300866.7570,0,3.2820,7.0550,6.1660
300916.7380,0,3.2440,7.0620,6.1360
300966.7100,0,3.2140,7.0270,6.1360
301016.6880,0,3.2840,7.0090,6.1560
301066.6670,0,3.2870,6.9580,6.1630
301116.6440,0,3.2260,6.9970,6.1870
301166.6270,0,3.2910,6.9850,6.1730
301216.6010,0,3.2910,6.9510,6.1560
301266.5820,0,3.2890,6.9380,6.1740
301316.5600,0,3.3010,6.9410,6.1760
301366.5360,0,3.2760,6.9460,6.1430
301416.5170,0,3.2580,6.9170,6.1270
301466.4910,0,3.2740,6.9450,6.2030
301516.4730,0,3.2790,6.9460,6.1530
301566.4470,0,3.2630,6.9420,6.1620
301616.4280,0,3.2970,6.9760,6.1470
301666.4080,0,3.2680,6.9650,6.1650
301716.3830,0,3.2880,6.9120,6.1330
301766.3630,0,3.3140,6.8950,6.1270
301816.3370,0,3.3110,6.9020,6.1520
301866.3200,0,3.2790,6.9180,6.1820
301916.2920,0,3.2600,6.8830,6.1440
301966.2720,0,3.2990,6.9070,6.1610
302016.2540,0,3.3080,6.9290,6.1810
302066.2280,0,3.2800,6.9880,6.1350
302116.2090,0,3.2360,6.9630,6.1700
302166.1860,0,3.3340,6.8820,6.1630
302216.1640,0,3.2940,6.9270,6.1800
302266.1380,0,3.2990,6.9130,6.1430
302316.1170,0,3.2910,6.9060,6.1480
302366.0980,0,3.2910,6.8820,6.1640
302416.0760,0,3.2860,6.9280,6.2150
302466.0510,0,3.2890,6.9060,6.1260
302516.0330,0,3.3040,6.9070,6.1930
302566.0080,0,3.2610,6.9290,6.1770
302615.9870,0,3.2900,6.9590,6.1760
302665.9630,0,3.3000,7.0150,6.1350
302715.9440,0,3.2950,6.9850,6.1800
302765.9220,0,3.2850,6.9360,6.1690
302815.9000,0,3.2470,6.9450,6.1800
302865.8760,0,3.2730,6.9800,6.1630
302915.8560,0,3.2850,6.9430,6.2050
302965.8360,0,3.2840,6.9270,6.1970
303015.8100,0,3.2910,6.9430,6.1490
303065.7910,0,3.2930,6.9270,6.2010
303115.7710,0,3.2980,6.8840,6.1290
303165.7480,0,3.2550,6.8970,6.1320
303215.7270,0,3.2620,6.9020,6.1820
303265.7010,0,3.2950,6.8620,6.1320
303315.6810,0,3.2960,6.9040,6.1960
303365.6560,0,3.2790,6.8360,6.1680
303415.6330,0,3.3270,6.8750,6.1600
303465.6160,0,3.2600,6.8690,6.1610
303515.5900,0,3.2830,6.9180,6.1160
303565.5700,0,3.2870,6.9190,6.1200
303615.5470,0,3.3120,6.9050,6.1510
303665.5290,0,3.2850,6.9150,6.1990
303715.5070,0,3.2880,6.9270,6.1810
303765.4820,0,3.3020,6.9030,6.2200
303815.4590,0,3.3100,6.9100,6.1750
303865.4350,0,3.2890,6.9260,6.1400
303915.4150,0,3.2820,6.9350,6.1760
303965.3930,0,3.3010,6.9580,6.1470
304015.3750,0,3.2900,6.9710,6.1670
304065.3520,0,3.2990,6.9650,6.1800
304115.3260,0,3.3160,6.9120,6.1930
304165.3100,0,3.3030,6.9580,6.1850
304215.2860,0,3.3170,6.9460,6.1550
304265.2600,0,3.3270,6.9650,6.1730
304315.2430,0,3.3120,6.9590,6.1710
304365.2150,0,3.3020,6.9560,6.1930
304415.1940,0,3.2680,7.0180,6.1010
304465.1770,0,3.2790,7.0090,6.1710
304515.1520,0,3.3130,7.0200,6.1530
304565.1330,0,3.2860,7.0240,6.1430
304615.1120,0,3.3070,7.0160,6.1720
304665.0850,0,3.2960,6.9290,6.1600
304715.0610,0,3.2690,6.9820,6.1940
304765.0400,0,3.2800,6.9770,6.1650
304815.0190,0,3.2960,6.9820,6.1290
304865.0020,0,3.2930,6.9490,6.2120
304914.9740,0,3.3090,6.9020,6.2090
304964.9540,0,3.2960,6.9480,6.1720
305014.9350,0,3.2830,6.9150,6.1440
305064.9100,0,3.3000,6.9650,6.1650
305114.8900,0,3.2590,6.9130,6.1690
305164.8660,0,3.2900,6.8700,6.1470
305214.8480,0,3.3090,6.8790,6.1750
305264.8260,0,3.2940,6.8840,6.1480
305314.7990,0,3.2830,6.9120,6.1620
305364.7780,0,3.2800,6.9040,6.2030
305414.7540,0,3.2990,6.9370,6.2070
305464.7360,0,3.2360,6.9770,6.1050
305514.7100,0,3.3290,6.9360,6.1320
305564.6890,0,3.2940,6.9590,6.1540
305614.6660,0,3.2800,6.9350,6.1510
305664.6510,0,3.3060,6.9950,6.1590
305714.6230,0,3.3110,6.9420,6.1620
305764.6060,0,3.3010,6.9940,6.1420
305814.5840,0,3.2950,6.9790,6.1640
305864.5590,0,3.2750,6.9860,6.1620
305914.5350,0,3.3030,7.0090,6.1450
305964.5160,0,3.2730,6.9810,6.1650
306014.4940,0,3.3050,6.9770,6.1880
306064.4700,0,3.2630,6.9300,6.1800
306114.4460,0,3.2840,6.9130,6.1990
306164.4290,0,3.2670,6.9370,6.1840
306214.4020,0,3.3090,6.9360,6.1820
306264.3820,0,3.2830,6.9630,6.1480
306314.3600,0,3.2880,6.9600,6.1420
306364.3420,0,3.2810,6.9300,6.1640
306414.3190,0,3.3470,6.9410,6.1380
306464.2970,0,3.2810,6.9080,6.1760
306514.2710,0,3.2810,6.9770,6.1410
306564.2490,0,3.2720,6.9820,6.1430
306614.2310,0,3.2650,7.0180,6.1270
306664.2100,0,3.2980,6.9970,6.1910
306714.1860,0,3.2580,6.9460,6.2170
306764.1650,0,3.2740,7.0270,6.1570
306814.1390,0,3.3000,6.9300,6.1260
306864.1190,0,3.2530,6.9370,6.1710
306914.1010,0,3.2450,6.9190,6.1440
306964.0740,0,3.3010,6.8860,6.1530
307014.0530,0,3.2670,6.8470,6.1990
307064.0320,0,3.2640,6.8300,6.1640
307114.0070,0,3.2990,6.8750,6.1770
307163.9880,0,3.3130,6.8440,6.1720
307213.9640,0,3.3280,6.8690,6.1500
307263.9470,0,3.2990,6.8730,6.1770
307313.9210,0,3.3090,6.8900,6.2080
307363.8980,0,3.3030,6.8250,6.1260
307413.8790,0,3.3060,6.8710,6.2140
307463.8560,0,3.3290,6.8830,6.1910
307513.8370,0,3.2700,6.8680,6.1550
307563.8100,0,3.3120,6.8140,6.1530
307613.7920,0,3.3090,6.8580,6.1370
307663.7710,0,3.3310,6.8860,6.1670
307713.7460,0,3.3050,6.9040,6.1640
307763.7230,0,3.3130,6.8680,6.1680
307813.7000,0,3.3070,6.8830,6.1340
307863.6810,0,3.3210,6.8790,6.1460
307913.6620,0,3.2590,6.8730,6.1410
307963.6390,0,3.3310,6.8600,6.1470
308013.6160,0,3.2920,6.8760,6.1510
308063.5900,0,3.3260,6.9070,6.2120
308113.5710,0,3.2930,6.9350,6.1850
308163.5460,0,3.3350,6.9000,6.1500
308213.5270,0,3.3000,6.8640,6.1380
308263.5030,0,3.2980,6.8230,6.1640
308313.4800,0,3.2630,6.8020,6.1710
308363.4590,0,3.2840,6.8510,6.1450
308413.4370,0,3.2900,6.8760,6.1630
308463.4150,0,3.2540,6.9340,6.1590
308513.3960,0,3.2850,6.9750,6.1660
308563.3710,0,3.2990,7.0150,6.1820
308613.3480,0,3.3090,6.9830,6.1700
308663.3260,0,3.2590,7.0070,6.1480
308713.3050,0,3.2890,6.9690,6.1520
308763.2830,1,3.2830,7.0380,6.1370
308813.2660,0,3.2810,7.0650,6.1610
308863.2390,2,3.3380,7.0960,6.1650
308913.2150,0,3.2740,7.1080,6.1420
308963.2000,1,3.2360,7.1230,6.1720
309013.1760,0,3.3340,7.1280,6.1530
309063.1510,2,3.2770,7.1100,6.1560
309113.1350,0,3.2600,7.1280,6.1500
309163.1110,1,3.2760,7.0900,6.1710
309213.0870,0,3.2880,7.0780,6.1470
309263.0690,2,3.2990,7.0510,6.1290
309313.0460,0,3.2990,7.0570,6.1970
309363.0190,1,3.2590,7.0610,6.2160
309413.0020,0,3.2740,6.9980,6.1620
309462.9800,2,3.2840,6.9680,6.1750
309512.9560,0,3.2860,7.0030,6.1500
309562.9310,1,3.2900,6.9180,6.2120
309612.9110,0,3.3410,6.9610,6.1540
309662.8930,2,3.2960,6.9540,6.1550
309712.8680,0,3.2750,6.9290,6.1610
309762.8470,1,3.2890,6.9380,6.1610
309812.8230,0,3.3250,6.9070,6.1530
309862.8040,2,3.2750,6.9730,6.1030
309912.7790,0,3.2820,6.9420,6.1040
309962.7600,1,3.3010,6.9180,6.1700
310012.7340,0,3.2800,7.0110,6.1940
310062.7160,2,3.2960,6.9340,6.1410
310112.6940,0,3.3200,6.9700,6.1070
310162.6730,1,3.3040,6.9850,6.1490
310212.6460,0,3.3050,6.9630,6.1700
310262.6230,2,3.3050,6.8850,6.1870
310312.6060,0,3.2760,6.8920,6.1360
310362.5840,1,3.2410,6.9110,6.1570
310412.5610,0,3.2870,6.8720,6.1450
310462.5410,2,3.2840,6.9140,6.1630
310512.5190,0,3.3030,6.8580,6.1710
310562.4950,1,3.2950,6.9670,6.1640
310612.4710,0,3.3300,6.9490,6.1630
310662.4510,2,3.2830,6.9340,6.1300
310712.4300,0,3.3390,6.9370,6.1560
310762.4070,1,3.2340,6.9000,6.1490
310812.3850,0,3.2720,6.8960,6.1740
310862.3600,2,3.2380,6.9130,6.1420
310912.3370,0,3.2540,6.9220,6.1630
310962.3200,1,3.2680,6.8690,6.1210
311012.2970,0,3.2960,6.8870,6.1250
311062.2710,2,3.3080,6.9010,6.1780
311112.2500,0,3.3140,6.9150,6.1680
311162.2280,1,3.2710,6.9240,6.1690
311212.2090,0,3.2950,6.9380,6.1590
311262.1890,2,3.2880,6.9490,6.1530
311312.1620,0,3.2680,6.9340,6.2150
311362.1400,1,3.2820,6.9660,6.1340
311412.1230,0,3.2930,6.9340,6.1620
311462.1010,2,3.2860,6.8930,6.1130
311512.0770,0,3.2380,6.9120,6.1480
311562.0550,1,3.2630,6.8830,6.1420
311612.0310,0,3.2560,6.9070,6.1750
311662.0080,2,3.2810,6.8880,6.1430
311711.9920,0,3.3100,6.8690,6.1710
311761.9650,1,3.3060,6.9280,6.1830
311811.9420,0,3.2960,6.9290,6.0980
311861.9220,2,3.2650,6.8940,6.1530
311911.8980,0,3.3120,6.8830,6.1440
311961.8760,1,3.2430,6.8760,6.1750
312011.8550,0,3.2840,6.8820,6.1470
312061.8310,2,3.3080,6.9000,6.1490
312111.8120,0,3.2420,6.9070,6.1590
312161.7910,1,3.3230,6.8780,6.1930
312211.7680,0,3.2890,6.8730,6.1690
312261.7470,2,3.2730,6.8780,6.1620
312311.7250,0,3.2990,6.8490,6.1750
312361.6980,1,3.2590,6.8690,6.1550
312411.6800,0,3.2870,6.8710,6.1890
312461.6570,2,3.3390,6.8310,6.1650
312511.6340,0,3.2800,6.8520,6.1860
312561.6090,1,3.3020,6.8790,6.1710
312611.5930,0,3.2880,6.8070,6.1930
312661.5670,2,3.3110,6.8460,6.1170
312711.5490,0,3.2930,6.8640,6.1690
312761.5240,1,3.2900,6.9030,6.1230
312811.4990,0,3.3310,6.9090,6.1680
312861.4820,2,3.2960,6.9240,6.1700
312911.4590,0,3.3100,6.9020,6.1540
312961.4340,1,3.3130,6.9350,6.1730
313011.4140,0,3.3260,6.9170,6.1030
313061.3910,2,3.2950,6.8310,6.2080
313111.3680,0,3.2620,6.9060,6.1470
313161.3440,1,3.2690,6.8860,6.1830
313211.3220,0,3.2870,6.8780,6.1670
313261.3010,2,3.2660,6.8830,6.1470
313311.2790,0,3.2620,6.8810,6.1920
313361.2540,1,3.2740,6.8190,6.1630
313411.2350,0,3.2530,6.9030,6.1800
313461.2110,2,3.2670,6.8760,6.1570
313511.1910,0,3.3140,6.8330,6.1760
313561.1650,1,3.3000,6.8750,6.1520
313611.1450,0,3.3160,6.7920,6.1510
313661.1210,2,3.2840,6.8220,6.1460
313711.1010,0,3.2960,6.8500,6.1370
313761.0750,1,3.2770,6.8530,6.1810
313811.0530,0,3.3210,6.8740,6.1510
313861.0340,2,3.2990,6.8760,6.1580
313911.0130,0,3.2650,6.8430,6.1650
313960.9890,1,3.3090,6.8080,6.1440
314010.9660,0,3.3130,6.8060,6.1880
314060.9430,2,3.2600,6.8380,6.2000
314110.9240,0,3.2750,6.8120,6.1470
314160.9000,1,3.2920,6.7920,6.1190
314210.8780,0,3.2870,6.8330,6.1720
314260.8570,2,3.2830,6.8650,6.2090
314310.8320,0,3.3250,6.8310,6.1680
314360.8130,1,3.2960,6.8720,6.1430
314410.7870,0,3.3080,6.8620,6.1610
314460.7690,2,3.2680,6.8570,6.1510
314510.7430,0,3.2850,6.8710,6.2080
314560.7210,1,3.2470,6.8500,6.1680
314610.7000,0,3.2980,6.8830,6.2010
314660.6810,2,3.3150,6.8310,6.1510
314710.6560,0,3.3230,6.8580,6.1560
314760.6330,1,3.3000,6.8640,6.1380
314810.6150,0,3.2920,6.8660,6.1640
314860.5890,2,3.2990,6.8790,6.1340
314910.5650,0,3.2870,6.8970,6.1720
314960.5440,1,3.2840,6.9140,6.1640
315010.5250,0,3.2980,6.8660,6.2000
315060.4990,2,3.2930,6.9250,6.1430
315110.4810,0,3.3590,6.8760,6.1530
315160.4530,1,3.2900,6.8900,6.1600
315210.4370,0,3.3020,6.9210,6.1760
315260.4090,2,3.3030,6.9900,6.2020
315310.3910,0,3.2900,6.9330,6.1730
315360.3690,1,3.3140,6.9740,6.1380
315410.3440,0,3.3290,6.9250,6.1660
315460.3210,2,3.2870,6.9050,6.1540
315510.3000,0,3.3340,6.8930,6.1240
315560.2760,1,3.3020,6.9180,6.1370
315610.2590,0,3.3230,6.8750,6.1520
315660.2340,2,3.2500,6.8380,6.1550
315710.2140,0,3.3100,6.8390,6.1880
315760.1870,1,3.2730,6.8830,6.1470
315810.1690,0,3.3210,6.9180,6.1890
315860.1440,2,3.3490,6.8700,6.1740
315910.1200,0,3.2620,6.8910,6.1560
315960.1030,1,3.2740,6.8460,6.1990
316010.0800,0,3.3100,6.8610,6.1510
316060.0550,2,3.2860,6.8630,6.1330
316110.0320,0,3.2870,6.8500,6.1130
316160.0150,1,3.3200,6.8510,6.1870
316209.9880,0,3.3410,6.9210,6.1900
316259.9680,2,3.2790,6.9120,6.1650
316309.9450,0,3.2730,6.9340,6.1260
316359.9240,1,3.2770,6.8540,6.1880
316409.9010,0,3.3070,6.8690,6.1480
316459.8760,2,3.3030,6.9060,6.1790
316509.8570,0,3.2510,6.8380,6.1740
316559.8330,1,3.2950,6.8730,6.1690
316609.8110,0,3.2850,6.8820,6.1680
316659.7900,2,3.3070,6.8340,6.1160
316709.7700,0,3.3000,6.9130,6.1750
316759.7450,1,3.2980,6.8810,6.1660
316809.7210,0,3.3070,6.8710,6.1620
316859.7040,2,3.2890,6.8870,6.1530
316909.6820,0,3.3190,6.7880,6.1400
316959.6540,1,3.2820,6.8530,6.1630
317009.6340,0,3.2940,6.9130,6.1330
317059.6120,2,3.3290,6.8640,6.1340
317109.5910,0,3.3040,6.8220,6.1560
317159.5700,1,3.2980,6.7920,6.1830
317209.5430,0,3.2950,6.8420,6.1760
317259.5260,2,3.2900,6.8790,6.1720
317309.5030,0,3.2900,6.8780,6.1460
317359.4770,1,3.2770,6.8760,6.1730
317409.4570,0,3.3000,6.8440,6.1570
317459.4330,2,3.2810,6.8600,6.1150
317509.4090,0,3.2960,6.8670,6.1960
317559.3890,1,3.2940,6.8610,6.1620
317609.3670,0,3.3060,6.8460,6.1400
317659.3480,2,3.2590,6.8560,6.1720
317709.3230,0,3.3140,6.8890,6.1100
317759.2990,1,3.2700,6.8580,6.1910
317809.2760,0,3.2910,6.8530,6.1520
317859.2570,2,3.2770,6.7800,6.1370
317909.2340,0,3.3060,6.8360,6.1520
317959.2090,1,3.3150,6.8340,6.1140
318009.1920,0,3.2950,6.7990,6.1840
318059.1680,2,3.3130,6.8120,6.1240
318109.1450,0,3.2980,6.7930,6.1230
318159.1260,1,3.3140,6.7890,6.1740
318209.0980,0,3.3180,6.8090,6.1380
318259.0780,2,3.3100,6.8350,6.1850
318309.0600,0,3.2800,6.8110,6.1380
318359.0360,1,3.2550,6.8720,6.1950
318409.0100,0,3.3130,6.8480,6.1580
318458.9910,2,3.3030,6.8420,6.1810
318508.9700,0,3.3050,6.8600,6.2110
318558.9480,1,3.3350,6.8900,6.1300
318608.9220,0,3.3410,6.8400,6.1850
318658.9040,2,3.3110,6.8240,6.1770
318708.8800,0,3.3060,6.8350,6.1590
318758.8580,1,3.3430,6.8010,6.2110
318808.8330,0,3.2590,6.8120,6.1450
318858.8110,2,3.3070,6.8000,6.1640
318908.7920,0,3.3190,6.7850,6.1510
318958.7660,1,3.2540,6.8010,6.1800
319008.7480,0,3.3130,6.7850,6.1470
319058.7230,2,3.2460,6.8470,6.1980
319108.7010,0,3.2710,6.8020,6.2020
319158.6810,1,3.3180,6.8220,6.1600
319208.6540,0,3.2570,6.8140,6.1580
319258.6330,2,3.3230,6.8960,6.1200
319308.6130,0,3.2470,6.8680,6.1190
319358.5870,1,3.3100,6.8350,6.1840
319408.5680,0,3.3050,6.7700,6.1570
319458.5450,2,3.2850,6.7960,6.1610
319508.5240,0,3.2590,6.8150,6.1380
319558.4990,1,3.2770,6.8260,6.0990
319608.4750,0,3.2870,6.7580,6.1520
319658.4570,2,3.2850,6.8200,6.1130
319708.4330,0,3.3140,6.8520,6.1380
319758.4120,1,3.2780,6.8620,6.1600
319808.3870,0,3.2600,6.8630,6.1740
319858.3700,2,3.3310,6.8980,6.1590
319908.3470,0,3.2940,6.8550,6.2130
319958.3200,1,3.2980,6.8520,6.1220
320008.3020,0,3.3260,6.8840,6.1540
320058.2820,2,3.3170,6.9000,6.1890
320108.2580,0,3.3300,6.8230,6.1630
320158.2340,1,3.3100,6.8640,6.1230
320208.2150,0,3.2930,6.9150,6.1780
320258.1890,2,3.2890,6.8350,6.1880
320308.1670,0,3.3080,6.8670,6.1780
320358.1450,1,3.3110,6.8770,6.1560
320408.1260,0,3.2590,6.8940,6.1460
320458.1010,2,3.2870,6.9040,6.1430
320508.0760,0,3.2640,6.8920,6.1730
320558.0550,1,3.2900,6.8490,6.1290
320608.0320,0,3.2710,6.8310,6.1440
320658.0130,2,3.2970,6.8750,6.1800
320707.9880,0,3.2910,6.8580,6.2060
320757.9660,1,3.3060,6.8890,6.1360
320807.9430,0,3.2580,6.8550,6.1820
320857.9210,2,3.2650,6.9030,6.1510
320907.9010,0,3.3150,6.9250,6.1690
320957.8790,1,3.2890,6.8690,6.1490
321007.8550,0,3.2690,6.8930,6.1750
321057.8370,2,3.3100,6.8530,6.1750
321107.8140,0,3.3120,6.7990,6.1520
321157.7930,1,3.2830,6.8360,6.1410
321207.7680,0,3.3120,6.8710,6.1590
321257.7490,2,3.2840,6.8530,6.1550
321307.7230,0,3.3280,6.8590,6.1630
321357.7000,1,3.2320,6.8420,6.1850
321407.6800,0,3.3040,6.8590,6.1540
321457.6540,2,3.3010,6.8550,6.1520
321507.6330,0,3.2850,6.8200,6.1550
321557.6120,1,3.3390,6.7860,6.1310
321607.5920,0,3.2930,6.8040,6.1850
321657.5700,2,3.3010,6.8850,6.1430
321707.5420,0,3.2980,6.8780,6.1770
321757.5230,1,3.2660,6.9050,6.1320
321807.5020,0,3.2910,6.9080,6.1270
321857.4820,2,3.2670,6.8760,6.2090
321907.4580,0,3.2610,6.9450,6.1740
321957.4320,1,3.2890,6.8470,6.1900
322007.4140,0,3.2960,6.8090,6.1880
322057.3880,2,3.2790,6.8700,6.1780
322107.3680,0,3.3040,6.8210,6.2010
322157.3440,1,3.3080,6.8490,6.1840
322207.3260,0,3.2870,6.7990,6.1470
322257.3030,2,3.3580,6.8340,6.1710
322307.2780,0,3.2880,6.8110,6.1960
322357.2590,1,3.2660,6.8450,6.1410
322407.2350,0,3.2800,6.8390,6.1730
322457.2090,2,3.3070,6.8260,6.1170
322507.1900,0,3.2780,6.8340,6.1350
322557.1640,1,3.3210,6.8380,6.1730
322607.1440,0,3.2770,6.8440,6.1530
322657.1250,2,3.2980,6.8820,6.1650
322707.0980,0,3.2870,6.7930,6.1500
322757.0770,1,3.2340,6.8150,6.1430
322807.0580,0,3.2600,6.8430,6.1460
322857.0310,2,3.3000,6.8350,6.1730
322907.0100,0,3.2870,6.8400,6.1910
322956.9900,1,3.2460,6.8120,6.1720
323006.9650,0,3.2980,6.8290,6.1780
323056.9430,2,3.2730,6.8650,6.1230
323106.9250,0,3.2790,6.8710,6.2100
323156.8980,1,3.3000,6.8790,6.1760
323206.8780,0,3.2890,6.8020,6.1510
323256.8590,2,3.3170,6.8460,6.2140
323306.8340,0,3.3230,6.8890,6.1540
323356.8120,1,3.3500,6.8360,6.1960
323406.7930,0,3.2740,6.8380,6.1640
323456.7670,2,3.2790,6.8580,6.1580
323506.7440,0,3.2920,6.8740,6.1780
323556.7220,1,3.2870,6.8710,6.1540
323606.7020,0,3.3260,6.7820,6.1290
323656.6780,2,3.2820,6.8230,6.1390
323706.6530,0,3.2880,6.8020,6.1510
323756.6370,1,3.2740,6.8760,6.1710
323806.6080,0,3.2870,6.8340,6.1510
323856.5910,2,3.2810,6.8370,6.1600
323906.5690,0,3.2940,6.8480,6.1560
323956.5450,1,3.2760,6.9240,6.1240
324006.5250,0,3.2900,6.8880,6.1870
324056.5020,2,3.2930,6.8650,6.1400
324106.4810,0,3.3160,6.8500,6.1520
324156.4560,1,3.2690,6.8890,6.2010
324206.4380,0,3.3320,6.8500,6.1290
324256.4150,2,3.2850,6.8430,6.1700
324306.3920,0,3.3060,6.8480,6.1960
324356.3740,1,3.3050,6.8520,6.1130
324406.3490,0,3.2970,6.8720,6.1510
324456.3270,2,3.2530,6.8310,6.2020
324506.3090,0,3.2940,6.8540,6.1350
324556.2810,1,3.3200,6.8300,6.1460
324606.2640,0,3.2900,6.8700,6.1560
324656.2410,2,3.3040,6.8550,6.1400
324706.2160,0,3.3030,6.8500,6.1280
324756.1950,1,3.3380,6.9230,6.1680
324806.1750,0,3.2700,6.9290,6.1560
324856.1550,2,3.3040,6.8440,6.1910
324906.1300,0,3.3060,6.8590,6.1620
324956.1090,1,3.2970,6.8610,6.1660
325006.0890,0,3.3160,6.8220,6.1660
325056.0680,2,3.2910,6.8710,6.1930
325106.0450,0,3.2730,6.8430,6.1780
325156.0250,1,3.2690,6.8600,6.1530
325206.0020,0,3.2600,6.8620,6.2020
325255.9780,2,3.3080,6.8750,6.1570
325305.9570,0,3.3200,6.8690,6.1220
325355.9370,1,3.3060,6.7960,6.1500
325405.9130,0,3.3110,6.8000,6.1340
325455.8940,2,3.2980,6.7860,6.1440
325505.8690,0,3.3090,6.8200,6.1580
325555.8490,1,3.2750,6.8190,6.1420
325605.8240,0,3.2850,6.8540,6.1370
325655.8060,2,3.3080,6.8070,6.1690
325705.7860,0,3.2780,6.8230,6.1700
325755.7580,1,3.2560,6.8200,6.1280
325805.7390,0,3.3000,6.8230,6.1850
325855.7180,2,3.2370,6.8450,6.1470
325905.6980,0,3.3270,6.8380,6.1740
325955.6700,1,3.2760,6.8190,6.1920
326005.6480,0,3.3330,6.8020,6.1830
326055.6260,2,3.3420,6.8590,6.1540
326105.6100,0,3.3560,6.9010,6.1450
326155.5840,1,3.3110,6.8990,6.1620
326205.5650,0,3.2650,6.8580,6.1490
326255.5420,2,3.3170,6.8620,6.1210
326305.5210,0,3.2620,6.8440,6.1900
326355.5010,1,3.3220,6.8790,6.1800
326405.4740,0,3.3030,6.8970,6.1440
326455.4560,2,3.2840,6.8580,6.1650
326505.4320,0,3.3180,6.8330,6.1490
326555.4140,1,3.2670,6.8600,6.1540
326605.3920,0,3.2930,6.7670,6.1220
326655.3660,2,3.3040,6.8000,6.1510
326705.3480,0,3.2680,6.8630,6.1460
326755.3240,1,3.2490,6.8550,6.1960
326805.2990,0,3.2720,6.8840,6.1450
326855.2820,0,3.3220,6.8820,6.1660
326905.2610,2,3.2450,6.8390,6.1680
326955.2390,1,3.2980,6.8760,6.1910
327005.2160,0,3.3180,6.8640,6.1470
327055.1930,2,3.2850,6.8740,6.1630
327105.1720,0,3.2870,6.8170,6.1790
327155.1500,1,3.2990,6.8460,6.1490
327205.1310,0,3.2650,6.8240,6.1830
327255.1090,0,3.2640,6.8040,6.1430
327305.0870,2,3.3220,6.9130,6.1620
327355.0590,1,3.2610,6.9470,6.1740
327405.0420,0,3.2710,6.8700,6.1850
327455.0210,2,3.2560,6.8760,6.1760
327504.9970,0,3.3320,6.8870,6.1560
327554.9730,1,3.2360,6.8820,6.1360
327604.9530,0,3.2960,6.8270,6.1160
327654.9310,0,3.2360,6.8390,6.1590
327704.9120,2,3.2990,6.7970,6.1630
327754.8890,1,3.2800,6.8000,6.1700
327804.8670,0,3.2710,6.7780,6.1420
327854.8450,2,3.2800,6.8060,6.1560
327904.8210,0,3.3390,6.8020,6.1710
327954.8000,1,3.3360,6.7980,6.1670
328004.7770,0,3.2820,6.8240,6.1700
328054.7570,0,3.2540,6.8190,6.1830
328104.7330,2,3.2830,6.8200,6.1490
328154.7110,1,3.3230,6.8310,6.1680
328204.6940,0,3.3090,6.8400,6.1830
328254.6670,2,3.2620,6.7950,6.1830
328304.6520,0,3.2920,6.8000,6.1810
328354.6230,0,3.2740,6.8350,6.1510
328404.6020,1,3.2850,6.8100,6.1760
328454.5830,0,3.3720,6.8070,6.1530
328504.5610,2,3.2940,6.8440,6.1740
328554.5370,1,3.2980,6.8730,6.1690
328604.5190,0,3.2830,6.8390,6.1350
328654.4930,2,3.3370,6.8780,6.1570
328704.4720,0,3.2660,6.8850,6.1370
328754.4540,0,3.2580,6.8840,6.1610
328804.4300,1,3.2550,6.8730,6.1430
328854.4110,0,3.2800,6.8490,6.1770
328904.3890,2,3.2630,6.8360,6.1460
328954.3660,1,3.2730,6.8660,6.1720
329004.3440,0,3.2800,6.8630,6.1790
329054.3230,2,3.3150,6.8580,6.1530
329104.2980,0,3.2840,6.8330,6.1380
329154.2740,0,3.2970,6.8780,6.1630
329204.2520,1,3.3050,6.8800,6.1740
329254.2350,0,3.2850,6.8720,6.1440
329304.2100,2,3.2820,6.8360,6.2000
329354.1890,1,3.3090,6.8210,6.1420
329404.1690,0,3.3100,6.9290,6.1750
329454.1480,2,3.2840,6.9350,6.1700
329504.1230,0,3.2750,6.9420,6.1670
329554.1030,0,3.2850,6.9060,6.1570
329604.0800,1,3.2990,6.8920,6.1440
329654.0570,0,3.2750,6.9050,6.1580
329704.0390,2,3.2840,6.9170,6.1520
329754.0140,1,3.3370,6.8870,6.1570
329803.9960,0,3.3180,6.9090,6.1180
329853.9700,0,3.2840,6.8590,6.1430
329903.9520,2,3.2970,6.8990,6.1590
329953.9300,0,3.3080,6.8990,6.1500
330003.9090,1,3.2910,6.8540,6.1750
330053.8820,0,3.2560,6.8930,6.1130
330103.8610,2,3.2730,6.8640,6.1660
330153.8390,1,3.2680,6.8850,6.1370
330203.8160,0,3.2730,6.8490,6.1620
330253.7960,0,3.2410,6.8610,6.1430
330303.7750,2,3.3020,6.7660,6.2090
330353.7570,0,3.2880,6.8310,6.1360
330403.7310,1,3.3130,6.7990,6.0930
330453.7160,0,3.3240,6.8340,6.1640
330503.6870,2,3.2710,6.8630,6.1580
330553.6690,1,3.2700,6.8630,6.1690
330603.6420,0,3.3130,6.8560,6.1280
330653.6240,0,3.2760,6.8420,6.1690
330703.6030,2,3.3190,6.8460,6.1620
330753.5820,0,3.2750,6.9010,6.1640
330803.5560,1,3.2870,6.8500,6.1650
330853.5350,0,3.3190,6.9120,6.1700
330903.5130,2,3.2900,6.8720,6.1930
330953.4920,1,3.2880,6.8390,6.1570
331003.4720,0,3.3070,6.8880,6.1800
331053.4460,0,3.3440,6.8610,6.1090
331103.4240,2,3.3390,6.8780,6.1890
331153.4080,0,3.2960,6.9030,6.1420
331203.3840,1,3.2850,6.9480,6.1320
331253.3620,2,3.3010,6.9450,6.1160
331303.3380,0,3.3150,6.8700,6.1620
331353.3160,1,3.2970,6.8680,6.2130
331403.2940,0,3.3200,6.8500,6.1800
331453.2730,0,3.3110,6.8930,6.1460
331503.2530,2,3.2970,6.8170,6.1590
331553.2330,0,3.3380,6.8430,6.1660
331603.2110,1,3.2770,6.8930,6.1900
331653.1840,2,3.3020,6.9350,6.1900
331703.1680,0,3.3120,6.9870,6.1460
331753.1420,0,3.3260,6.9770,6.1900
331803.1240,1,3.2890,6.9500,6.1110
331853.0990,0,3.2880,7.0230,6.1620
331903.0770,2,3.2890,6.9440,6.1420
331953.0570,0,3.2490,6.9500,6.1300
332003.0320,1,3.3130,6.9950,6.1170
332053.0140,0,3.3040,6.9640,6.1920
332102.9890,2,3.2520,6.9750,6.1360
332152.9710,0,3.2740,6.9580,6.1600
332202.9480,1,3.2630,6.9190,6.1500
332252.9280,0,3.3110,6.9320,6.1530
332302.9010,2,3.2380,6.9010,6.1600
332352.8840,0,3.2620,6.8440,6.1690
332402.8570,1,3.2960,6.8780,6.1780
332452.8390,2,3.3020,6.8780,6.0940
332502.8160,0,3.2990,6.8970,6.1920
332552.7980,0,3.2940,6.9000,6.1530
332602.7700,1,3.3180,6.9400,6.1640
332652.7470,0,3.2710,6.9060,6.1840
332702.7290,2,3.3130,6.9140,6.1720
332752.7060,0,3.2630,6.8890,6.1690
332802.6850,1,3.2580,6.9130,6.1600
332852.6670,0,3.3210,6.9470,6.1490
332902.6390,2,3.2800,6.9280,6.1490
332952.6190,0,3.2770,6.9620,6.1520
333002.6010,1,3.2480,6.9820,6.1870
333052.5790,0,3.3070,6.9790,6.1730
333102.5570,2,3.2540,6.9350,6.1470
333152.5340,0,3.2530,6.9740,6.1460
333202.5120,1,3.2780,6.9500,6.1750
333252.4920,0,3.3100,6.9250,6.1370
333302.4650,2,3.2700,6.9060,6.1440
333352.4490,0,3.2940,7.0350,6.1570
333402.4250,1,3.2620,7.1270,6.1800
333452.4050,0,3.2900,7.2030,6.1660
333502.3810,2,3.2700,7.2850,6.1610
333552.3550,0,3.2710,7.3070,6.1560
333602.3390,1,3.2870,7.2920,6.1400
333652.3170,0,3.2390,7.2390,6.1690
333702.2940,2,3.2610,7.2570,6.1530
333752.2730,0,3.2690,7.2560,6.1450
333802.2520,1,3.2500,7.2110,6.1780
333852.2250,0,3.3000,7.1890,6.0980
333902.2060,2,3.2410,7.2130,6.1690
333952.1840,0,3.2580,7.1950,6.1930
334002.1600,1,3.2780,7.2010,6.1260
334052.1370,0,3.2600,7.1750,6.1440
334102.1170,2,3.2920,7.1730,6.1430
334152.0980,0,3.2690,7.1650,6.1650
334202.0750,1,3.3000,7.1620,6.1770
334252.0530,0,3.2780,7.1400,6.1790
334302.0350,2,3.2320,7.1490,6.1640
334352.0070,0,3.2190,7.1260,6.1640
334401.9850,1,3.3090,7.1120,6.1420
334451.9670,0,3.2640,7.1860,6.0810
334501.9450,2,3.2280,7.1600,6.1590
334551.9190,0,3.2990,7.1550,6.1100
334601.9020,1,3.2660,7.0900,6.2010
334651.8800,0,3.2910,7.1050,6.1650
334701.8550,2,3.2810,7.0920,6.1870
334751.8390,0,3.2680,7.1570,6.1940
334801.8160,1,3.2860,7.1500,6.1760
334851.7940,0,3.2280,7.2360,6.1930
334901.7730,2,3.2480,7.2570,6.1810
334951.7470,0,3.2840,7.2280,6.1310
335001.7270,1,3.2480,7.2760,6.1650
335051.7030,0,3.2450,7.2160,6.0940
335101.6850,2,3.2640,7.2140,6.1320
335151.6630,0,3.2190,7.1900,6.1610
335201.6370,1,3.2710,7.1870,6.1540
335251.6210,0,3.2540,7.1930,6.1800
335301.5990,2,3.2650,7.1590,6.2050
335351.5750,0,3.2270,7.1820,6.1520
335401.5510,1,3.2420,7.1330,6.1560
335451.5290,0,3.2760,7.1770,6.1390
335501.5090,2,3.2570,7.2010,6.1260
335551.4870,0,3.2510,7.2010,6.1490
335601.4640,1,3.2200,7.1940,6.1890
335651.4420,0,3.2430,7.1820,6.1400
335701.4220,2,3.2230,7.2370,6.1700
335751.4020,0,3.2860,7.2800,6.1440
335801.3760,1,3.2140,7.2310,6.2020
335851.3550,0,3.2610,7.1870,6.1840
335901.3350,2,3.2470,7.2160,6.1550
335951.3140,0,3.1970,7.2170,6.1630
336001.2900,1,3.2410,7.2220,6.1150
336051.2650,0,3.2500,7.1730,6.1640
336101.2440,2,3.2960,7.2260,6.1440
336151.2260,0,3.2870,7.2720,6.1660
336201.2020,1,3.2820,7.2250,6.1570
336251.1830,0,3.2520,7.2590,6.1730
336301.1610,2,3.2740,7.1840,6.1250
336351.1390,0,3.2660,7.2590,6.1510
336401.1130,1,3.2640,7.2360,6.1510
336451.0900,0,3.2670,7.2110,6.1490
336501.0710,2,3.2600,7.1970,6.1720
336551.0500,0,3.2420,7.2580,6.1380
336601.0270,1,3.2280,7.2400,6.1260
336651.0060,0,3.2640,7.2700,6.1880
336700.9850,2,3.2640,7.2480,6.1570
336750.9610,0,3.2500,7.1900,6.1320
336800.9380,1,3.2710,7.2750,6.1490
336850.9150,0,3.2700,7.2100,6.1380
336900.8930,2,3.2240,7.2150,6.1410
336950.8730,0,3.2630,7.2090,6.1600
337000.8490,1,3.2920,7.1830,6.1670
337050.8280,0,3.2780,7.2300,6.1520
337100.8100,2,3.2510,7.2020,6.1820
337150.7830,0,3.2630,7.2110,6.1600
337200.7610,1,3.2530,7.2510,6.1450
337250.7380,0,3.2600,7.2160,6.1830
337300.7170,2,3.2550,7.2250,6.1480
337350.6960,0,3.2470,7.2120,6.1490
337400.6760,1,3.2600,7.2230,6.1470
337450.6530,0,3.2510,7.1770,6.1600
337500.6320,2,3.2310,7.2050,6.1720
337550.6090,0,3.2860,7.2260,6.1320
337600.5870,1,3.2850,7.1670,6.1590
337650.5670,0,3.2620,7.1140,6.0800
337700.5470,2,3.2680,7.1510,6.1670
337750.5190,0,3.2270,7.1200,6.1800
337800.4990,1,3.2670,7.1140,6.1670
337850.4760,0,3.2810,7.1020,6.1810
337900.4590,2,3.2410,7.1540,6.1580
337950.4350,0,3.2810,7.1310,6.1520
338000.4100,1,3.2870,7.1220,6.1680
338050.3910,0,3.2870,7.1030,6.1430
338100.3700,2,3.2620,7.0710,6.1570
338150.3430,0,3.2200,7.1170,6.1540
338200.3220,1,3.2760,7.0760,6.1800
338250.3040,0,3.2540,7.1000,6.1390
338300.2800,2,3.3440,7.0660,6.1500
338350.2590,0,3.2430,7.1050,6.1840
338400.2360,1,3.2790,7.1400,6.1380
338450.2160,0,3.2590,7.1380,6.1400
338500.1940,2,3.2720,7.1750,6.1750
338550.1690,0,3.2830,7.1560,6.1580
338600.1460,1,3.2380,7.2050,6.1500
338650.1300,0,3.2250,7.1400,6.1640
338700.1040,2,3.2970,7.1310,6.1470
338750.0810,0,3.2520,7.1420,6.1490
338800.0620,0,3.2250,7.0610,6.1510
338850.0410,0,3.2740,7.1280,6.1510
338900.0190,0,3.3010,7.0830,6.1430
338949.9970,0,3.2480,7.0950,6.1700
338999.9700,0,3.2530,7.1160,6.1530
339049.9550,0,3.2710,7.1900,6.1550
339099.9320,0,3.2360,7.1650,6.1700
339149.9100,0,3.2990,7.1560,6.1730
339199.8850,0,3.2780,7.1530,6.1870
339249.8670,0,3.2960,7.1930,6.1700
339299.8450,0,3.2650,7.1910,6.1470
339349.8190,0,3.2700,7.2540,6.1580
339399.7970,0,3.2700,7.1600,6.1870
339449.7780,0,3.2850,7.1770,6.1770
339499.7530,0,3.2840,7.1420,6.1170
339549.7310,0,3.2610,7.1250,6.1150
339599.7110,0,3.3000,7.1450,6.1760
339649.6870,0,3.2900,7.0760,6.1510
339699.6670,0,3.2580,7.0730,6.1740
339749.6440,0,3.3130,7.1250,6.1590
339799.6190,0,3.2570,7.1020,6.1650
339849.5970,0,3.2810,7.1000,6.1780
339899.5800,0,3.2490,7.1450,6.1690
339949.5540,0,3.2610,7.0750,6.1410
339999.5320,0,3.2600,7.0160,6.1280
340049.5110,0,3.2900,7.0930,6.1210
340099.4920,0,3.2790,7.0570,6.1340
340149.4660,0,3.2460,7.0430,6.1240
340199.4470,0,3.2810,7.0600,6.1880
340249.4220,0,3.2680,7.0810,6.1380
340299.4060,0,3.2760,7.1270,6.1630
340349.3820,0,3.3110,7.0410,6.1570
340399.3600,0,3.3230,7.0500,6.1730
340449.3360,0,3.2650,7.0950,6.1450
340499.3140,0,3.2440,7.0800,6.1510
340549.2910,0,3.2650,7.1000,6.1890
340599.2740,0,3.2630,7.1090,6.1310
340649.2460,0,3.2600,7.1200,6.1530
340699.2270,0,3.2170,7.0670,6.1870
340749.2080,0,3.2570,7.0840,6.1700
340799.1860,0,3.2810,7.1450,6.1660
340849.1630,0,3.2380,7.1210,6.1720
340899.1390,0,3.2790,7.1230,6.1380
340949.1160,0,3.2530,7.1180,6.1650
340999.0950,0,3.2880,7.1080,6.1530
341049.0720,0,3.2640,7.0820,6.1550
341099.0490,0,3.2710,7.1320,6.1450
341149.0280,0,3.2440,7.1510,6.1440
341199.0070,0,3.2670,7.0970,6.1060
341248.9840,0,3.2470,7.1160,6.1690
341298.9640,0,3.2930,7.1450,6.1720
341348.9390,0,3.2670,7.0920,6.1430
341398.9190,0,3.2820,7.1200,6.1570
341448.9010,0,3.3530,7.0760,6.1700
341498.8750,0,3.2650,7.1450,6.1280
341548.8580,0,3.2830,7.0550,6.1410
341598.8340,0,3.2600,7.0780,6.1740
341648.8120,0,3.2710,7.1660,6.1770
341698.7910,0,3.2890,7.1390,6.1570
341748.7680,0,3.2160,7.1020,6.1330
341798.7420,0,3.2920,7.1430,6.1280
341848.7240,0,3.2350,7.0770,6.1580
341898.7010,0,3.2410,7.1280,6.1910
341948.6790,0,3.3040,7.1180,6.1430
341998.6550,0,3.2910,7.1270,6.1560
342048.6320,0,3.2540,7.1180,6.1200
342098.6130,0,3.2690,7.1050,6.1110
342148.5940,0,3.2590,7.0900,6.1230
342198.5700,0,3.2790,7.0440,6.1920
342248.5480,0,3.2920,7.0760,6.1340
342298.5220,0,3.2460,7.1470,6.1500
342348.5060,0,3.2320,7.1680,6.1270
342398.4850,0,3.2550,7.1220,6.1200
342448.4630,0,3.2610,7.1380,6.1470
342498.4380,0,3.2580,7.1580,6.1510
342548.4140,0,3.2250,7.1700,6.1730
342598.3930,0,3.2700,7.1310,6.1560
342648.3730,0,3.2440,7.1680,6.1480
342698.3510,0,3.2530,7.1230,6.1630
342748.3260,0,3.2760,7.1400,6.1640
342798.3090,0,3.2500,7.1420,6.1530
342848.2820,0,3.2550,7.1310,6.1490
342898.2610,0,3.2420,7.0820,6.1770
342948.2380,0,3.2440,7.1410,6.2050
342998.2190,0,3.2930,7.1020,6.1370
343048.1960,0,3.3060,7.1160,6.1650
343098.1750,0,3.2480,7.0920,6.1320
343148.1550,0,3.2710,7.1290,6.0850
343198.1280,0,3.2960,7.1100,6.1730
343248.1060,0,3.2900,7.0980,6.1590
343298.0890,0,3.2530,7.1230,6.1310
343348.0690,0,3.2040,7.1500,6.1410
343398.0400,0,3.2210,7.0930,6.1650
343448.0220,0,3.2530,7.0860,6.1400
343498.0020,0,3.2820,7.1150,6.1300
343547.9780,0,3.2510,7.1340,6.1760
343597.9550,0,3.2900,7.1260,6.1380
343647.9370,0,3.2550,7.1040,6.1790
343697.9100,0,3.2370,7.1050,6.1460
343747.8920,0,3.2540,7.0890,6.1550
343797.8660,0,3.2480,7.1220,6.1870
343847.8430,0,3.2530,7.1190,6.1760
343897.8220,0,3.2700,7.0990,6.1390
343947.8020,0,3.2600,7.0840,6.1550
343997.7830,0,3.2890,7.1510,6.1410
344047.7600,0,3.3070,7.1330,6.1380
344097.7340,0,3.2730,7.1700,6.1320
344147.7150,0,3.2440,7.1500,6.1400
344197.6930,0,3.2730,7.1690,6.1340
344247.6720,0,3.2550,7.1100,6.1410
344297.6490,0,3.2740,7.1240,6.1390
344347.6280,0,3.2690,7.1440,6.1290
344397.6050,0,3.2480,7.1040,6.1940
344447.5800,0,3.2230,7.1540,6.1230
344497.5590,0,3.2780,7.1170,6.1410
344547.5410,0,3.2750,7.0720,6.1860
344597.5170,0,3.2290,7.1270,6.1820
344647.4970,0,3.2310,7.1420,6.1780
344697.4740,0,3.2730,7.0750,6.1650
344747.4500,0,3.2150,7.1220,6.1270
344797.4280,0,3.2520,7.1170,6.0510
344847.4090,0,3.2230,7.0870,6.1660
344897.3860,0,3.2390,7.1680,6.1240
344947.3670,0,3.2880,7.1110,6.1260
344997.3420,0,3.2190,7.1000,6.1520
345047.3220,0,3.2560,7.0610,6.1810
345097.3000,0,3.2520,7.1360,6.1440
345147.2740,0,3.2330,7.1030,6.1180
345197.2560,0,3.2570,7.0650,6.1510
345247.2310,0,3.2590,7.0730,6.1720
345297.2070,0,3.2670,7.0930,6.1650
345347.1880,0,3.2400,7.0790,6.1370
345397.1670,0,3.2220,7.0450,6.1780
345447.1450,0,3.2470,7.0590,6.2040
345497.1210,0,3.2220,7.0290,6.1520
345547.0990,0,3.2490,7.0370,6.1550
345597.0770,0,3.2480,7.0250,6.1310
345647.0550,0,3.2470,7.0510,6.1390
345697.0380,0,3.2520,7.0100,6.1730
345747.0120,0,3.2700,7.0480,6.1320
345796.9890,0,3.2360,7.0160,6.1400
345846.9650,0,3.2480,7.0170,6.1550
345896.9450,0,3.2840,7.0370,6.1400
345946.9230,0,3.2580,7.0480,6.2150
345996.9000,0,3.2660,7.0260,6.1820
346046.8800,0,3.2800,6.9640,6.1300
346096.8590,0,3.2630,6.9990,6.1460
346146.8350,0,3.2230,6.9840,6.1610
346196.8170,0,3.2580,6.9740,6.1990
346246.7960,0,3.2250,7.0030,6.1500
346296.7730,0,3.2520,7.0580,6.1650
346346.7480,0,3.2740,7.0130,6.1630
346396.7290,0,3.2830,7.0570,6.1620
346446.7060,0,3.2620,7.1040,6.1180
346496.6810,0,3.2830,7.0740,6.1410
346546.6620,0,3.2240,6.9880,6.1840
346596.6410,0,3.2430,6.9980,6.1490
346646.6180,0,3.2640,7.0340,6.1860
346696.5990,0,3.2920,7.0550,6.1220
346746.5760,0,3.2420,7.0390,6.1660
346796.5510,0,3.2440,7.1000,6.1500
346846.5330,0,3.2660,7.0940,6.1560
346896.5110,0,3.2590,7.0770,6.1730
346946.4850,0,3.2800,7.1090,6.1570
346996.4620,0,3.2630,7.1490,6.1730
347046.4450,0,3.2840,7.1150,6.1730
347096.4180,0,3.2510,7.1370,6.1620
347146.3970,0,3.3070,7.1440,6.1440
347196.3780,0,3.2280,7.1260,6.1830
347246.3520,0,3.2670,7.1250,6.1720
347296.3360,0,3.2320,7.1100,6.1120
347346.3140,0,3.2640,7.1330,6.1700
347396.2880,0,3.2380,7.1140,6.1420
347446.2700,0,3.2710,7.0920,6.1430
347496.2440,0,3.2850,7.0850,6.1490
347546.2240,0,3.2980,7.0580,6.1700
347596.2000,0,3.2110,7.0590,6.1390
347646.1800,0,3.2810,7.0650,6.1600
347696.1600,0,3.2480,7.0860,6.1510
347746.1340,0,3.2530,7.0570,6.1120
347796.1170,0,3.2750,7.0680,6.1280
347846.0890,0,3.2830,7.1070,6.1830
347896.0690,0,3.2470,7.0920,6.1830
347946.0470,0,3.2970,7.0710,6.1320
347996.0250,0,3.2780,7.0770,6.1500
348046.0040,0,3.2750,7.0890,6.1580
348095.9820,0,3.2270,7.1490,6.1420
348145.9610,0,3.2700,7.1260,6.1940
348195.9370,0,3.2460,7.1600,6.2050
348245.9150,0,3.2860,7.1340,6.1570
348295.8930,0,3.2180,7.1510,6.1850
348345.8680,0,3.2460,7.1350,6.1780
348395.8440,0,3.2590,7.1320,6.1830
348445.8240,0,3.2400,7.0840,6.1340
348495.8020,0,3.2530,7.0850,6.1300
348545.7820,0,3.2450,7.1220,6.1510
348595.7600,0,3.2700,7.1420,6.1320
348645.7320,0,3.2430,7.1490,6.1560
348695.7100,0,3.2990,7.1590,6.1250
348745.6940,0,3.2250,7.0880,6.1350
348795.6660,0,3.2580,7.1380,6.1510
348845.6430,0,3.2890,7.1550,6.1610
348895.6250,0,3.2270,7.1200,6.1180
348945.6010,0,3.2620,7.1560,6.1750
348995.5760,0,3.3060,7.1080,6.1490
349045.5590,0,3.2610,7.0890,6.1090
349095.5330,0,3.2450,7.0950,6.1490
349145.5130,0,3.2740,7.1190,6.1640
349195.4870,0,3.2830,7.1760,6.1760
349245.4670,0,3.2870,7.1090,6.1740
349295.4470,0,3.2740,7.1590,6.1540
349345.4220,0,3.2470,7.1290,6.1450
349395.3980,0,3.3100,7.1000,6.1600
349445.3790,0,3.2510,7.0910,6.1820
349495.3580,0,3.2720,7.1150,6.1650
349545.3350,0,3.2570,7.1200,6.1730
349595.3140,0,3.2310,7.1600,6.1390
349645.2920,0,3.2590,7.1640,6.1710
349695.2700,0,3.2690,7.1090,6.1480
349745.2410,0,3.2730,7.1260,6.1870
349795.2230,0,3.2870,7.1470,6.1400
349845.2010,0,3.2330,7.0770,6.1870
349895.1780,0,3.2430,7.0790,6.1470
349945.1530,0,3.2660,7.0900,6.1590
349995.1350,0,3.2950,7.1050,6.1450
350045.1130,0,3.3000,7.1170,6.1840
350095.0900,0,3.2610,7.1230,6.1450
350145.0640,0,3.2720,7.1600,6.1840
350195.0430,0,3.2530,7.1250,6.1700
350245.0220,0,3.2720,7.1190,6.1750
350295.0020,0,3.2640,7.1380,6.1520
350344.9770,0,3.2540,7.0910,6.1980
350394.9570,0,3.2740,7.0960,6.1810
350444.9290,0,3.2420,7.0880,6.1630
350494.9080,0,3.2390,7.0790,6.1430
350544.8850,0,3.3070,7.0680,6.1740
350594.8650,0,3.2400,7.0750,6.1580
350644.8450,0,3.2660,7.0700,6.2200
350694.8190,0,3.2760,7.0270,6.1670
350744.7980,0,3.2430,7.0910,6.1370
350794.7790,0,3.2670,7.0610,6.1440
350844.7550,0,3.2540,7.0490,6.1750
350894.7330,0,3.2660,7.0070,6.1660
350944.7070,0,3.2660,7.0430,6.1180
350994.6870,0,3.2740,7.0810,6.1360
351044.6650,0,3.2950,7.0260,6.1440
351094.6390,0,3.2550,7.0580,6.1250
351144.6210,0,3.2740,7.0140,6.1650
351194.6010,0,3.2680,7.0060,6.1010
351244.5780,0,3.2470,7.0450,6.1450
351294.5500,0,3.2620,7.0080,6.1500
351344.5280,0,3.2780,7.0730,6.1290
351394.5060,0,3.2580,7.0060,6.1580
351444.4850,0,3.2780,7.0300,6.1190
351494.4660,0,3.2780,7.0300,6.1460
351544.4430,0,3.3170,7.0250,6.1300
351594.4220,0,3.3150,7.0080,6.1310
351644.3980,0,3.2480,7.0700,6.1960
351694.3780,0,3.2860,7.0470,6.1430
351744.3530,0,3.2430,7.1200,6.1360
351794.3320,0,3.2390,7.0950,6.1270
351844.3110,0,3.2310,7.0690,6.1080
351894.2860,0,3.2760,7.1330,6.1830
351944.2670,0,3.2660,7.1440,6.1400
351994.2430,0,3.2840,7.1500,6.1440
352044.2210,0,3.2520,7.1910,6.1510
352094.1980,0,3.2630,7.1970,6.1580
352144.1720,0,3.2460,7.1500,6.1480
352194.1490,0,3.2690,7.1460,6.1760
352244.1260,0,3.2840,7.1090,6.1580
352294.1090,0,3.2580,7.0890,6.1600
352344.0830,0,3.2790,7.1260,6.1550
352394.0640,0,3.2440,7.1430,6.1590
352444.0380,0,3.2770,7.1340,6.0950
352494.0190,0,3.2530,7.0880,6.1480
352543.9980,0,3.2480,7.1390,6.1570
352593.9740,0,3.2880,7.0640,6.1540
352643.9510,0,3.2720,7.0430,6.1330
352693.9290,0,3.2870,7.0900,6.1660
352743.9050,0,3.2210,6.9970,6.1050
352793.8860,0,3.2290,7.0390,6.1330
352843.8620,0,3.2790,7.0490,6.1320
352893.8390,0,3.2640,7.0480,6.1570
352943.8140,0,3.3440,7.0230,6.1180
352993.7940,0,3.2480,7.0840,6.1680
353043.7720,0,3.2030,7.0570,6.1480
353093.7540,0,3.2890,7.0310,6.1510
353143.7310,0,3.2560,7.0130,6.1570
353193.7090,0,3.2440,7.0610,6.1820
353243.6820,0,3.2550,6.9870,6.1450
353293.6630,0,3.2590,7.0340,6.1580
353343.6430,0,3.2330,7.0370,6.1800
353393.6160,0,3.2500,7.0150,6.1640
353443.5960,0,3.2530,7.0520,6.1520
353493.5710,0,3.3250,7.0260,6.1580
353543.5490,0,3.2580,7.0220,6.1050
353593.5250,0,3.3040,6.9750,6.1870
353643.5060,0,3.3000,7.0110,6.1840
353693.4850,0,3.3010,6.9580,6.1320
353743.4570,0,3.2760,6.9540,6.1860
353793.4390,0,3.2630,6.9140,6.1530
353843.4160,0,3.2730,6.9770,6.1550
353893.3770,0,3.2480,6.9490,6.1440
353943.3680,0,3.2560,6.9510,6.1550
353993.3520,0,3.2400,6.9590,6.1110
354043.3280,0,3.2300,6.9400,6.1640
354093.3060,0,3.2960,6.9760,6.1610
354143.2820,0,3.2820,6.9370,6.1810
354193.2580,0,3.2780,6.9560,6.1490
354243.2380,0,3.2520,6.8930,6.1930
354293.2190,0,3.2820,6.9590,6.1290
354343.1950,0,3.2460,6.9290,6.1630
354393.1690,0,3.2720,6.9950,6.1340
354443.1480,0,3.2630,6.9560,6.1500
354493.1240,0,3.2580,6.9800,6.1760
354543.1060,0,3.2780,7.0150,6.1340
354593.0800,0,3.2490,6.9640,6.1500
354643.0610,0,3.2690,6.9250,6.1610
354693.0410,0,3.2590,6.9890,6.1440
354743.0140,0,3.2730,6.9590,6.1520
354792.9910,0,3.2580,6.9700,6.1330
354842.9730,0,3.2790,6.9730,6.1200
354892.9490,0,3.3080,6.9530,6.1250
354942.9240,0,3.2640,6.9900,6.1300
354992.9040,0,3.2500,6.9850,6.1290
355042.8830,0,3.2760,6.9940,6.1490
355092.8610,0,3.3120,6.9890,6.1530
355142.8380,0,3.2590,6.9970,6.1330
355192.8160,0,3.2800,6.9640,6.1830
355242.7940,0,3.2980,6.9460,6.1700
355292.7710,0,3.2710,6.9700,6.1500
355342.7510,0,3.2460,6.9860,6.1290
355392.7270,0,3.2750,6.9350,6.1600
355442.7020,0,3.2320,6.9970,6.1230
355492.6790,0,3.2710,6.9440,6.1530
355542.6580,0,3.2240,6.9890,6.1750
355592.6390,0,3.2670,6.9810,6.1620
355642.6140,0,3.2620,7.0010,6.1780
355692.5910,0,3.2240,7.0010,6.1610
355742.5680,0,3.2990,7.0510,6.1270
355792.5500,0,3.2910,7.0620,6.1760
355842.5250,0,3.3000,7.0960,6.1560
355892.5020,0,3.2620,7.1520,6.1660
355942.4780,0,3.3170,7.1830,6.1140
355992.4600,0,3.2460,7.1800,6.1660
356042.4330,0,3.2570,7.1320,6.1230
356092.4160,0,3.2440,7.0720,6.1570
356142.3910,0,3.2750,7.0960,6.1410
356192.3700,0,3.2560,7.0520,6.1210
356242.3270,0,3.2700,7.0140,6.1400
356292.3250,0,3.2580,6.9910,6.2090
356342.3020,0,3.2450,7.0610,6.1770
356392.2800,0,3.2860,7.0470,6.1570
356442.2600,0,3.2660,7.0850,6.0900
356492.2380,0,3.2080,6.9620,6.1730
356542.2110,0,3.2310,6.9820,6.1640
356592.1870,0,3.2530,6.9830,6.1450
356642.1700,0,3.2760,6.9600,6.1610
356692.1430,0,3.2850,6.9520,6.1750
356742.1250,0,3.2030,6.9630,6.1550
356792.1030,0,3.2610,7.0070,6.1500
356842.0760,0,3.2950,6.9610,6.1300
356892.0560,0,3.2840,6.9180,6.1040
356942.0370,0,3.2780,6.8570,6.1330
356992.0090,0,3.2750,6.9960,6.1270
357041.9890,0,3.2840,6.9810,6.1330
357091.9640,0,3.2550,6.9580,6.1210
357141.9420,0,3.2650,7.0060,6.1440
357191.9230,0,3.2460,7.0000,6.1690
357241.9030,0,3.2250,7.0130,6.1600
357291.8800,0,3.2310,6.9900,6.1360
357341.8530,0,3.3050,6.9970,6.1500
357391.8320,0,3.2500,7.0310,6.1520
357441.8120,0,3.2610,7.0420,6.1120
357491.7900,0,3.2300,7.0590,6.1260
357541.7650,0,3.3010,7.0460,6.1680
357591.7460,0,3.2480,7.0640,6.1110
357641.7200,0,3.3010,7.0260,6.1700
357691.7000,0,3.2500,7.0280,6.1750
357741.6770,0,3.2540,7.0300,6.1380
357791.6580,0,3.3150,7.0780,6.1840
357841.6320,0,3.2960,7.0140,6.1490
357891.6110,0,3.2620,6.9610,6.1690
357941.5900,0,3.2570,7.0060,6.1300
357991.5640,0,3.2680,6.9760,6.1080
358041.5430,0,3.2900,6.9470,6.1570
358091.5180,0,3.2750,7.0110,6.1310
358141.5010,0,3.2460,6.9990,6.1210
358191.4780,0,3.2490,7.0380,6.1430
358241.4570,0,3.3020,7.0420,6.1720
358291.4340,0,3.2870,6.9970,6.1390
358341.4070,0,3.2640,6.9610,6.1320
358391.3890,0,3.3000,6.9610,6.1630
358441.3680,0,3.2310,6.9320,6.1600
358491.3450,0,3.2640,7.0080,6.1670
358541.3240,0,3.2650,6.9730,6.1420
358591.2950,0,3.2880,6.9510,6.1620
358641.2730,0,3.3140,6.9240,6.1600
358691.2560,0,3.2850,6.9450,6.1680
358741.2300,0,3.2440,6.9030,6.1350
358791.2070,0,3.2700,6.9720,6.1590
358841.1870,0,3.2720,6.9560,6.1520
358891.1670,0,3.2940,6.9850,6.0780
358941.1390,0,3.2630,6.9930,6.1620
358991.1180,0,3.2630,6.9820,6.1350
359041.1000,0,3.2480,6.9420,6.1220
359091.0760,0,3.2510,6.9250,6.1790
359141.0510,0,3.2670,6.9670,6.1430
359191.0270,0,3.2580,6.9800,6.1660
359241.0090,0,3.2750,6.9280,6.1670
359290.9890,0,3.2790,6.9090,6.1670
359340.9620,0,3.2620,6.9220,6.1270
359390.9410,0,3.2530,6.9450,6.1400
359440.9160,0,3.2570,6.9160,6.1740
359490.8960,0,3.3120,6.9520,6.1680
359540.8760,0,3.2720,6.9030,6.1780
359590.8500,0,3.2970,6.9560,6.1560
359640.8280,0,3.2620,6.9280,6.1490
359690.8090,0,3.2910,6.8940,6.1640
359740.7820,0,3.2990,6.8990,6.1670
359790.7630,0,3.2860,6.9090,6.1020
359840.7430,0,3.2850,6.9150,6.1610
359890.7170,0,3.3100,6.9440,6.1560
359940.6980,0,3.2890,6.9010,6.1410
359990.6740,0,3.2830,6.8750,6.1520
360040.6520,0,3.2670,6.9470,6.2020
360090.6270,0,3.2450,6.8750,6.1420
360140.6100,0,3.2800,6.9800,6.1250
360190.5850,0,3.2750,6.9190,6.1760
360240.5670,0,3.2540,6.8760,6.1440
360290.5420,0,3.2940,6.8660,6.1910
360340.5190,0,3.3070,6.8650,6.1390
360390.4970,0,3.3030,6.8500,6.1200
360440.4750,0,3.2880,6.8950,6.1530
360490.4510,0,3.2720,6.8940,6.1240
360540.4290,0,3.2370,6.8910,6.1710
360590.4070,0,3.2590,6.8890,6.1230
360640.3910,0,3.2910,6.8910,6.1800
360690.3650,0,3.2770,6.8950,6.1760
360740.3430,0,3.2720,6.8980,6.1510
360790.3230,0,3.2570,6.9040,6.1220
360840.3000,0,3.2660,6.9120,6.1650
360890.2780,0,3.3040,6.9210,6.1270
360940.2590,0,3.2320,6.9310,6.1630
360990.2300,0,3.2390,6.9440,6.1860
361040.2110,0,3.2570,6.9210,6.1650
361090.1890,0,3.2810,6.8840,6.1280
361140.1670,0,3.2960,6.9690,6.2040
361190.1460,0,3.2690,6.9000,6.1630
361240.1220,0,3.2910,6.9030,6.2100
361290.1030,0,3.2510,6.9320,6.1760
361340.0790,0,3.2610,6.8740,6.1170
361390.0530,0,3.2470,6.9320,6.1420
361440.0350,0,3.3000,6.8890,6.1230
361490.0160,0,3.2310,6.9500,6.1420
361539.9920,0,3.2500,6.9100,6.1320
361589.9690,0,3.2670,6.9370,6.1300
361639.9490,0,3.2300,6.9460,6.1220
361689.9220,0,3.2390,6.9290,6.1200
361739.9000,0,3.2130,6.8790,6.1840
361789.8810,0,3.2610,6.9350,6.0880
361839.8550,0,3.2690,6.9120,6.2020
361889.8360,0,3.2690,6.9040,6.1510
361939.8120,0,3.2890,6.8870,6.1390
361989.7890,0,3.2540,6.9380,6.1400
362039.7690,0,3.2740,6.8910,6.1090
362089.7470,0,3.2820,6.8800,6.1100
362139.7270,0,3.2070,6.9240,6.1640
362189.7020,0,3.2650,6.8770,6.1700
362239.6800,0,3.2480,6.8810,6.1780
362289.6580,0,3.2530,6.9020,6.1350
362339.6350,0,3.2600,6.8820,6.1390
362389.6120,0,3.2850,6.8830,6.1720
362439.5970,0,3.2530,6.8740,6.1650
362489.5740,0,3.2680,6.9080,6.1440
362539.5510,0,3.2570,6.9240,6.1680
362589.5290,0,3.2600,6.8950,6.1740
362639.5040,0,3.2650,6.9150,6.1420
362689.4830,0,3.2870,6.8880,6.1800
362739.4580,0,3.2980,6.9370,6.1420
362789.4370,0,3.2690,6.9240,6.1370
362839.4190,0,3.2920,6.9530,6.1750
362889.3950,0,3.2770,6.8920,6.1580
362939.3700,0,3.3080,6.9200,6.1410
362989.3480,0,3.2260,6.8990,6.1750
363039.3310,0,3.2820,6.8940,6.1570
363089.3050,0,3.2800,6.8630,6.1490
363139.2860,0,3.2530,6.8970,6.1440
363189.2640,0,3.2890,6.8650,6.1690
363239.2410,0,3.2730,6.8830,6.1280
363289.2180,0,3.2990,6.9230,6.1740
363339.1960,0,3.2810,6.8870,6.1580
363389.1710,0,3.2730,6.8740,6.0840
363439.1550,0,3.2180,6.9840,6.1790
363489.1340,0,3.2870,7.0010,6.1600
363539.1100,0,3.2740,7.0110,6.1680
363589.0860,0,3.2780,6.9420,6.1700
363639.0660,0,3.2910,6.9690,6.1360
363689.0450,0,3.2440,6.9950,6.1230
363739.0190,0,3.2580,6.9400,6.1360
363789.0010,0,3.2460,6.9390,6.1350
363838.9760,0,3.3000,7.0000,6.1560
363888.9530,0,3.2780,6.9440,6.1410
363938.9320,0,3.2190,6.9810,6.1490
363988.9070,0,3.2750,6.9710,6.1060
364038.8880,0,3.2680,6.8830,6.1320
364088.8620,0,3.2290,6.8970,6.1410
364138.8460,0,3.3050,6.9400,6.1930
364188.8220,0,3.2980,6.9400,6.1340
364238.8020,0,3.2850,6.9410,6.1490
364288.7810,0,3.2640,6.9160,6.1410
364338.7580,0,3.3150,6.9390,6.1200
364388.7300,0,3.2670,6.8900,6.1250
364438.7140,0,3.2740,6.9220,6.1280
364488.6870,0,3.2790,6.8810,6.1360
364538.6690,0,3.2510,6.9250,6.1650
364588.6460,0,3.2460,6.9120,6.1860
364638.6240,0,3.3200,6.9260,6.1330
364688.6000,0,3.2650,6.9850,6.1590
364738.5760,0,3.2610,6.9740,6.1650
364788.5530,0,3.2860,6.9560,6.1230
364838.5340,0,3.2480,6.9910,6.1570
364888.5150,0,3.2540,6.9960,6.1640
364938.4910,0,3.2430,7.0090,6.1580
364988.4680,0,3.2410,6.9630,6.1500
365038.4490,0,3.2570,6.9790,6.1630
365088.4270,0,3.2520,6.9690,6.1530
365138.4000,0,3.2380,6.9470,6.1460
365188.3800,0,3.2630,6.9310,6.1520
365238.3560,0,3.2920,6.9050,6.1440
365288.3350,0,3.2530,6.9350,6.1340
365338.3170,0,3.2730,6.9050,6.1620
365388.2920,0,3.2880,6.9240,6.1480
365438.2670,0,3.2880,6.8830,6.1760
365488.2500,0,3.2750,6.9030,6.1690
365538.2270,0,3.2350,6.9020,6.1990
365588.2070,0,3.3010,6.9220,6.1530
365638.1780,0,3.2840,6.8660,6.1290
365688.1610,0,3.2730,6.8740,6.1500
365738.1340,0,3.2650,6.8920,6.1410
365788.1150,0,3.2960,6.9440,6.1360
365838.0930,0,3.2600,6.9230,6.1850
365888.0710,0,3.2410,6.8930,6.1400
365938.0470,0,3.2570,6.8430,6.1030
365988.0300,0,3.2820,6.8820,6.1730
366038.0030,0,3.2910,6.8730,6.1650
366087.9800,0,3.2830,6.9030,6.1740
366137.9620,0,3.2500,6.8910,6.1410
366187.9420,0,3.2990,6.8640,6.1440
366237.9200,0,3.3120,6.8990,6.1660
366287.8940,0,3.2520,6.8660,6.1650
366337.8700,0,3.2590,6.8580,6.1410
366387.8540,0,3.2660,6.8580,6.1710
366437.8290,0,3.2360,6.7970,6.1680
366487.8090,0,3.2830,6.9180,6.1480
366537.7820,0,3.2670,6.8600,6.1780
366587.7660,0,3.2510,6.8730,6.1230
366637.7420,0,3.2700,6.8940,6.1280
366687.7190,0,3.2130,6.9000,6.1400
366737.6930,0,3.3230,6.8920,6.1700
366787.6710,0,3.2690,6.8840,6.1080
366837.6500,0,3.2240,6.8990,6.1210
366887.6290,0,3.2450,6.8670,6.1220
366937.6090,0,3.2620,6.8960,6.1520
366987.5870,0,3.3090,6.9270,6.1810
367037.5640,0,3.2690,6.8850,6.1190
367087.5390,0,3.3050,7.0160,6.1440
367137.5180,0,3.2430,6.9550,6.1600
367187.4990,0,3.2690,6.9920,6.1550
367237.4760,0,3.2580,6.9500,6.1500
367287.4510,0,3.2640,6.9520,6.1370
367337.4300,0,3.2510,6.9180,6.1480
367387.4100,0,3.2620,6.9140,6.1720
367437.3890,0,3.2840,6.9710,6.0820
367487.3670,0,3.2720,6.9420,6.1240
367537.3410,0,3.2630,6.8860,6.1420
367587.3190,0,3.2250,6.9870,6.1440
367637.2970,0,3.2920,6.9160,6.1360
367687.2800,0,3.2480,6.8810,6.1700
367737.2580,0,3.3190,6.8460,6.1170
367787.2360,0,3.2190,6.8990,6.1480
367837.2100,0,3.2340,6.9240,6.1720
367887.1870,0,3.2780,6.9090,6.2060
367937.1670,0,3.2840,6.9290,6.1570
367987.1470,0,3.2990,6.8570,6.1360
368037.1230,0,3.2620,6.9310,6.1250
368087.1010,0,3.2800,6.8640,6.1930
368137.0770,0,3.2920,6.9050,6.1640
368187.0560,0,3.2810,6.8830,6.1660
368237.0340,0,3.2310,6.8870,6.1290
368287.0130,0,3.2690,6.9130,6.1280
368336.9910,0,3.2230,6.8960,6.1520
368386.9710,0,3.3030,6.9310,6.1480
368436.9470,0,3.2740,6.8980,6.1510
368486.9230,0,3.2940,6.9230,6.1490
368536.9030,0,3.2210,6.8540,6.1400
368586.8770,0,3.2860,6.8560,6.1140
368636.8550,0,3.2660,6.8780,6.1100
368686.8360,0,3.3020,6.8510,6.1630
368736.8120,1,3.2410,6.8930,6.1200
368786.7940,0,3.2710,6.8710,6.1950
368836.7710,2,3.2660,6.8620,6.1540
368886.7440,0,3.2740,6.8290,6.1650
368936.7230,1,3.2840,6.9450,6.1140
368986.7050,0,3.2620,6.9900,6.1690
369036.6820,2,3.2580,7.0000,6.1220
369086.6590,0,3.2530,7.0570,6.1650
369136.6350,1,3.2780,7.0350,6.1530
369186.6160,0,3.2540,7.0330,6.1270
369236.5970,2,3.2450,7.0470,6.1620
369286.5710,0,3.2630,7.0070,6.1590
369336.5480,1,3.2560,7.0150,6.1650
369386.5300,0,3.2640,6.9690,6.1390
369436.5060,2,3.2670,6.9810,6.1580
369486.4820,0,3.2650,6.9610,6.1430
369536.4580,1,3.2850,7.0110,6.1270
369586.4400,0,3.2810,6.9690,6.1490
369636.4160,2,3.2670,6.9920,6.1660
369686.3940,0,3.2890,6.9200,6.1100
369736.3740,1,3.2890,6.9530,6.1380
369786.3540,0,3.2320,6.9450,6.1190
369836.3320,2,3.2400,6.9390,6.1320
369886.3030,0,3.2880,7.0150,6.1270
369936.2810,1,3.2870,6.9910,6.1590
369986.2660,0,3.2560,6.9030,6.1580
370036.2370,2,3.2470,6.9630,6.1910
370086.2220,0,3.2500,6.9920,6.1350
370136.1960,1,3.2460,6.9740,6.1070
370186.1750,0,3.3010,6.9120,6.1640
370236.1510,2,3.2300,6.9200,6.1650
370286.1310,0,3.2350,6.9480,6.2170
370336.1100,1,3.2580,6.9670,6.1230
370386.0890,0,3.2400,6.9060,6.2060
370436.0620,2,3.2440,6.9030,6.1550
370486.0450,0,3.2380,6.9250,6.1110
370536.0220,1,3.2440,6.8810,6.1370
370586.0000,0,3.2660,6.9230,6.1630
370635.9740,2,3.2430,6.9150,6.1260
370685.9500,0,3.2360,6.9160,6.1490
370735.9320,1,3.2950,6.9170,6.1310
370785.9110,0,3.2220,6.9600,6.1530
370835.8870,2,3.2500,6.9320,6.1370
370885.8680,0,3.2670,6.8880,6.1670
370935.8420,1,3.2240,6.9040,6.1070
370985.8210,0,3.2700,6.8670,6.1220
371035.7990,2,3.2480,6.8760,6.1250
371085.7770,0,3.2380,6.8960,6.1540
371135.7550,1,3.2700,6.8850,6.1500
371185.7300,0,3.2990,6.8860,6.1180
371235.7120,2,3.2940,6.8690,6.1770
371285.6880,0,3.2530,6.8460,6.1920
371335.6680,1,3.2940,6.8800,6.1300
371385.6430,0,3.3260,6.8750,6.1630
371435.6190,2,3.2640,6.8830,6.1580
371485.6030,0,3.2710,6.8330,6.1800
371535.5760,1,3.2990,6.8470,6.1090
371585.5590,0,3.2700,6.8320,6.1280
371635.5360,2,3.2720,6.8790,6.1590
371685.5140,0,3.2610,6.8890,6.1260
371735.4930,1,3.2900,6.8710,6.1430
371785.4710,0,3.2440,6.9510,6.1490
371835.4480,2,3.2550,6.9460,6.1480
371885.4230,0,3.3030,6.9010,6.1490
371935.4000,1,3.2880,6.8910,6.1390
371985.3820,0,3.2650,6.8890,6.1560
372035.3560,2,3.3120,6.8960,6.1610
372085.3380,0,3.2560,6.8620,6.1380
372135.3160,1,3.2690,6.8660,6.1440
372185.2890,0,3.2330,6.8800,6.1490
372235.2680,2,3.2780,6.8960,6.1890
372285.2470,0,3.2450,6.9380,6.1590
372335.2270,1,3.2460,6.8980,6.1180
372385.2010,0,3.2540,6.8850,6.1420
372435.1790,2,3.2550,6.8940,6.1710
372485.1560,0,3.2510,6.8730,6.1360
372535.1350,1,3.3070,6.8490,6.1470
372585.1180,0,3.2520,6.8610,6.1830
372635.0940,2,3.3320,6.8690,6.1320
372685.0700,0,3.2690,6.8530,6.1430
372735.0470,1,3.2560,6.8840,6.1370
372785.0300,0,3.2210,6.9360,6.1670
372835.0060,2,3.2420,6.9560,6.1340
372884.9830,0,3.2810,6.9650,6.1420
372934.9630,1,3.2340,6.9910,6.1870
372984.9360,0,3.2620,6.9910,6.1370
373034.9160,2,3.2780,7.0060,6.1470
373084.8960,0,3.2610,6.9800,6.1820
373134.8720,1,3.2430,7.0240,6.1130
373184.8510,0,3.2970,6.9810,6.1580
373234.8300,2,3.2600,6.9520,6.1180
373284.8080,0,3.2430,6.9910,6.1570
373334.7830,1,3.2570,6.9320,6.1550
373384.7650,0,3.2780,6.9010,6.1710
373434.7380,2,3.2500,6.9570,6.1820
373484.7150,0,3.2210,6.9440,6.1630
373534.6980,1,3.2540,6.9790,6.1380
373584.6720,0,3.2670,6.9260,6.1270
373634.6520,2,3.3110,6.9260,6.1300
373684.6260,0,3.2580,6.9380,6.1260
373734.6090,1,3.2850,6.9090,6.1400
373784.5890,0,3.2790,6.9100,6.0740
373834.5640,2,3.2880,6.9140,6.1240
373884.5400,0,3.2320,6.9750,6.1200
373934.5180,0,3.2500,6.8940,6.1950
373984.4950,1,3.2980,6.8740,6.1770
374034.4760,2,3.2600,6.8600,6.1620
374084.4540,0,3.2510,6.8500,6.1660
374134.4290,1,3.2620,6.8160,6.1400
374184.4090,0,3.2160,6.8520,6.1520
374234.3850,2,3.2310,6.8940,6.1590
374284.3640,0,3.2540,6.8950,6.1490
374334.3400,0,3.2630,6.9410,6.1830
374384.3190,1,3.2800,6.9550,6.1440
374434.2990,2,3.2820,6.9820,6.1730
374484.2780,0,3.2310,6.9340,6.1700
374534.2520,1,3.2890,6.8910,6.1250
374584.2320,0,3.2370,6.9500,6.1460
374634.2100,2,3.2720,6.8780,6.1530
374684.1860,0,3.2370,6.9570,6.1370
374734.1690,1,3.2540,6.8910,6.1670
374784.1450,0,3.2370,6.9380,6.1380
374834.1200,2,3.2590,6.8470,6.1540
374884.1000,0,3.2670,6.8630,6.1580
374934.0800,1,3.2500,6.8440,6.1660
374984.0560,0,3.2650,6.8420,6.0790
375034.0310,0,3.2260,6.8570,6.1280
375084.0120,2,3.2090,6.8500,6.1630
375133.9810,1,3.2930,6.8670,6.1410
375183.9660,0,3.2860,6.8920,6.1510
375233.9430,2,3.2920,6.8040,6.1440
375283.9270,0,3.2630,6.7670,6.1210
375333.9050,1,3.2940,6.8120,6.1420
375383.8770,0,3.2200,6.8580,6.1900
375433.8580,0,3.2810,6.8730,6.1640
375483.8380,2,3.2880,6.8380,6.1260
375533.8110,1,3.2900,6.8240,6.1440
375583.7900,0,3.3000,6.8270,6.0880
375633.7690,2,3.2800,6.8380,6.1560
375683.7480,0,3.2860,6.7960,6.1600
375733.7230,1,3.2990,6.8210,6.1180
375783.7000,0,3.2710,6.8400,6.1120
375833.6790,0,3.2340,6.7790,6.1330
375883.6600,2,3.2890,6.7900,6.1650
375933.6400,1,3.2530,6.8000,6.1570
375983.6130,0,3.2700,6.8000,6.1660
376033.5960,2,3.2550,6.8750,6.1640
376083.5680,0,3.2750,6.7990,6.1310
376133.5510,1,3.2740,6.8230,6.1680
376183.5280,0,3.2810,6.8400,6.1190
376233.5030,0,3.3060,6.8090,6.1210
376283.4810,2,3.2190,6.8340,6.1160
376333.4570,1,3.2590,6.8130,6.1880
376383.4400,0,3.2450,6.8050,6.1730
376433.4160,2,3.2680,6.8790,6.1130
376483.3940,0,3.2690,6.9230,6.1450
376533.3690,1,3.3030,6.9230,6.1120
376583.3490,0,3.2840,6.8920,6.1440
376633.3260,0,3.2430,6.8750,6.1770
376683.3080,2,3.2600,6.9250,6.1460
376733.2840,1,3.2700,6.8990,6.1910
376783.2610,0,3.2710,6.8960,6.1600
376833.2370,2,3.2640,6.8710,6.1240
376883.2200,0,3.2720,6.8820,6.1580
376933.1930,0,3.2580,6.9070,6.1760
376983.1760,1,3.2110,6.9560,6.1180
377033.1510,0,3.2450,6.9290,6.1620
377083.1290,2,3.2720,6.8810,6.1390
377133.1080,1,3.2240,6.8420,6.1310
377183.0880,0,3.2330,6.8550,6.1550
377233.0660,2,3.2820,6.8710,6.1840
377283.0420,0,3.2900,6.7970,6.1190
377333.0180,0,3.2280,6.8510,6.1500
377382.9990,1,3.2950,6.8810,6.2010
377432.9740,0,3.2650,6.9140,6.1390
377482.9550,2,3.2450,6.9540,6.1190
377532.9280,1,3.2460,7.0220,6.1600
377582.9120,0,3.2450,6.9950,6.1350
377632.8900,2,3.2420,6.9810,6.1290
377682.8630,0,3.2660,7.0190,6.1340
377732.8440,0,3.2700,6.9380,6.1740
377782.8220,1,3.2800,6.9870,6.1220
377832.7960,0,3.2650,6.9310,6.1370
377882.7800,2,3.2960,6.9340,6.1660
377932.7540,1,3.2590,6.9010,6.1310
377982.7350,0,3.2770,6.8560,6.1490
378032.7080,2,3.2530,6.8560,6.1280
378082.6880,0,3.2860,6.8670,6.1750
378132.6650,0,3.2720,6.9130,6.1940
378182.6470,1,3.2670,6.8680,6.1130
378232.6250,0,3.2850,6.8380,6.1320
378282.5980,2,3.2670,6.8610,6.1340
378332.5800,1,3.2680,6.8770,6.1300
378382.5540,0,3.2720,6.8780,6.1440
378432.5310,0,3.2620,6.8820,6.1560
378482.5130,2,3.2780,6.8200,6.1730
378532.4920,0,3.2740,6.8320,6.1450
378582.4680,1,3.2620,6.8520,6.1100
378632.4470,0,3.2380,6.8480,6.1520
378682.4250,2,3.2160,6.8930,6.1330
378732.4010,1,3.2950,6.9220,6.1700
378782.3800,0,3.2590,6.9470,6.1580
378832.3600,0,3.2450,7.0100,6.1300
378882.3360,2,3.2290,6.9480,6.1310
378932.3150,0,3.2250,6.9600,6.1590
378982.2890,1,3.2090,6.9800,6.0900
379032.2680,0,3.2960,6.9280,6.1270
379082.2450,2,3.2840,6.9620,6.1520
379132.2230,1,3.2610,6.8980,6.1190
379182.2060,0,3.2310,6.9030,6.0970
379232.1840,0,3.2700,6.9470,6.1640
379282.1590,2,3.2400,6.9100,6.1390
379332.1340,0,3.2600,6.9180,6.1110
379382.1150,1,3.2670,6.9030,6.1430
379432.0910,0,3.2490,6.8110,6.1740
379482.0730,2,3.2710,6.8640,6.1790
379532.0500,1,3.2500,6.9920,6.1420
379582.0260,0,3.2470,6.9910,6.1710
379632.0060,0,3.2840,7.0150,6.1810
379681.9800,2,3.2720,7.0100,6.1410
379731.9610,0,3.2740,7.0730,6.1310
379781.9360,1,3.2440,7.0100,6.1170
379831.9150,0,3.2090,7.0220,6.1040
379881.8930,2,3.2570,7.0180,6.1330
379931.8740,1,3.2440,6.9720,6.1480
379981.8530,0,3.2260,6.9230,6.1480
380031.8260,0,3.2440,6.8780,6.1360
380081.8090,2,3.3170,6.8780,6.1210
380131.7810,0,3.2420,6.8890,6.1850
380181.7620,1,3.2550,6.9350,6.1660
380231.7380,0,3.2730,6.9390,6.1500
380281.7190,2,3.2730,6.9500,6.1380
380331.6960,0,3.2450,6.9450,6.1720
380381.6770,1,3.2510,6.8780,6.1270
380431.6510,0,3.2410,6.8930,6.1600
380481.6270,2,3.2600,6.9010,6.1430
380531.6080,0,3.2790,6.8170,6.1740
380581.5890,1,3.2770,6.8120,6.1610
380631.5610,0,3.2480,6.8580,6.1120
380681.5400,2,3.2690,6.9090,6.1550
380731.5160,0,3.2610,6.9110,6.1530
380781.4970,1,3.2350,6.8720,6.1460
380831.4740,0,3.2460,6.8390,6.1690
380881.4540,2,3.2330,6.8520,6.1330
380931.4300,0,3.2470,6.8590,6.1090
380981.4110,1,3.3050,6.8030,6.1510
381031.3860,0,3.2770,6.8020,6.1560
381081.3620,2,3.2800,6.8130,6.0980
381131.3450,0,3.3250,6.7810,6.1210
381181.3180,1,3.2390,6.8060,6.1330
381231.3000,0,3.2480,6.7990,6.1150
381281.2750,2,3.2830,6.8200,6.1130
381331.2540,0,3.2880,6.7820,6.1870
381381.2340,1,3.2440,6.8530,6.1310
381431.2070,0,3.2470,6.8140,6.1540
381481.1890,2,3.2690,6.8150,6.1240
381531.1680,0,3.3080,6.7870,6.1280
381581.1470,1,3.2960,6.7990,6.1170
381631.1210,0,3.2640,6.8020,6.2000
381681.1030,2,3.2560,6.8300,6.1390
381731.0760,0,3.2430,6.7980,6.1490
381781.0520,1,3.2920,6.8070,6.1630
381831.0370,0,3.2630,6.7710,6.1100
381881.0130,2,3.2660,6.7690,6.1690
381930.9910,0,3.2820,6.7790,6.1170
381980.9680,1,3.2840,6.7660,6.1370
382030.9470,0,3.2090,6.7910,6.1480
382080.9260,2,3.2670,6.7830,6.1230
382130.9000,0,3.2410,6.7700,6.1390
382180.8800,1,3.2630,6.7570,6.1090
382230.8540,0,3.3000,6.8330,6.1410
382280.8360,2,3.2480,6.7730,6.1540
382330.8100,0,3.3120,6.7520,6.1360
382380.7880,1,3.2750,6.7920,6.1490
382430.7660,0,3.2670,6.7740,6.1800
382480.7450,2,3.2550,6.8440,6.1700
382530.7250,0,3.2940,6.8270,6.1350
382580.7040,1,3.2420,6.7860,6.1560
382630.6800,0,3.3000,6.7680,6.1790
382680.6560,2,3.2790,6.8640,6.1390
382730.6340,0,3.2540,6.8160,6.1550
382780.6120,1,3.2500,6.8890,6.1260
382830.5950,0,3.2250,6.8500,6.1190
382880.5730,2,3.2990,6.8750,6.1120
382930.5480,0,3.2750,6.9150,6.1130
382980.5270,1,3.2340,6.8550,6.1220
383030.5050,0,3.2490,6.8650,6.1400
383080.4840,2,3.2370,6.8600,6.1390
383130.4570,0,3.2520,6.8210,6.1500
383180.4380,1,3.2740,6.8870,6.1680
383230.4160,0,3.2590,6.8660,6.1250
383280.3900,2,3.2590,6.8770,6.1440
383330.3750,0,3.2790,6.8430,6.1560
383380.3460,1,3.2300,6.9250,6.1760
383430.3280,0,3.2560,6.9380,6.1670
383480.3060,2,3.2260,6.8690,6.1890
383530.2810,0,3.3220,6.8870,6.1470
383580.2640,1,3.2880,6.8890,6.0730
383630.2430,0,3.2800,6.8530,6.1320
383680.2190,2,3.2790,6.8710,6.1430
383730.1980,0,3.2270,6.8370,6.1510
383780.1720,1,3.3020,6.8330,6.1960
383830.1540,0,3.2720,6.8170,6.1180
383880.1280,2,3.2790,6.7880,6.1310
383930.1050,0,3.3020,6.8190,6.1160
383980.0810,1,3.2800,6.8220,6.1080
384030.0630,0,3.2380,6.8000,6.1390
384080.0390,2,3.2410,6.8230,6.1360
384130.0150,0,3.2880,6.7870,6.1400
384179.9960,1,3.2540,6.7900,6.1510
384229.9710,0,3.2910,6.7650,6.1510
384279.9500,2,3.2250,6.7600,6.1410
384329.9310,0,3.2610,6.7940,6.1800
384379.9070,1,3.2850,6.7890,6.1280
384429.8850,0,3.2690,6.7640,6.1380
384479.8630,2,3.2570,6.7830,6.1440
384529.8370,0,3.2610,6.7720,6.1340
384579.8200,1,3.2270,6.7920,6.1330
384629.7920,0,3.2760,6.8470,6.1620
384679.7730,2,3.2930,6.8620,6.1380
384729.7480,0,3.2520,6.8400,6.1050
384779.7270,1,3.2470,6.8300,6.1530
384829.7060,0,3.2860,6.8600,6.1230
384879.6820,2,3.2650,6.8350,6.1240
384929.6590,0,3.2870,6.8160,6.1420
384979.6380,1,3.2630,6.8280,6.1560
385029.6150,0,3.3250,6.7870,6.1670
385079.5960,2,3.2700,6.8130,6.1430
385129.5700,0,3.2930,6.7660,6.1310
385179.5470,1,3.2590,6.7540,6.1360
385229.5300,0,3.2190,6.8030,6.1270
385279.5050,2,3.2550,6.7580,6.1650
385329.4860,0,3.2090,6.7690,6.1310
385379.4630,1,3.2770,6.8100,6.1510
385429.4370,0,3.2560,6.7820,6.1660
385479.4190,2,3.2480,6.8090,6.1290
385529.3960,0,3.3010,6.8190,6.1550
385579.3710,1,3.2490,6.8570,6.1200
385629.3540,0,3.2450,6.8760,6.1670
385679.3270,2,3.2740,6.9090,6.1080
385729.3070,0,3.2530,6.8960,6.1140
385779.2830,1,3.2580,6.8150,6.2020
385829.2590,0,3.2370,6.8360,6.1380
385879.2380,2,3.2210,6.8200,6.1240
385929.2170,0,3.2380,6.8120,6.1310
385979.1950,1,3.2310,6.8270,6.1910
386029.1700,0,3.2820,6.8380,6.1690
386079.1490,2,3.2560,6.8840,6.1150
386129.1260,0,3.2630,6.8440,6.0980
386179.1090,1,3.2910,6.8440,6.1720
386229.0820,0,3.2630,6.8270,6.1810
386279.0640,2,3.2710,6.8180,6.1810
386329.0390,0,3.2530,6.8180,6.1560
386379.0140,1,3.2920,6.7910,6.1680
386428.9980,0,3.2540,6.8010,6.1470
386478.9740,2,3.2590,6.8320,6.1430
386528.9510,0,3.2460,6.8380,6.2020
386578.9250,1,3.2190,6.8520,6.1960
386628.9040,0,3.2400,6.8320,6.1140
386678.8840,2,3.2920,6.8500,6.1310
386728.8630,0,3.2460,6.8070,6.1810
386778.8380,1,3.2720,6.8060,6.1400
386828.8180,0,3.2090,6.8010,6.1500
386878.7950,2,3.2680,6.7900,6.1640
386928.7700,0,3.2680,6.8090,6.1600
386978.7470,1,3.2460,6.7950,6.0950
387028.7240,0,3.2950,6.8010,6.1730
387078.7060,2,3.2600,6.8450,6.1430
387128.6840,0,3.2480,6.8370,6.1170
387178.6640,1,3.2490,6.9230,6.1460
387228.6390,0,3.2180,6.9850,6.0840
387278.6190,2,3.2160,6.9920,6.1390
387328.5920,0,3.2790,7.0090,6.1300
387378.5690,1,3.2820,7.0710,6.1420
387428.5500,0,3.2650,7.0170,6.1170
387478.5290,2,3.2460,6.9560,6.1520
387528.5020,0,3.2270,7.0290,6.1320
387578.4800,1,3.2570,7.0410,6.1580
387628.4580,0,3.2490,7.0280,6.1310
387678.4370,2,3.2760,7.0400,6.1540
387728.4140,0,3.2470,7.0290,6.1650
387778.3950,1,3.2580,6.9900,6.1520
387828.3720,0,3.2240,6.9910,6.1470
387878.3470,2,3.2530,7.0060,6.1530
387928.3240,0,3.2820,7.0210,6.1920
387978.3030,1,3.2400,6.9310,6.1860
388028.2810,0,3.2810,6.9350,6.1510
388078.2600,2,3.2220,6.9250,6.1150
388128.2380,0,3.2480,6.8870,6.1730
388178.2140,1,3.2220,6.8590,6.1570
388228.1910,0,3.2680,7.0040,6.1320
388278.1700,2,3.2820,6.9660,6.1620
388328.1500,0,3.3030,6.9760,6.1130
388378.1270,1,3.2480,6.9430,6.1570
388428.1050,0,3.2810,6.9070,6.1550
388478.0830,2,3.2710,6.9350,6.1050
388528.0630,0,3.3150,6.9250,6.1960
388578.0400,1,3.2640,6.9180,6.1650
388628.0120,0,3.2520,6.9310,6.1870
388677.9900,2,3.2490,6.9500,6.1100
388727.9710,0,3.2410,6.8820,6.1520
388777.9460,1,3.2690,6.9000,6.1870
388827.9240,0,3.2580,6.9020,6.1460
388877.9040,2,3.2250,6.9280,6.1000
388927.8840,0,3.2730,6.9420,6.0900
388977.8560,1,3.2560,6.9210,6.1720
389027.8390,0,3.2590,6.9690,6.1420
389077.8160,2,3.2310,6.9130,6.1290
389127.7910,0,3.2300,6.8930,6.1210
389177.7730,1,3.2880,6.9010,6.1430
389227.7460,0,3.2470,6.9180,6.1340
389277.7260,2,3.2780,6.8690,6.1550
389327.7050,0,3.2720,6.9050,6.1480
389377.6840,1,3.2830,6.8460,6.1170
389427.6620,0,3.2310,6.9110,6.2120
389477.6350,2,3.2440,6.8560,6.1320
389527.6140,0,3.2460,6.8900,6.1130
389577.5960,1,3.2760,6.8890,6.1290
389627.5730,0,3.2720,6.8120,6.1540
389677.5460,2,3.2890,6.8590,6.1800
389727.5260,0,3.2840,6.8010,6.1900
389777.5040,1,3.2630,6.8730,6.1340
389827.4820,0,3.2800,6.8490,6.1650
389877.4620,2,3.3090,6.8270,6.1890
389927.4400,0,3.2730,6.8620,6.1110
389977.4180,1,3.2340,6.8680,6.1070
390027.3890,0,3.2500,6.8050,6.1260
390077.3740,2,3.2860,6.8240,6.1090
390127.3490,0,3.2590,6.8130,6.1810
390177.3290,1,3.2250,6.7870,6.1860
390227.3070,0,3.1930,6.8660,6.1310
390277.2830,2,3.2700,6.8430,6.1540
390327.2590,0,3.2380,6.8500,6.1350
390377.2390,1,3.2330,6.8160,6.1420
390427.2140,0,3.2840,6.7980,6.1680
390477.1940,2,3.2670,6.7740,6.1410
390527.1720,0,3.2860,6.8250,6.1220
390577.1470,1,3.3060,6.8060,6.1300
390627.1280,0,3.2630,6.7860,6.1650
390677.1040,2,3.3040,6.8460,6.1410
390727.0830,0,3.2620,6.8000,6.1290
390777.0610,1,3.2830,6.8030,6.1580
390827.0360,0,3.2380,6.7590,6.1550
390877.0140,2,3.2410,6.7690,6.1150
390926.9910,0,3.2460,6.8090,6.1450
390976.9680,1,3.2810,6.7870,6.1170
391026.9480,0,3.2440,6.8130,6.1330
391076.9250,2,3.2780,6.7740,6.1410
391126.9000,0,3.2540,6.7590,6.1390
391176.8840,1,3.2610,6.8050,6.1470
391226.8580,0,3.2360,6.7970,6.1510
391276.8360,2,3.3030,6.8190,6.1160
391326.8130,0,3.2850,6.7890,6.1430
391376.7950,1,3.2530,6.7970,6.1350
391426.7720,0,3.2450,6.8150,6.1590
391476.7510,2,3.2700,6.7880,6.1520
391526.7280,0,3.2840,6.7690,6.1310
391576.7050,1,3.2820,6.7780,6.1140
391626.6800,0,3.2540,6.8290,6.1460
391676.6550,2,3.2180,6.8610,6.1110
391726.6340,0,3.2680,6.8380,6.1100
391776.6130,1,3.2860,6.9360,6.1440
391826.5920,0,3.2660,6.9550,6.1220
391876.5690,2,3.2770,6.9700,6.1580
391926.5470,0,3.2290,6.9360,6.1390
391976.5230,1,3.2610,6.9700,6.1530
392026.5000,0,3.2250,6.9260,6.1530
392076.4800,2,3.2480,6.9370,6.1420
392126.4600,0,3.2750,6.8970,6.1710
392176.4340,1,3.2500,6.8710,6.1180
392226.4100,0,3.2780,6.8750,6.0810
392276.3950,2,3.2780,6.8260,6.1450
392326.3690,0,3.2230,6.8040,6.1410
392376.3490,1,3.2610,6.8410,6.1430
392426.3270,0,3.2590,6.7960,6.1540
392476.3040,2,3.2810,6.8020,6.1380
392526.2790,0,3.2500,6.8100,6.1720
392576.2570,1,3.2570,6.8580,6.1490
392626.2370,0,3.2740,6.7980,6.1680
392676.2160,2,3.2620,6.8020,6.1710
392726.1890,0,3.2910,6.7810,6.1220
392776.1690,1,3.2520,6.7820,6.1280
392826.1460,0,3.2450,6.7640,6.0770
392876.1210,2,3.2630,6.8580,6.1040
392926.1030,0,3.2410,6.7870,6.1320
392976.0790,1,3.2540,6.7950,6.1490
393026.0550,0,3.2530,6.7260,6.1490
393076.0320,2,3.2690,6.8120,6.1590
393126.0100,0,3.2270,6.7800,6.1530
393175.9930,1,3.2040,6.7690,6.1380
393225.9680,0,3.2650,6.7440,6.1250
393275.9470,2,3.2570,6.7950,6.1170
393325.9260,0,3.2560,6.7990,6.1750
393375.9000,1,3.2590,6.7970,6.1250
393425.8800,0,3.2790,6.8070,6.1770
393475.8570,2,3.2570,6.7550,6.1240
393525.8360,0,3.2570,6.7510,6.1210
393575.8150,1,3.2650,6.7700,6.1430
393625.7930,0,3.2970,6.7260,6.1530
393675.7670,2,3.2960,6.7510,6.1260
393725.7440,0,3.2540,6.7320,6.1490
393775.7240,1,3.2640,6.8000,6.1380
393825.7030,0,3.2620,6.7850,6.1710
393875.6810,2,3.2330,6.7910,6.1810
393925.6580,0,3.3040,6.7760,6.1650
393975.6380,1,3.2660,6.7970,6.1290
394025.6140,0,3.2700,6.7830,6.1690
394075.5890,2,3.2600,6.8190,6.1830
394125.5710,0,3.3170,6.7970,6.0840
394175.5430,1,3.2340,6.7690,6.1410
394225.5210,0,3.2560,6.7240,6.1310
394275.5000,2,3.3020,6.7450,6.1330
394325.4810,0,3.2800,6.7760,6.1370
394375.4600,1,3.2420,6.7640,6.1460
394425.4380,0,3.3250,6.7850,6.1230
394475.4130,2,3.2470,6.7140,6.1290
394525.3900,0,3.1740,6.7410,6.1650
394575.3680,1,3.2830,6.7520,6.1460
394625.3450,0,3.2900,6.7300,6.1450
394675.3240,2,3.3160,6.7550,6.1420
394725.3030,0,3.2620,6.7730,6.1520
394775.2810,1,3.2500,6.7880,6.2010
394825.2560,0,3.2780,6.7640,6.1760
394875.2340,2,3.2720,6.7840,6.1410
394925.2090,0,3.2770,6.7790,6.1360
394975.1870,1,3.2140,6.7900,6.1390
395025.1660,0,3.2280,6.8600,6.1670
395075.1460,2,3.2820,6.8590,6.1250
395125.1220,0,3.2570,6.8200,6.1710
395175.1040,1,3.2550,6.8650,6.1430
395225.0790,0,3.2550,6.8620,6.1760
395275.0540,2,3.2690,6.8680,6.1110
395325.0310,0,3.2470,6.8600,6.0940
395375.0080,1,3.2280,6.8390,6.1440
395424.9880,0,3.2890,6.8160,6.1360
395474.9680,2,3.2810,6.8210,6.1100
395524.9440,0,3.2960,6.8400,6.1260
395574.9240,1,3.2740,6.7630,6.1380
395624.9020,0,3.2560,6.8020,6.1440
395674.8770,2,3.2610,6.8170,6.1660
395724.8560,0,3.2580,6.8060,6.1400
395774.8320,1,3.2650,6.7870,6.1980
395824.8110,0,3.2850,6.8050,6.1250
395874.7870,2,3.2490,6.8810,6.1230
395924.7670,0,3.2320,6.8420,6.1530
395974.7430,1,3.2620,6.8480,6.2090
396024.7240,0,3.2650,6.8660,6.1080
396074.7040,2,3.2630,6.8290,6.1260
396124.6800,0,3.3160,6.8330,6.1300
396174.6600,1,3.2850,6.8660,6.1080
396224.6340,0,3.2800,6.8570,6.1590
396274.6110,2,3.3060,6.8630,6.1610
396324.5880,0,3.3190,6.9080,6.1590
396374.5690,1,3.2100,6.8320,6.1510
396424.5440,0,3.2520,6.8160,6.1370
396474.5240,2,3.2600,6.8040,6.1570
396524.5050,0,3.2220,6.8360,6.1200
396574.4790,1,3.2270,6.8150,6.1490
396624.4610,0,3.2600,6.7640,6.1560
396674.4340,2,3.2450,6.7590,6.1500
396724.4150,0,3.2530,6.7870,6.1600
396774.3920,1,3.2230,6.7760,6.1630
396824.3720,0,3.2540,6.7800,6.1450
396874.3480,2,3.3100,6.7920,6.1720
396924.3220,0,3.2990,6.7840,6.1690
396974.3040,1,3.2830,6.7670,6.1700
397024.2780,0,3.2690,6.8570,6.1450
397074.2580,2,3.2530,6.8370,6.1560
397124.2350,0,3.2450,6.8400,6.1890
397174.2150,1,3.2230,6.8570,6.1590
397224.1920,0,3.2810,6.9130,6.1390
397274.1680,2,3.2430,6.9110,6.1440
397324.1460,0,3.2950,6.8990,6.1610
397374.1260,1,3.2670,6.8720,6.1880
397424.1070,0,3.2630,6.8700,6.1340
397474.0800,2,3.2640,6.8250,6.1050
397524.0620,0,3.2320,6.8220,6.1020
397574.0370,1,3.2590,6.8100,6.1310
397624.0120,0,3.2970,6.8390,6.1390
397673.9950,2,3.2520,6.8290,6.1250
397723.9680,0,3.2420,6.8740,6.1400
397773.9480,1,3.2620,6.8000,6.1340
397823.9250,0,3.2350,6.8470,6.1170
397873.9040,2,3.2310,6.8230,6.1310
397923.8800,0,3.2400,6.8560,6.1320
397973.8580,1,3.2200,6.8750,6.1740
398023.8410,0,3.2680,6.8540,6.1940
398073.8180,0,3.2680,6.8820,6.1490
398123.7960,2,3.2390,6.8800,6.1060
398173.7750,1,3.2440,6.9580,6.1470
398223.7470,0,3.2870,6.8860,6.1750
398273.7290,2,3.2220,6.9460,6.1490
398323.7030,0,3.2240,6.9160,6.1300
398373.6810,1,3.2470,6.9000,6.1290
398423.6590,0,3.2040,6.9050,6.1310
398473.6430,0,3.2460,6.8600,6.1950
398523.6190,2,3.2450,6.8140,6.1760
398573.5940,1,3.2560,6.8450,6.1420
398623.5730,0,3.2760,6.7980,6.1120
398673.5530,2,3.2300,6.7950,6.1520
398723.5290,0,3.2590,6.8050,6.1570
398773.5090,0,3.2700,6.8030,6.0960
398823.4840,0,3.2530,6.8070,6.1620
398873.4640,0,3.2690,6.7770,6.1260
398923.4410,0,3.2550,6.7740,6.1320
398973.4160,0,3.2580,6.8170,6.1260
399023.3940,0,3.2690,6.8480,6.1650
399073.3740,0,3.2540,6.8640,6.1770
399123.3540,0,3.2440,6.8190,6.1520
399173.3270,0,3.3020,6.8650,6.1140
399223.3050,0,3.2810,6.8450,6.1360
399273.2830,0,3.2390,6.8880,6.1290
399323.2610,0,3.2230,6.8360,6.1490
399373.2420,0,3.2860,6.8650,6.1850
399423.2230,0,3.2820,6.8790,6.1690
399473.1940,0,3.2120,6.8380,6.0800
399523.1720,0,3.2730,6.7840,6.1620
399573.1540,0,3.2530,6.8110,6.1180
399623.1320,0,3.2640,6.8480,6.1560
399673.1050,0,3.2880,6.8770,6.1450
399723.0880,0,3.2210,6.9140,6.1650
399773.0660,0,3.2200,6.8950,6.1190
399823.0400,0,3.2540,6.8250,6.1190
399873.0180,0,3.2010,6.8130,6.1400
399922.9970,0,3.2950,6.8480,6.1870
399972.9790,0,3.2210,6.8340,6.1350
400022.9560,0,3.2630,6.8560,6.1670
400072.9320,0,3.2590,6.8830,6.1310
400122.9060,0,3.2430,6.7650,6.1520
400172.8850,0,3.2540,6.8520,6.1250
400222.8660,0,3.2690,6.7860,6.0750
400272.8430,0,3.2500,6.8200,6.1340
400322.8220,0,3.2620,6.8260,6.1650
400372.7950,0,3.2620,6.8450,6.1610
400422.7740,0,3.2860,6.8770,6.1910
400472.7540,0,3.2790,6.8780,6.1590
400522.7310,0,3.2300,6.8910,6.1580
400572.7110,0,3.2330,6.8550,6.1780
400622.6880,0,3.2450,6.8800,6.1600
400672.6520,0,3.2750,6.8320,6.1220
400722.6420,0,3.2720,6.8090,6.1550
400772.6250,0,3.2490,6.9030,6.1330
400822.6030,0,3.2470,6.9440,6.1630
400872.5750,0,3.2680,6.9200,6.1370
400922.5530,0,3.2540,6.9280,6.1640
400972.5350,0,3.2530,6.9530,6.1090
401022.5120,0,3.2450,6.9120,6.1470
401072.4900,0,3.2960,6.9440,6.1300
401122.4670,0,3.2560,6.8990,6.1720
401172.4440,0,3.2650,6.9250,6.1350
401222.4250,0,3.2720,6.9110,6.1420
401272.3970,0,3.2490,6.9620,6.1600
401322.3820,0,3.2330,6.9680,6.1690
401372.3570,0,3.2300,6.9010,6.1420
401422.3360,0,3.2410,6.9450,6.1010
401472.3150,0,3.2330,6.8920,6.1630
401522.2870,0,3.2570,6.9410,6.1460
401572.2680,0,3.2430,6.9120,6.1350
401622.2430,0,3.2540,6.9480,6.1590
401672.2220,0,3.2190,6.9170,6.1220
401722.2020,0,3.2600,6.9010,6.1500
401772.1810,0,3.2680,6.8830,6.1660
401822.1570,0,3.2920,6.9400,6.1690
401872.1330,0,3.2810,6.8920,6.1600
401922.1140,0,3.2890,6.8470,6.1630
401972.0920,0,3.2620,6.9080,6.1490
402022.0660,0,3.2720,6.9360,6.1370
402072.0490,0,3.2430,6.8660,6.1720
402122.0240,0,3.2420,6.9220,6.0840
402172.0000,0,3.2770,6.9150,6.1760
402221.9810,0,3.2480,6.9520,6.1820
402271.9610,0,3.2420,6.9580,6.1700
402321.9330,0,3.2780,6.9130,6.1590
402371.9140,0,3.2200,6.9050,6.1340
402421.8930,0,3.2640,6.8940,6.1240
402471.8730,0,3.2520,6.9590,6.1460
402521.8480,0,3.2680,6.9560,6.1740
402571.8270,0,3.2490,6.9300,6.1590
402621.8050,0,3.2440,6.9410,6.1400
402671.7780,0,3.2570,6.9900,6.1390
402721.7580,0,3.2660,6.9690,6.1490
402771.7370,0,3.2560,6.9470,6.1050
402821.7160,0,3.2220,7.0250,6.1780
402871.6940,0,3.2390,7.0290,6.1650
402921.6710,0,3.2600,7.0080,6.1310
402971.6480,0,3.2610,6.9700,6.1390
403021.6260,0,3.2330,7.0010,6.1340
403071.6030,0,3.2600,6.9990,6.1250
403121.5800,0,3.2680,7.0090,6.1050
403171.5600,0,3.2620,6.9710,6.1690
403221.5350,0,3.2200,6.9790,6.1270
403271.5170,0,3.2870,6.9620,6.1620
403321.4910,0,3.2200,7.0140,6.1120
403371.4730,0,3.2560,6.9680,6.1480
403421.4480,0,3.2520,6.9770,6.1020
403471.4270,0,3.2440,6.9790,6.0810
403521.4040,0,3.2450,6.9550,6.1640
403571.3830,0,3.2830,6.9840,6.1360
403621.3590,0,3.2640,7.0360,6.1290
403671.3370,0,3.2410,7.0410,6.1520
403721.3150,0,3.2330,7.0120,6.1170
403771.2980,0,3.2310,6.9830,6.1540
403821.2710,0,3.2540,7.0330,6.1650
403871.2500,0,3.2770,7.0300,6.1700
403921.2320,0,3.2290,7.0340,6.1570
403971.2090,0,3.2800,7.0140,6.1160
404021.1870,0,3.2150,7.0220,6.1200
404071.1590,0,3.2520,6.9980,6.1260
404121.1410,0,3.2510,7.0380,6.1550
404171.1170,0,3.2570,7.0010,6.1320
404221.0970,0,3.2380,7.0120,6.1270
404271.0700,0,3.2110,7.0190,6.1400
404321.0550,0,3.2230,7.0140,6.1280
404371.0280,0,3.2380,6.9980,6.1550
404421.0110,0,3.2560,6.9730,6.1320
404470.9880,0,3.2180,7.0060,6.1830
404520.9640,0,3.2740,6.9630,6.1520
404570.9420,0,3.2380,6.9610,6.1390
404620.9200,0,3.2490,7.0400,6.1840
404670.8950,0,3.2590,6.9700,6.1190
404720.8720,0,3.2550,7.0270,6.1620
404770.8530,0,3.2490,6.9570,6.1300
404820.8290,0,3.2250,6.9290,6.1400
404870.8050,0,3.2450,6.9940,6.1290
404920.7870,0,3.2410,6.9000,6.1430
404970.7650,0,3.2230,6.9300,6.1370
405020.7420,0,3.2410,6.9420,6.1370
405070.7220,0,3.2620,6.9360,6.1340
405120.6980,0,3.2440,6.8790,6.0960
405170.6770,0,3.2340,6.9340,6.1160
405220.6550,0,3.2320,6.9780,6.1650
405270.6330,0,3.2720,6.9390,6.1510
405320.6080,0,3.2750,6.9670,6.1460
405370.5850,0,3.2490,6.9440,6.1430
405420.5670,0,3.2620,6.9360,6.1500
405470.5430,0,3.2280,6.9070,6.1230
405520.5240,0,3.3030,6.9380,6.1360
405570.4960,0,3.2670,6.9080,6.1180
405620.4790,0,3.2690,6.9140,6.1980
405670.4520,0,3.2480,6.9490,6.1270
405720.4350,0,3.2190,6.9830,6.1850
405770.4070,0,3.2360,7.0070,6.1090
405820.3910,0,3.2820,6.9750,6.1810
405870.3630,0,3.2630,6.9630,6.1560
405920.3430,0,3.2400,6.9940,6.0790
405970.3230,0,3.2630,6.9840,6.1500
406020.2980,0,3.2530,6.9660,6.1130
406070.2800,0,3.2350,6.9510,6.1600
406120.2550,0,3.1920,6.9610,6.1540
406170.2310,0,3.2790,6.9520,6.1680
406220.2140,0,3.2160,6.9750,6.1400
406270.1920,0,3.2310,6.9160,6.1180
406320.1660,0,3.2410,6.9180,6.1350
406370.1420,0,3.2560,6.8780,6.1330
406420.1220,0,3.2470,6.9270,6.1770
406470.0980,0,3.2330,6.9070,6.1230
406520.0770,0,3.2620,6.8800,6.1540
406570.0560,0,3.2770,6.9580,6.1430
406620.0340,0,3.2530,6.9830,6.1180
406670.0150,0,3.2530,7.0540,6.1320
406719.9910,0,3.1960,7.0260,6.1160
406769.9680,0,3.2310,7.0300,6.1570
406819.9430,0,3.2160,7.0750,6.1090
406869.9210,0,3.2270,7.0420,6.0830
406919.9030,0,3.2740,7.1010,6.1370
406969.8800,0,3.1940,7.0650,6.1130
407019.8560,0,3.2370,7.0460,6.0940
407069.8360,0,3.2300,7.0580,6.1170
407119.8140,0,3.2480,7.0510,6.1630
407169.7900,0,3.2470,7.0940,6.1330
407219.7710,0,3.2740,7.0460,6.1400
407269.7490,0,3.2570,7.0290,6.1600
407319.7240,0,3.2580,7.0460,6.1310
407369.7030,0,3.2850,7.0040,6.1630
407419.6780,0,3.2490,7.0260,6.1830
407469.6600,0,3.2400,6.9380,6.1480
407519.6340,0,3.1960,6.9680,6.1500
407569.6130,0,3.2200,6.9640,6.1460
407619.5900,0,3.2190,7.0060,6.1100
407669.5680,0,3.2550,6.9990,6.0990
407719.5500,0,3.2530,6.9900,6.1710
407769.5290,0,3.2220,7.0510,6.1290
407819.5020,0,3.2500,7.0100,6.1240
407869.4810,0,3.2720,7.0090,6.1560
407919.4570,0,3.2360,6.9800,6.1330
407969.4390,0,3.2540,6.9700,6.1590
408019.4150,0,3.2370,6.9670,6.1530
408069.3940,0,3.2270,6.9870,6.1810
408119.3760,0,3.2440,6.9260,6.1610
408169.3510,0,3.2270,7.0020,6.1290
408219.3310,0,3.2340,6.9930,6.1850
408269.3070,0,3.2460,6.9130,6.1180
408319.2870,0,3.2230,6.8940,6.1300
408369.2680,0,3.2620,6.9670,6.1260
408419.2440,0,3.2700,6.9440,6.1620
408469.2220,0,3.2520,6.8890,6.1310
408519.2030,0,3.2390,6.8950,6.1510
408569.1790,0,3.2080,6.9230,6.1450
408619.1580,0,3.2660,6.9190,6.1170
408669.1370,0,3.2750,6.8810,6.1310
408719.1120,0,3.2510,6.8820,6.1500
408769.0890,0,3.2250,6.9000,6.1300
408819.0680,0,3.2420,6.9350,6.1380
408869.0460,0,3.2310,6.9380,6.1510
408919.0240,0,3.2340,6.9240,6.1140
408969.0030,0,3.2550,6.9150,6.1750
409018.9820,0,3.2020,6.9050,6.1740
409068.9610,0,3.2490,6.9160,6.1180
409118.9410,0,3.2630,6.9480,6.1460
409168.9180,0,3.2440,6.8930,6.1650
409218.8990,0,3.2370,6.9330,6.1370
409268.8740,0,3.2460,6.9270,6.1440
409318.8500,0,3.2930,6.9720,6.1710
409368.8310,0,3.2530,6.8850,6.1460
409418.8120,0,3.2320,6.9060,6.1700
409468.7850,0,3.2190,6.9390,6.0730
409518.7640,0,3.2550,6.9110,6.1700
409568.7430,0,3.2430,6.9460,6.1400
409618.7200,0,3.2290,6.9120,6.1310
409668.7020,0,3.2170,6.9330,6.1440
409718.6830,0,3.1930,6.9140,6.1670
409768.6590,0,3.2590,6.9210,6.1290
409818.6330,0,3.2290,6.8830,6.1580
409868.6130,0,3.2590,6.8820,6.1260
409918.5910,0,3.2750,6.8870,6.1660
409968.5690,0,3.2540,6.9200,6.1020
410018.5520,0,3.2350,6.9530,6.1430
410068.5270,0,3.2320,6.9310,6.1420
410118.5090,0,3.2700,6.9630,6.1350
410168.4850,0,3.2350,6.8620,6.1540
410218.4590,0,3.2380,6.9230,6.1230
410268.4440,0,3.2380,6.8910,6.1080
410318.4200,0,3.2900,6.8900,6.1290
410368.4000,0,3.2550,6.9010,6.1630
410418.3750,0,3.2550,6.8670,6.1220
410468.3530,0,3.2680,6.8790,6.1280
410518.3310,0,3.2460,6.8960,6.1510
410568.3110,0,3.2520,6.9170,6.1190
410618.2920,0,3.2280,6.8510,6.1220
410668.2660,0,3.2590,6.8730,6.1600
410718.2420,0,3.2190,6.8990,6.1110
410768.2240,0,3.2510,6.8750,6.1490
410818.2030,0,3.2500,6.9200,6.1780
410868.1800,0,3.2650,6.8780,6.1310
410918.1580,0,3.2310,6.9220,6.1550
410968.1350,0,3.2280,6.9100,6.1300
411018.1130,0,3.2590,6.9410,6.1050
411068.0950,0,3.2190,6.8990,6.1730
411118.0680,0,3.2330,6.9110,6.1370
411168.0520,0,3.2400,6.9570,6.1640
411218.0310,0,3.2340,6.9250,6.1430
411268.0040,0,3.2560,6.9350,6.1270
411317.9870,0,3.2060,6.8820,6.1670
411367.9660,0,3.1830,6.8560,6.1610
411417.9440,0,3.2220,6.8250,6.1230
411467.9180,0,3.2350,6.8380,6.1010
411517.8960,0,3.2470,6.8000,6.1460
411567.8790,0,3.2580,6.8730,6.1720
411617.8550,0,3.2580,6.8760,6.1710
411667.8350,0,3.2800,6.8280,6.1610
411717.8100,0,3.2380,6.8520,6.1620
411767.7870,0,3.2400,6.8260,6.1460
411817.7710,0,3.2570,6.7830,6.1520
411867.7460,0,3.2490,6.8710,6.1550
411917.7240,0,3.2640,6.8530,6.1380
411967.7020,0,3.2530,6.8670,6.1250
412017.6800,0,3.2490,6.8800,6.1600
412067.6610,0,3.2590,6.9400,6.1720
412117.6400,0,3.2630,6.9270,6.1340
412167.6140,0,3.2520,6.9510,6.1580
412217.5980,0,3.2230,6.8810,6.1460
412267.5750,0,3.2620,6.9210,6.1000
412317.5530,0,3.2320,6.9190,6.1680
412367.5280,0,3.2540,6.9320,6.1470
412417.5110,0,3.3020,6.8960,6.1160
412467.4860,0,3.2690,6.9250,6.1340
412517.4630,0,3.2700,6.9210,6.1510
412567.4430,0,3.3010,6.9480,6.1410
412617.4190,0,3.1960,6.9590,6.1280
412667.3990,0,3.2640,6.9330,6.1650
412717.3770,0,3.2520,6.9810,6.1520
412767.3570,0,3.2460,6.9490,6.1230
412817.3340,0,3.2200,6.9670,6.1180
412867.3160,0,3.2260,6.9970,6.1250
412917.2880,0,3.2970,6.9950,6.1580
412967.2670,0,3.2200,6.9860,6.1070
413017.2450,0,3.2160,7.0070,6.1370
413067.2250,0,3.2360,6.9790,6.1200
413117.2010,0,3.2560,7.0130,6.1360
413167.1840,0,3.2650,6.9560,6.1400
413217.1600,0,3.2380,6.9860,6.1250
413267.1370,0,3.2780,7.0520,6.1520
413317.1190,0,3.2530,7.0270,6.1770
413367.0940,0,3.2310,6.9800,6.1120
413417.0760,0,3.2390,6.9930,6.0950
413467.0530,0,3.2460,7.0040,6.1540
413517.0340,0,3.2620,6.9180,6.1460
413567.0060,0,3.2480,6.9520,6.1720
413616.9860,0,3.2650,7.0180,6.1150
413666.9650,0,3.2510,6.9560,6.1700
413716.9470,0,3.2470,7.0320,6.1940
413766.9250,0,3.2400,7.0310,6.1510
413816.8980,0,3.2710,6.9790,6.1030
413866.8800,0,3.2510,7.0100,6.1290
413916.8580,0,3.2300,6.9910,6.1480
413966.8340,0,3.2270,6.9630,6.1690
414016.8140,0,3.2690,7.0450,6.1590
414066.7930,0,3.2490,6.9760,6.1290
414116.7720,0,3.2440,7.0250,6.1650
414166.7510,0,3.2490,7.0110,6.1500
414216.7280,0,3.2980,6.9900,6.1210
414266.7090,0,3.2230,7.0270,6.1210
414316.6820,0,3.2380,6.9720,6.1830
414366.6640,0,3.2270,6.9720,6.1050
414416.6430,0,3.2230,6.9590,6.1220
414466.6190,0,3.2220,6.9060,6.1180
414516.5950,0,3.2290,6.9000,6.0810
414566.5740,0,3.2260,6.8850,6.1420
414616.5550,0,3.2260,6.9170,6.1600
414666.5290,0,3.2320,6.9120,6.1210
414716.5100,0,3.2400,6.9130,6.1470
414766.4870,0,3.2600,6.8620,6.1340
414816.4650,0,3.2130,6.9080,6.1030
414866.4470,0,3.2180,6.8770,6.1940
414916.4250,0,3.2420,6.8440,6.1270
414966.4020,0,3.2440,6.8850,6.0720
415016.3790,0,3.2750,6.8840,6.1120
415066.3600,0,3.2490,6.9120,6.1440
415116.3380,0,3.2640,6.8590,6.1170
415166.3120,0,3.2420,6.8580,6.1160
415216.2910,0,3.2650,6.9010,6.1710
415266.2730,0,3.2260,6.9380,6.1440
415316.2490,0,3.2450,6.8980,6.1240
415366.2270,0,3.2640,6.9210,6.1090
415416.2040,0,3.2640,6.8870,6.1070
415466.1840,0,3.2310,6.9120,6.1490
415516.1640,0,3.2600,6.9590,6.1580
415566.1430,0,3.2570,6.9150,6.1340
415616.1170,0,3.2980,6.9320,6.1240
415666.0980,0,3.2770,6.9860,6.0960
415716.0770,0,3.2570,6.8780,6.1030
415766.0570,0,3.2690,6.9360,6.1530
415816.0340,0,3.2610,6.9080,6.2110
415865.9940,0,3.2290,6.8580,6.2160
415915.9910,0,3.2020,6.8840,6.0890
415965.9690,0,3.2190,6.8890,6.1540
416015.9460,0,3.2830,6.9310,6.1010
416065.9250,0,3.2330,6.9090,6.1190
416115.9030,0,3.2600,6.8720,6.1370
416165.8800,0,3.2630,6.8920,6.1080
416215.8570,0,3.2670,6.9130,6.1210
416265.8400,0,3.2790,6.8670,6.1500
416315.8130,0,3.2000,6.8460,6.1340
416365.7910,0,3.2620,6.8600,6.1070
416415.7710,0,3.2690,6.8920,6.1260
416465.7500,0,3.2380,6.8880,6.1030
416515.7270,0,3.2930,6.8500,6.1210
416565.7110,0,3.2620,6.8850,6.1260
416615.6840,0,3.2590,6.8190,6.1440
416665.6650,0,3.2230,6.8240,6.1260
416715.6440,0,3.2930,6.8360,6.1300
416765.6240,0,3.2280,6.8050,6.1330
416815.5980,0,3.2830,6.8570,6.1640
416865.5760,0,3.2780,6.8900,6.1150
416915.5530,0,3.2830,6.9540,6.1500
416965.5320,0,3.2640,6.9850,6.1390
417015.5150,0,3.2150,7.0010,6.1360
417065.4920,0,3.2540,6.9440,6.1660
417115.4710,0,3.2600,6.9570,6.1240
417165.4460,0,3.2470,6.9460,6.1290
417215.4270,0,3.2640,7.0010,6.1800
417265.4030,0,3.2590,6.9070,6.1520
417315.3830,0,3.2390,6.9480,6.1180
417365.3640,0,3.2980,6.9260,6.1650
417415.3390,0,3.2500,6.9250,6.1210
417465.3210,0,3.2390,6.9410,6.1520
417515.2990,0,3.2380,6.9460,6.1510
417565.2740,0,3.2530,6.8620,6.1400
417615.2510,0,3.2740,6.8460,6.1500
417665.2290,0,3.2940,6.8680,6.1220
417715.2070,0,3.2430,6.9200,6.1500
417765.1910,0,3.2590,6.8530,6.1960
417815.1660,0,3.2580,6.8370,6.1410
417865.1460,0,3.2670,6.8290,6.1680
417915.1250,0,3.2260,6.8450,6.1150
417965.1040,0,3.2350,6.7910,6.1190
418015.0760,0,3.2560,6.8200,6.1640
418065.0600,0,3.3030,6.8020,6.1330
418115.0390,0,3.2290,6.8500,6.1560
418165.0140,0,3.2550,6.8420,6.1450
418214.9950,0,3.2820,6.8490,6.1540
418264.9730,0,3.2760,6.8500,6.1320
418314.9500,0,3.2370,6.8540,6.1520
418364.9280,0,3.2630,6.8480,6.1290
418414.9040,0,3.2700,6.8550,6.1150
418464.8840,0,3.2380,6.8990,6.1380
418514.8640,0,3.2810,6.8830,6.1550
418564.8400,0,3.2090,6.9060,6.1410
418614.8180,0,3.2600,6.8170,6.1420
418664.8000,0,3.2390,6.8360,6.1430
418714.7770,0,3.2790,6.8280,6.1440
418764.7530,0,3.2270,6.8520,6.1520
418814.7350,0,3.3130,6.8600,6.1150
418864.7140,0,3.2540,6.8230,6.1530
418914.6920,0,3.2890,6.8320,6.1240
418964.6670,0,3.2830,6.8520,6.1760
419014.6480,0,3.2540,6.8640,6.0640
419064.6240,0,3.2530,6.9120,6.1440
419114.6050,0,3.2800,6.8810,6.1330
419164.5800,0,3.2520,6.8620,6.1480
419214.5560,0,3.2660,6.9180,6.1410
419264.5370,0,3.2640,6.9050,6.1080
419314.5170,0,3.2600,6.9360,6.1430
419364.4970,0,3.2580,6.9930,6.1730
419414.4690,0,3.2280,6.9170,6.2020
419464.4490,0,3.2830,6.9130,6.1500
419514.4270,0,3.2140,6.8800,6.1320
419564.4050,0,3.2880,6.8780,6.1480
419614.3860,0,3.2130,6.8700,6.0870
419664.3670,0,3.2720,6.8620,6.1580
419714.3400,0,3.2520,6.8410,6.1350
419764.3220,0,3.2600,6.7930,6.1150
419814.2950,0,3.2690,6.8070,6.1410
419864.2770,0,3.2570,6.8510,6.1380
419914.2500,0,3.2300,6.8830,6.1110
419964.2340,0,3.2570,6.9140,6.1120
420014.2070,0,3.2580,6.8380,6.1520
420064.1840,0,3.2400,6.8110,6.1530
420114.1610,0,3.2260,6.8510,6.1160
420164.1430,0,3.2810,6.7990,6.1700
420214.1160,0,3.2480,6.8180,6.1560
420264.0990,0,3.2710,6.8500,6.1800
420314.0740,0,3.2510,6.8220,6.1280
420364.0510,0,3.2490,6.8010,6.1740
420414.0260,0,3.2620,6.8630,6.1450
420464.0100,0,3.2600,6.8260,6.1580
420513.9840,0,3.2330,6.7940,6.1100
420563.9620,0,3.2400,6.7660,6.1130
420613.9420,0,3.2270,6.8170,6.1390
420663.9160,0,3.2490,6.7760,6.1360
420713.8910,0,3.2790,6.8130,6.1390
420763.8750,0,3.2310,6.8320,6.1570
420813.8470,0,3.2640,6.7980,6.1340
420863.8280,0,3.2600,6.8580,6.1000
420913.8020,0,3.2420,6.8210,6.1650
420963.7810,0,3.2460,6.7950,6.1390
421013.7580,0,3.2770,6.8440,6.1350
421063.7400,0,3.2650,6.8150,6.1290
421113.7150,0,3.2480,6.8280,6.1120
421163.6920,0,3.2550,6.8030,6.1320
421213.6670,0,3.2450,6.8150,6.1320
421263.6450,0,3.2530,6.8690,6.1360
421313.6230,0,3.2420,6.9480,6.1570
421363.6000,0,3.2670,6.9640,6.1370
421413.5780,0,3.2640,7.0230,6.1590
421463.5590,0,3.2850,6.9900,6.1090
421513.5330,0,3.2750,6.9390,6.1430
421563.5150,0,3.2400,6.8910,6.1510
421613.4920,0,3.2190,6.8950,6.1140
421663.4700,0,3.2250,6.8610,6.1340
421713.4480,0,3.2640,6.8180,6.1500
421763.4240,0,3.2530,6.8480,6.1660
421813.4020,0,3.2570,6.8560,6.1250
421863.3740,0,3.2540,6.8930,6.2150
421913.3560,0,3.2290,6.8800,6.1170
421963.3320,0,3.2480,6.8100,6.1350
422013.3090,0,3.2730,6.8420,6.1680
422063.2900,0,3.2480,6.8260,6.1680
422113.2680,0,3.2650,6.7890,6.1380
422163.2470,0,3.2500,6.8430,6.1430
422213.2190,0,3.2400,6.8330,6.1330
422263.1950,0,3.2260,6.8670,6.1400
422313.1750,0,3.2530,6.8280,6.1650
422363.1520,0,3.3000,6.7910,6.1510
422413.1340,0,3.2850,6.8370,6.1500
422463.1090,0,3.2240,6.8220,6.1630
422513.0860,0,3.2070,6.8420,6.1590
422563.0600,0,3.2370,6.8690,6.1200
422613.0440,0,3.2110,6.8290,6.1590
422663.0200,0,3.2540,6.8770,6.1370
422712.9980,0,3.2340,6.8090,6.1400
422762.9750,0,3.2600,6.8890,6.1460
422812.9490,0,3.2260,6.8980,6.1400
422862.9290,0,3.2680,6.8700,6.1600
422912.9040,0,3.2410,6.8580,6.1180
422962.8850,0,3.2630,6.8450,6.1320
423012.8610,0,3.2320,6.8980,6.1080
423062.8380,0,3.2690,6.8590,6.1640
423112.8180,0,3.2620,6.8240,6.1220
423162.7920,0,3.2830,6.8060,6.1580
423212.7700,0,3.2630,6.7520,6.1460
423262.7490,0,3.2670,6.8300,6.1300
423312.7300,0,3.2740,6.8060,6.0930
423362.7050,0,3.2770,6.8490,6.1270
423412.6840,0,3.3060,6.8210,6.1760
423462.6590,0,3.2810,6.7710,6.1320
423512.6370,0,3.2850,6.7820,6.1330
423562.6140,0,3.2540,6.8210,6.1310
423612.5950,0,3.2880,6.8070,6.1150
423662.5710,0,3.2580,6.8810,6.1750
423712.5470,0,3.2570,6.8180,6.1630
423762.5220,0,3.2240,6.8100,6.1470
423812.5040,0,3.2680,6.8090,6.1630
423862.4830,0,3.2770,6.8000,6.1320
423912.4560,0,3.2540,6.7690,6.1660
423962.4320,0,3.2810,6.8290,6.1090
424012.4120,0,3.2350,6.8100,6.1320
424062.3900,0,3.3070,6.8410,6.1270
424112.3680,0,3.2560,6.7860,6.1410
424162.3450,0,3.2760,6.8470,6.0870
424212.3210,0,3.3000,6.7820,6.1450
424262.3010,0,3.2310,6.7990,6.1300
424312.2800,0,3.2450,6.7950,6.1290
424362.2550,0,3.2510,6.8070,6.1360
424412.2310,0,3.2290,6.8140,6.1300
424462.2140,0,3.2930,6.7850,6.1660
424512.1870,0,3.2770,6.8110,6.1270
424562.1670,0,3.2580,6.7710,6.1380
424612.1400,0,3.2920,6.7780,6.0980
424662.1180,0,3.2930,6.8810,6.1290
424712.1000,0,3.2550,6.7950,6.1590
424762.0780,0,3.2480,6.7990,6.1380
424812.0540,0,3.2590,6.8440,6.1310
424862.0340,0,3.2840,6.8130,6.1750
424912.0060,0,3.2900,6.7970,6.1400
424961.9860,0,3.2620,6.8080,6.1440
425011.9660,0,3.2470,6.8110,6.1550
425061.9450,0,3.2700,6.7910,6.1670
425111.9190,0,3.2890,6.7930,6.1810
425161.8970,0,3.2170,6.8140,6.1620
425211.8770,0,3.2770,6.7770,6.0910
425261.8490,0,3.2360,6.7570,6.1550
425311.8280,0,3.2280,6.7440,6.1770
425361.8100,0,3.2560,6.7160,6.1290
425411.7830,0,3.2390,6.7940,6.1750
425461.7620,0,3.2700,6.7210,6.1520
425511.7370,0,3.2890,6.7420,6.1350
425561.7200,0,3.2620,6.7240,6.1370
425611.6950,0,3.2710,6.8170,6.1790
425661.6720,0,3.2350,6.7610,6.1290
425711.6490,0,3.2550,6.7640,6.1280
425761.6300,0,3.2570,6.7630,6.0970
425811.6040,0,3.2700,6.8100,6.1230
425861.5840,0,3.2220,6.8470,6.1600
425911.5590,0,3.2620,6.7350,6.0960
425961.5400,0,3.2560,6.8160,6.1160
426011.5170,0,3.2270,6.7720,6.1030
426061.4940,0,3.2620,6.8120,6.1060
426111.4700,0,3.3000,6.8060,6.1310
426161.4450,0,3.2810,6.7870,6.1450
426211.4250,0,3.2610,6.8120,6.1410
426261.4040,0,3.2510,6.7930,6.1400
426311.3830,0,3.2450,6.7990,6.1460
426361.3600,0,3.2340,6.8170,6.1200
426411.3350,0,3.2670,6.8550,6.1360
426461.3100,0,3.2680,6.8330,6.1400
426511.2910,0,3.2590,6.8040,6.1470
426561.2710,0,3.2490,6.8290,6.1460
426611.2420,0,3.2850,6.8110,6.1310
426661.2250,0,3.2480,6.8090,6.1020
426711.2030,0,3.2930,6.9070,6.1370
426761.1800,0,3.2420,6.8690,6.0890
426811.1570,0,3.2460,6.8300,6.1700
426861.1300,0,3.2560,6.8550,6.1740
426911.1090,0,3.2190,6.8340,6.1520
426961.0910,0,3.1780,6.8270,6.1810
427011.0650,0,3.2630,6.8140,6.0940
427061.0430,0,3.2570,6.7630,6.1270
427111.0180,0,3.2230,6.7630,6.1220
427160.9970,0,3.2840,6.8150,6.1610
427210.9760,0,3.2660,6.7990,6.1750
427260.9560,0,3.2610,6.8370,6.1880
427310.9310,0,3.2270,6.8210,6.1970
427360.9100,0,3.2510,6.8180,6.0770
427410.8880,0,3.2550,6.7350,6.1300
427460.8610,0,3.2520,6.7950,6.1550
427510.8390,0,3.2520,6.7860,6.1080
427560.8220,0,3.2830,6.7550,6.1360
427610.7940,0,3.2630,6.7460,6.1800
427660.7720,0,3.2300,6.8310,6.1630
427710.7500,0,3.2500,6.7840,6.1550
427760.7320,0,3.2450,6.8150,6.1450
427810.7070,0,3.2790,6.8090,6.1600
427860.6820,0,3.2730,6.8120,6.1420
427910.6600,0,3.2970,6.8020,6.1140
427960.6410,0,3.2430,6.7900,6.1400
428010.6200,0,3.2650,6.7850,6.1310
428060.5920,0,3.2260,6.7970,6.1830
428110.5700,0,3.2830,6.7780,6.1060
428160.5480,0,3.2770,6.7860,6.1120
428210.5280,0,3.2770,6.7880,6.1680
428260.5050,0,3.2700,6.7840,6.1200
428310.4790,0,3.2460,6.7650,6.1500
428360.4620,0,3.2840,6.7790,6.1310
428410.4350,0,3.2710,6.7230,6.1280
428460.4140,0,3.3080,6.8240,6.1470
428510.3930,0,3.2540,6.8290,6.1160
428560.3730,0,3.2200,6.7560,6.1120
428610.3440,0,3.2740,6.7800,6.1180
428660.3260,0,3.2290,6.8330,6.1400
428710.2990,0,3.2450,6.8280,6.1190
428760.2800,1,3.2850,6.8310,6.1220
428810.2560,0,3.2720,6.8720,6.1290
428860.2380,2,3.2800,6.8750,6.1510
428910.2150,0,3.2080,6.9120,6.1140
428960.1880,1,3.2330,6.9510,6.1540
429010.1710,0,3.2740,6.9230,6.1150
429060.1430,2,3.2670,6.9740,6.1620
429110.1240,0,3.2540,6.9490,6.1500
429160.1020,1,3.1920,6.9440,6.1080
429210.0760,0,3.2700,6.9430,6.1490
429260.0560,2,3.2490,6.9670,6.1000
429310.0330,0,3.2400,6.9500,6.1020
429360.0090,1,3.2550,6.9300,6.1530
429409.9870,0,3.2690,6.8850,6.1210
429459.9650,2,3.2520,6.9170,6.1340
429509.9450,0,3.2460,6.9240,6.1010
429559.9210,1,3.2100,6.9880,6.0920
429609.9000,0,3.2650,6.9950,6.1730
429659.8780,2,3.2460,6.9980,6.1040
429709.8530,0,3.2320,6.9740,6.1480
429759.8270,1,3.2720,6.9740,6.1880
429809.8050,0,3.2010,6.9270,6.1630
429859.7850,2,3.2490,6.9660,6.1110
429909.7670,0,3.3010,6.9290,6.1170
429959.7440,1,3.2590,6.8690,6.1560
430009.7180,0,3.2780,6.9010,6.1240
430059.6950,2,3.1990,6.9220,6.1340
430109.6740,0,3.2330,6.8820,6.1180
430159.6480,1,3.2380,6.8620,6.1050
430209.6310,0,3.2430,6.8520,6.1010
430259.6090,2,3.2380,6.8910,6.1480
430309.5850,0,3.2640,6.8740,6.1660
430359.5630,1,3.2370,6.8760,6.1050
430409.5380,0,3.2290,6.8660,6.0860
430459.5130,2,3.1930,6.8590,6.1720
430509.4920,0,3.2240,6.9430,6.1570
430559.4690,1,3.2270,6.9410,6.1750
430609.4500,0,3.2610,6.9130,6.1570
430659.4290,2,3.2380,6.9350,6.1630
430709.4030,0,3.2550,6.9760,6.1490
430759.3840,1,3.2880,6.9790,6.1550
430809.3580,0,3.2390,6.9640,6.1470
430859.3330,2,3.2320,6.9200,6.1140
430909.3120,0,3.2720,6.8740,6.1850
430959.2920,1,3.2270,6.8440,6.1250
431009.2710,0,3.2650,6.8810,6.1130
431059.2450,2,3.2700,6.8940,6.1390
431109.2250,0,3.2690,6.8560,6.1320
431159.2000,1,3.2280,6.8440,6.1190
431209.1790,0,3.2500,6.8580,6.1440
431259.1580,2,3.2680,6.8190,6.1350
431309.1380,0,3.2760,6.8390,6.1110
431359.1090,1,3.2950,6.8380,6.1200
431409.0890,0,3.2420,6.8480,6.1620
431459.0690,2,3.2420,6.8700,6.1410
431509.0450,0,3.2540,6.8110,6.1280
431559.0220,1,3.2990,6.7940,6.1570
431609.0030,0,3.2640,6.8300,6.0770
431658.9740,2,3.2430,6.7920,6.1480
431708.9570,0,3.2260,6.8280,6.1420
431758.9320,1,3.2270,6.8160,6.1470
431808.9090,0,3.2710,6.7760,6.1330
431858.8890,2,3.2860,6.7930,6.1480
431908.8680,0,3.2560,6.8310,6.1680
431958.8430,1,3.2390,6.7970,6.1350
432008.8250,0,3.2630,6.7990,6.1290
432058.8030,2,3.2620,6.8130,6.1260
432108.7750,0,3.2650,6.7790,6.1230
432158.7550,1,3.2440,6.8220,6.1780
432208.7350,0,3.2410,6.7900,6.1240
432258.7100,2,3.2620,6.7960,6.1480
432308.6870,0,3.2880,6.7740,6.1600
432358.6680,1,3.3010,6.8040,6.1270
432408.6460,0,3.2580,6.7330,6.1590
432458.6200,2,3.2840,6.7560,6.1490
432508.5990,0,3.2810,6.7420,6.1600
432558.5770,1,3.2850,6.7970,6.1250
432608.5550,0,3.2450,6.7850,6.1470
432658.5340,2,3.2530,6.8060,6.1820
432708.5120,0,3.2780,6.8530,6.1180
432758.4920,1,3.2570,6.8110,6.1620
432808.4700,0,3.2420,6.7620,6.1420
432858.4460,2,3.2760,6.7560,6.1170
432908.4210,0,3.2400,6.7580,6.1300
432958.4020,1,3.2030,6.7780,6.2130
433008.3790,0,3.2760,6.7650,6.1500
433058.3560,2,3.2470,6.7510,6.1930
433108.3320,0,3.2430,6.7800,6.1440
433158.3140,1,3.1780,6.7360,6.1310
433208.2910,0,3.2390,6.6890,6.1370
433258.2700,2,3.2760,6.7440,6.1540
433308.2480,0,3.2330,6.7680,6.1590
433358.2270,1,3.2530,6.7470,6.1540
433408.2000,0,3.2790,6.7510,6.2140
433458.1820,2,3.2690,6.7520,6.1190
433508.1540,0,3.2310,6.8250,6.1710
433558.1360,1,3.2760,6.8530,6.0590
433608.1090,0,3.2480,6.8020,6.1270
433658.0890,2,3.2550,6.8110,6.1640
433708.0710,0,3.2730,6.7920,6.0990
433758.0430,1,3.2350,6.7640,6.1500
433808.0220,0,3.2760,6.7590,6.1380
433857.9990,2,3.2910,6.8090,6.1160
433907.9780,0,3.2560,6.8260,6.1270
433957.9610,1,3.2610,6.8610,6.1370
434007.9320,0,3.2470,6.8450,6.1020
434057.9110,2,3.2420,6.9000,6.1510
434107.8890,0,3.2430,6.8840,6.1470
434157.8700,1,3.2780,6.8710,6.1200
434207.8480,0,3.2470,6.8470,6.1470
434257.8280,2,3.2310,6.8500,6.1410
434307.8000,0,3.2690,6.8260,6.1220
434357.7820,1,3.2710,6.8550,6.1850
434407.7560,0,3.2680,6.8740,6.1290
434457.7380,2,3.2490,6.8310,6.1250
434507.7160,0,3.2450,6.8130,6.1380
434557.6920,1,3.2360,6.8090,6.1460
434607.6710,0,3.2640,6.7390,6.1300
434657.6450,2,3.2180,6.7830,6.1200
434707.6270,0,3.2340,6.7940,6.1400
434757.6020,1,3.2830,6.8200,6.1350
434807.5810,0,3.2460,6.8110,6.1190
434857.5590,2,3.3020,6.8360,6.1190
434907.5400,0,3.2530,6.8870,6.0820
434957.5140,1,3.2670,6.8310,6.1490
435007.4900,0,3.2500,6.8220,6.1200
435057.4700,2,3.3080,6.8250,6.1580
435107.4460,0,3.2160,6.8110,6.1210
435157.4250,1,3.2350,6.8440,6.1070
435207.4010,0,3.2900,6.7820,6.1120
435257.3800,2,3.2450,6.7900,6.1530
435307.3590,0,3.2830,6.8240,6.1450
435357.3350,1,3.2830,6.8300,6.1260
435407.3160,0,3.2710,6.8620,6.1340
435457.2910,2,3.2910,6.8200,6.1550
435507.2680,0,3.2850,6.8690,6.1380
435557.2500,1,3.2620,6.8350,6.1290
435607.2240,0,3.2540,6.9180,6.1420
435657.2060,2,3.2500,6.8660,6.1430
435707.1850,0,3.2570,6.8490,6.1360
435757.1580,1,3.2280,6.8760,6.1370
435807.1380,0,3.2310,6.8490,6.1170
435857.1180,2,3.2690,6.8440,6.1410
435907.0950,0,3.2340,6.8290,6.0750
435957.0740,1,3.2630,6.8220,6.1490
436007.0490,0,3.2830,6.8510,6.1640
436057.0250,2,3.2400,6.7530,6.1280
436107.0020,0,3.3020,6.8510,6.1080
436156.9810,1,3.2200,6.8150,6.1210
436206.9630,0,3.2290,6.8330,6.1480
436256.9380,2,3.2750,6.7910,6.1180
436306.9190,0,3.2700,6.8180,6.1300
436356.8940,1,3.2180,6.8290,6.1040
436406.8730,0,3.2700,6.7550,6.1310
436456.8460,2,3.2900,6.7510,6.1660
436506.8310,0,3.2460,6.7160,6.1230
436556.8020,1,3.2580,6.8120,6.1980
436606.7830,0,3.2380,6.7380,6.1320
436656.7630,2,3.2750,6.7920,6.1350
436706.7360,0,3.2460,6.7980,6.1730
436756.7170,1,3.2500,6.7960,6.1350
436806.6940,0,3.2610,6.8360,6.1370
436856.6700,2,3.2360,6.8680,6.1130
436906.6510,0,3.2870,6.8680,6.1550
436956.6270,1,3.2670,6.8710,6.1070
437006.6070,0,3.2660,6.8500,6.1390
437056.5860,2,3.2780,6.8200,6.1490
437106.5600,0,3.2340,6.8770,6.0890
437156.5390,1,3.2570,6.8130,6.1470
437206.5150,0,3.2480,6.8690,6.1460
437256.4970,2,3.2510,6.8420,6.1620
437306.4730,0,3.2550,6.8810,6.1370
437356.4540,1,3.2770,6.8720,6.1480
437406.4260,0,3.2780,6.8740,6.1400
437456.4040,2,3.2470,6.8760,6.1750
437506.3820,0,3.2250,6.8830,6.1290
437556.3650,1,3.2370,6.8660,6.1450
437606.3400,0,3.2570,6.8550,6.1280
437656.3190,2,3.2170,6.8510,6.1090
437706.2950,0,3.2440,6.9370,6.2050
437756.2750,1,3.2360,6.8670,6.1220
437806.2510,0,3.2150,6.9050,6.1310
437856.2290,2,3.2390,6.9050,6.1470
437906.2070,0,3.2310,6.9080,6.1330
437956.1850,1,3.2480,6.8890,6.1200
438006.1610,0,3.2490,6.8930,6.1520
438056.1430,2,3.2660,6.9180,6.1220
438106.1170,0,3.2630,6.8910,6.1250
438156.0960,1,3.2640,6.9700,6.1160
438206.0720,0,3.2220,6.9450,6.1020
438256.0520,2,3.2600,6.9600,6.1420
438306.0310,0,3.2480,6.9620,6.1150
438356.0090,1,3.2330,6.8950,6.1720
438405.9890,0,3.2250,6.8980,6.1410
438455.9640,2,3.2420,6.8680,6.1340
438505.9390,0,3.2610,6.9110,6.1230
438555.9180,1,3.2750,6.9140,6.1550
438605.8990,0,3.2760,6.9330,6.1360
438655.8770,2,3.2160,6.8750,6.1230
438705.8510,0,3.2840,6.8920,6.1290
438755.8310,1,3.2310,6.8370,6.1210
438805.8080,0,3.2360,6.8550,6.1250
438855.7870,2,3.2610,6.8570,6.1250
438905.7610,0,3.2540,6.8280,6.1850
438955.7440,1,3.2570,6.8700,6.1290
439005.7180,0,3.2400,6.8950,6.1180
439055.6990,2,3.2720,6.8680,6.1200
439105.6780,0,3.2630,6.8850,6.1000
439155.6540,1,3.2280,6.9140,6.1530
439205.6320,0,3.2450,6.8900,6.1390
439255.6080,2,3.2550,6.8540,6.1150
439305.5880,0,3.2190,6.8670,6.1630
439355.5640,1,3.2270,6.8650,6.0990
439405.5440,0,3.2240,6.8700,6.1280
439455.5190,2,3.2510,6.8210,6.1530
439505.4960,0,3.2320,6.9300,6.1490
439555.4760,1,3.2800,6.9620,6.1580
439605.4510,0,3.2610,6.9920,6.1310
439655.4340,2,3.2420,6.9370,6.1230
439705.4070,0,3.2430,6.9150,6.1460
439755.3890,1,3.2290,6.9640,6.1050
439805.3630,0,3.2290,6.9710,6.1280
439855.3410,2,3.2490,6.9610,6.1680
439905.3190,0,3.2820,6.9930,6.1450
439955.2990,1,3.2820,6.9370,6.1900
440005.2780,0,3.1970,6.8960,6.1510
440055.2520,2,3.2320,6.8860,6.1570
440105.2290,0,3.2380,6.9030,6.1360
440155.2120,1,3.2800,6.8620,6.1670
440205.1850,0,3.2500,6.8480,6.1220
440255.1640,2,3.2230,6.8290,6.1100
440305.1460,0,3.2480,6.8390,6.1370
440355.1220,1,3.2340,6.8510,6.1260
440405.0960,0,3.2640,6.8850,6.1490
440455.0800,2,3.2700,6.8630,6.1600
440505.0550,0,3.2580,6.8500,6.1850
440555.0330,1,3.2520,6.8910,6.1200
440605.0090,0,3.2570,6.8360,6.1430
440654.9870,2,3.2240,6.7950,6.1310
440704.9640,0,3.2250,6.8560,6.1000
440754.9420,1,3.2520,6.8580,6.1380
440804.9200,0,3.2630,6.7960,6.1190
440854.9030,2,3.2190,6.8560,6.0820
440904.8750,0,3.2390,6.8560,6.1420
440954.8580,1,3.2300,6.8530,6.1180
441004.8300,0,3.2420,6.8810,6.1310
441054.8090,2,3.2470,6.8680,6.1420
441104.7900,0,3.2620,6.8170,6.1250
441154.7660,1,3.2790,6.8180,6.1110
441204.7430,0,3.2210,6.8070,6.1150
441254.7210,2,3.2340,6.8150,6.1220
441304.6990,0,3.2370,6.9270,6.0890
441354.6810,1,3.2630,7.0320,6.1290
441404.6570,0,3.2400,7.0350,6.1510
441454.6350,2,3.2550,7.0990,6.1770
441504.6090,0,3.2170,7.0660,6.1450
441554.5870,1,3.2430,7.1270,6.1320
441604.5690,0,3.2480,7.1180,6.1220
441654.5440,2,3.2490,7.0750,6.1020
441704.5200,0,3.2470,7.1000,6.0950
441754.4990,1,3.2450,7.0780,6.0840
441804.4780,0,3.2070,7.0350,6.1390
441854.4560,2,3.2080,7.0760,6.1500
441904.4340,0,3.2330,7.0280,6.1330
441954.4130,1,3.2260,7.0660,6.1190
442004.3870,0,3.2310,7.0720,6.1340
442054.3670,2,3.2410,7.0600,6.1410
442104.3470,0,3.2510,7.0920,6.1710
442154.3210,1,3.2450,7.0790,6.1300
442204.3030,0,3.2380,7.0990,6.1530
442254.2770,2,3.2280,7.0700,6.1360
442304.2600,0,3.2620,7.0410,6.1560
442354.2370,1,3.2360,7.1040,6.1350
442404.2150,0,3.2090,7.1680,6.1630
442454.1930,2,3.2040,7.1550,6.1510
442504.1690,0,3.2300,7.1410,6.1300
442554.1470,1,3.1920,7.1100,6.1280
442604.1260,0,3.2180,7.1210,6.1640
442654.1060,2,3.2140,7.1060,6.1740
442704.0810,0,3.2120,7.1240,6.0930
442754.0600,1,3.2510,7.0850,6.1640
442804.0340,0,3.2520,7.1060,6.1530
442854.0160,2,3.2610,7.0730,6.1200
442903.9900,0,3.2750,7.0370,6.1020
442953.9700,1,3.2110,7.0900,6.1450
443003.9440,0,3.2240,7.0220,6.1510
443053.9240,2,3.1880,7.0670,6.1200
443103.9010,0,3.1800,7.0140,6.1270
443153.8790,1,3.2160,7.0120,6.1290
443203.8590,0,3.2430,7.0480,6.1370
443253.8330,2,3.2310,7.0160,6.1390
443303.8170,0,3.2400,7.0540,6.1620
443353.7910,1,3.2360,7.0610,6.1630
443403.7720,0,3.2250,7.0190,6.1710
443453.7460,2,3.2370,7.0610,6.1080
443503.7270,0,3.2070,6.9400,6.1270
443553.7050,1,3.2040,6.9950,6.1460
443603.6790,0,3.2220,6.9660,6.2010
443653.6600,2,3.2480,6.9900,6.1280
443703.6350,0,3.2430,6.9260,6.1610
443753.6180,1,3.2670,6.9980,6.1420
443803.5960,0,3.3020,6.9400,6.1720
443853.5740,2,3.2210,6.9330,6.1090
443903.5480,0,3.2670,6.9480,6.0980
443953.5280,1,3.2150,6.9240,6.1480
444003.5060,0,3.1990,6.9380,6.1630
444053.4860,2,3.2180,6.9190,6.1190
444103.4640,0,3.2570,6.9270,6.1330
444153.4430,1,3.2180,6.9510,6.1060
444203.4160,0,3.2300,6.9990,6.1540
444253.3940,2,3.1680,6.9890,6.1170
444303.3730,0,3.2320,6.9680,6.1520
444353.3560,1,3.2360,6.9650,6.1020
444403.3290,0,3.2260,6.9110,6.1560
444453.3080,2,3.2510,6.9120,6.1480
444503.2910,0,3.2660,6.9140,6.1110
444553.2670,1,3.2350,6.9650,6.1320
444603.2440,0,3.2790,6.9260,6.1760
444653.2240,2,3.2000,6.9260,6.1310
444703.1970,0,3.2590,6.9020,6.1020
444753.1820,1,3.2330,6.9110,6.1240
444803.1600,0,3.2370,6.9310,6.1440
444853.1370,2,3.2740,6.8910,6.1260
444903.1120,0,3.2130,6.8940,6.1300
444953.0930,1,3.2170,6.9290,6.1010
445003.0700,0,3.2290,6.8890,6.0990
445053.0480,2,3.2610,6.8740,6.1050
445103.0230,0,3.2330,6.9090,6.0780
445153.0020,1,3.2570,6.8600,6.1690
445202.9840,0,3.2370,6.8570,6.1870
445252.9620,2,3.2670,6.8920,6.1440
445302.9390,0,3.2040,6.8960,6.1500
445352.9140,1,3.2560,6.9030,6.1170
445402.8930,0,3.2020,6.8580,6.1170
445452.8720,2,3.2620,6.8840,6.1330
445502.8520,0,3.1930,6.8620,6.1280
445552.8300,1,3.2400,6.8350,6.1570
445602.8070,0,3.2180,6.8030,6.1180
445652.7870,2,3.2300,6.8450,6.1180
445702.7670,0,3.2230,6.8490,6.1310
445752.7440,0,3.1950,6.8340,6.1380
445802.7170,1,3.2310,6.8510,6.1340
445852.6990,2,3.2530,6.8600,6.1310
445902.6760,0,3.2740,6.8670,6.1380
445952.6550,1,3.2570,6.8350,6.1580
446002.6320,0,3.2690,6.8310,6.1050
446052.6130,2,3.2470,6.7980,6.0660
446102.5870,0,3.2200,6.8970,6.1180
446152.5670,0,3.2380,6.8770,6.1640
446202.5460,1,3.3010,6.8330,6.1580
446252.5240,2,3.2780,6.8560,6.1730
446302.5060,0,3.2700,6.8470,6.1320
446352.4810,1,3.2590,6.8580,6.1060
446402.4610,0,3.2930,6.8570,6.0840
446452.4370,2,3.2520,6.8650,6.1550
446502.4150,0,3.2750,6.8530,6.1580
446552.3950,0,3.2710,6.8350,6.1160
446602.3740,1,3.2820,6.8030,6.1380
446652.3500,2,3.2540,6.8400,6.1330
446702.3270,0,3.2320,6.8460,6.1430
446752.3040,1,3.2310,6.8310,6.0840
446802.2860,0,3.2300,6.8270,6.1120
446852.2660,0,3.2420,6.8630,6.1460
446902.2430,2,3.2260,6.8360,6.1330
446952.2220,1,3.2010,6.8380,6.1590
447002.2010,0,3.2450,6.7670,6.1080
447052.1730,2,3.2150,6.8080,6.1430
447102.1520,0,3.2650,6.8130,6.1470
447152.1340,1,3.2620,6.8450,6.1170
447202.1080,0,3.2370,6.8970,6.1780
447252.0910,0,3.2180,6.9050,6.1200
447302.0680,2,3.2600,6.9450,6.1160
447352.0420,1,3.2480,6.9490,6.1450
447402.0250,0,3.2440,6.9380,6.1180
447452.0040,2,3.2560,6.8860,6.1220
447501.9760,0,3.3020,6.8780,6.1210
447551.9570,1,3.2660,6.9130,6.1800
447601.9330,0,3.2480,6.9520,6.1550
447651.9160,0,3.2650,6.9340,6.1060
447701.8920,2,3.2580,6.9390,6.1620
447751.8720,1,3.2340,6.9100,6.1310
447801.8490,0,3.2450,6.8740,6.1380
447851.8300,2,3.2420,6.8530,6.1260
447901.8050,0,3.2520,6.8690,6.1520
447951.7850,1,3.2590,6.8300,6.1270
448001.7650,0,3.2090,6.7940,6.1070
448051.7400,0,3.2430,6.8120,6.1010
448101.7020,2,3.2760,6.8350,6.1440
448151.6970,1,3.2020,6.9030,6.1070
448201.6720,0,3.2110,6.8780,6.1130
448251.6500,2,3.2490,6.8790,6.1230
448301.6340,0,3.2640,6.8950,6.1090
448351.6090,1,3.2260,6.9260,6.1220
448401.5880,0,3.2630,6.8970,6.1620
448451.5630,0,3.2340,6.8800,6.0950
448501.5460,2,3.2450,6.8450,6.1220
448551.5240,1,3.2360,6.8470,6.1710
448601.4990,0,3.2600,6.8430,6.1480
448651.4810,2,3.2440,6.8920,6.1350
448701.4540,0,3.2300,6.8900,6.0590
448751.4360,0,3.2650,6.8650,6.1300
448801.4110,1,3.2520,6.8580,6.1370
448851.3900,0,3.2540,6.8870,6.0970
448901.3660,2,3.2390,6.8660,6.1430
448951.3450,1,3.2470,6.8590,6.1100
449001.3270,0,3.2190,6.8610,6.1200
449051.3050,2,3.2470,6.8890,6.0990
449101.2840,0,3.2300,6.9050,6.1380
449151.2600,0,3.2740,6.8660,6.1140
449201.2380,1,3.2610,6.8380,6.1600
449251.2180,0,3.2870,6.8760,6.1320
449301.1980,2,3.1940,6.8190,6.1540
449351.1710,1,3.2330,6.8770,6.1420
449401.1510,0,3.2590,6.9190,6.1480
449451.1290,2,3.2370,6.9350,6.1240
449501.1090,0,3.2120,6.9270,6.1040
449551.0850,0,3.2480,6.9350,6.1070
449601.0600,1,3.2640,6.9790,6.1550
449651.0440,0,3.2540,6.9730,6.1310
449701.0230,2,3.2430,6.9470,6.1120
449750.9950,1,3.1990,6.9310,6.1200
449800.9750,0,3.2620,6.9400,6.1550
449850.9560,0,3.1920,6.9430,6.1190
449900.9340,2,3.2590,6.9480,6.1510
449950.9120,0,3.2640,6.8780,6.1660
450000.8900,1,3.2080,6.8730,6.1320
450050.8680,0,3.2390,6.9030,6.1370
450100.8460,2,3.2200,6.9890,6.1440
450150.8220,1,3.2460,6.9530,6.1440
450200.8050,0,3.2610,6.9560,6.1740
450250.7780,0,3.2630,6.8970,6.1380
450300.7600,2,3.2060,6.9510,6.1370
450350.7390,0,3.2130,6.8880,6.1250
450400.7170,1,3.2540,6.9310,6.1090
450450.6960,0,3.2430,6.9060,6.0940
450500.6720,2,3.1920,6.9210,6.1400
450550.6470,1,3.2530,6.8610,6.1410
450600.6240,0,3.2250,6.9250,6.1200
450650.6060,0,3.2350,6.9140,6.1530
450700.5830,2,3.2190,6.9800,6.1300
450750.5620,0,3.2040,6.9310,6.1040
450800.5420,1,3.2460,6.9240,6.1370
450850.5210,0,3.2280,6.9080,6.1690
450900.4940,2,3.2340,6.9090,6.1280
450950.4760,1,3.2790,6.9140,6.1130
451000.4550,0,3.2690,6.8790,6.1320
451050.4280,0,3.1900,6.9200,6.1460
451100.4120,2,3.2430,6.9210,6.1110
451150.3870,0,3.2440,6.8830,6.0890
451200.3660,1,3.2580,6.9100,6.1590
451250.3410,0,3.2180,6.9040,6.1340
451300.3260,2,3.2440,6.8830,6.0970
451350.3040,1,3.2790,6.9060,6.1260
451400.2810,0,3.2620,6.8580,6.1550
451450.2560,0,3.2360,6.8770,6.1250
451500.2340,2,3.2170,6.8650,6.1250
451550.2140,0,3.2750,6.8310,6.1980
451600.1910,1,3.2630,6.8700,6.1240
451650.1660,0,3.2540,6.8130,6.1400
451700.1500,2,3.2180,6.8370,6.1210
451750.1250,0,3.2490,6.8610,6.1190
451800.1040,1,3.2240,6.8220,6.1250
451850.0830,0,3.2860,6.9150,6.1420
451900.0630,2,3.2570,6.9140,6.1490
451950.0380,0,3.2400,6.8850,6.1120
452000.0170,1,3.2120,6.9390,6.1860
452049.9950,0,3.2390,6.8830,6.1350
452099.9760,2,3.2490,6.8790,6.1420
452149.9490,0,3.2970,6.9170,6.1510
452199.9330,1,3.2750,6.8760,6.1570
452249.9110,0,3.2340,6.9210,6.0840
452299.8830,2,3.2200,6.9450,6.1480
452349.8630,0,3.2470,6.9120,6.1410
452399.8400,1,3.2510,6.8640,6.1330
452449.8240,0,3.2590,6.9060,6.0990
452499.7970,2,3.2630,6.9210,6.1430
452549.7760,0,3.2230,6.9160,6.1040
452599.7560,1,3.2470,6.8970,6.1800
452649.7360,0,3.2360,6.9090,6.1500
452699.6980,2,3.2290,6.9250,6.1050
452749.6880,0,3.2480,6.9080,6.1820
452799.6690,1,3.2140,7.0110,6.1550
452849.6460,0,3.2500,7.0000,6.1370
452899.6270,2,3.2230,6.9390,6.1000
452949.6050,0,3.2080,7.0010,6.1570
452999.5840,1,3.2370,6.9320,6.1560
453049.5580,0,3.2520,6.9380,6.1400
453099.5340,2,3.2350,6.9630,6.1250
453149.5150,0,3.2610,6.9960,6.1130
453199.4960,1,3.2230,7.0220,6.1370
453249.4710,0,3.2150,7.0060,6.1270
453299.4500,2,3.2300,6.9830,6.1200
453349.4310,0,3.2520,7.0370,6.1250
453399.4100,1,3.2160,7.0890,6.1300
453449.3880,0,3.2210,7.0580,6.1220
453499.3640,2,3.2450,6.9820,6.1440
453549.3440,0,3.2410,6.9620,6.1180
453599.3200,1,3.2500,7.0220,6.1220
453649.2960,0,3.2340,6.9950,6.1080
453699.2780,2,3.2460,6.9980,6.1180
453749.2530,0,3.2160,7.0550,6.0920
453799.2300,1,3.1910,7.0130,6.1330
453849.2110,0,3.2040,7.1070,6.1660
453899.1910,2,3.2310,7.0420,6.1090
453949.1670,0,3.2340,7.0170,6.1140
453999.1420,1,3.2010,7.0540,6.1420
454049.1250,0,3.2070,6.9980,6.1720
454099.1000,2,3.2210,7.0120,6.1710
454149.0780,0,3.2010,6.9570,6.1010
454199.0580,1,3.2170,6.9390,6.1220
454249.0360,0,3.2460,6.9760,6.1330
454299.0110,2,3.2500,6.9970,6.0790
454348.9950,0,3.2650,6.9200,6.1720
454398.9720,1,3.2070,6.9020,6.1690
454448.9510,0,3.2820,6.9130,6.1600
454498.9280,2,3.2430,6.9380,6.1280
454548.9090,0,3.2860,6.9080,6.1490
454598.8810,1,3.2260,6.9320,6.1360
454648.8650,0,3.2260,6.9220,6.1570
454698.8400,2,3.2200,6.9080,6.1250
454748.8160,0,3.2070,6.8970,6.1020
454798.7960,1,3.2270,6.9730,6.1430
454848.7770,0,3.2350,6.9630,6.0960
454898.7560,2,3.2330,6.9880,6.1330
454948.7320,0,3.2260,6.9590,6.1080
454998.7100,1,3.2250,6.8980,6.1140
455048.6860,0,3.2170,6.9100,6.1320
455098.6650,2,3.2880,6.8780,6.1540
455148.6480,0,3.2550,6.9270,6.1550
455198.6200,1,3.2210,6.9650,6.1480
455248.6010,0,3.2400,7.0190,6.1000
455298.5770,2,3.2150,7.0600,6.1280
455348.5550,0,3.2180,6.9990,6.1070
455398.5380,1,3.2150,7.0280,6.0930
455448.5100,0,3.2080,6.9880,6.1630
455498.4940,2,3.2310,6.9740,6.1150
455548.4690,0,3.2520,7.0030,6.1430
455598.4460,1,3.2380,7.0030,6.1560
455648.4240,0,3.2200,7.0220,6.1450
455698.4050,2,3.2890,6.9660,6.1680
455748.3840,0,3.2640,6.9780,6.1210
455798.3630,1,3.2100,6.9660,6.1480
455848.3390,0,3.2620,6.9430,6.1650
455898.3130,2,3.2260,6.9680,6.1080
455948.2920,0,3.2640,6.9550,6.0680
455998.2670,1,3.2010,6.9450,6.1610
456048.2440,0,3.2610,6.9690,6.1750
456098.2230,2,3.2080,7.0310,6.1190
456148.2000,0,3.2600,6.9320,6.1290
456198.1760,1,3.2190,6.9070,6.1580
456248.1580,0,3.2680,6.9120,6.1350
456298.1350,2,3.2250,6.9770,6.1340
456348.1120,0,3.2220,6.9520,6.1170
456398.0910,1,3.2220,6.9870,6.1230
456448.0650,0,3.2760,6.9380,6.1810
456498.0420,2,3.2530,6.9440,6.1670
456548.0170,0,3.2870,6.9960,6.1480
456597.9990,1,3.1870,7.0190,6.1680
456647.9740,0,3.2220,7.0070,6.0950
456697.9540,2,3.2690,6.9990,6.1090
456747.9280,0,3.2200,7.0140,6.1620
456797.9080,1,3.1840,7.0120,6.1190
456847.8850,0,3.2260,7.0050,6.1490
456897.8610,2,3.2360,6.9680,6.1280
456947.8380,0,3.2200,6.9830,6.1710
456997.8170,1,3.2330,6.9780,6.1150
457047.7940,0,3.1760,7.0290,6.1520
457097.7720,2,3.2500,7.0210,6.1250
457147.7470,0,3.2430,7.0360,6.0680
457197.7270,1,3.2300,6.9590,6.1670
457247.7050,0,3.2110,7.0400,6.1130
457297.6800,2,3.2220,7.0500,6.1420
457347.6610,0,3.2550,7.0130,6.1150
457397.6390,1,3.2180,7.0250,6.1320
457447.6120,0,3.1760,6.9810,6.1650
457497.5950,2,3.2220,7.0280,6.1640
457547.5720,0,3.2470,6.9940,6.1640
457597.5450,1,3.2220,6.9490,6.1430
457647.5260,0,3.2190,7.0150,6.1310
457697.5040,2,3.2380,7.0530,6.1530
457747.4770,0,3.2740,7.0240,6.1770
457797.4580,1,3.2230,6.9880,6.1330
457847.4360,0,3.2320,7.0210,6.1590
457897.4120,2,3.2280,6.9710,6.1340
457947.3870,0,3.2380,6.9910,6.1280
457997.3630,1,3.2420,7.0080,6.1240
458047.3450,0,3.2380,6.9720,6.1510
458097.3220,2,3.1960,7.0610,6.1730
458147.2980,0,3.2000,7.0150,6.1360
458197.2720,1,3.2110,7.0550,6.1010
458247.2550,0,3.2100,7.0260,6.1250
458297.2300,2,3.2030,7.0940,6.1690
458347.2090,0,3.2310,7.0600,6.0880
458397.1830,1,3.2060,7.0050,6.1140
458447.1610,0,3.2260,7.0710,6.1750
458497.1400,2,3.2380,7.0550,6.1100
458547.1150,0,3.1750,7.0340,6.1230
458597.0920,1,3.2470,7.0810,6.1540
458647.0730,0,3.2200,7.0770,6.0970
458697.0470,2,3.2270,7.0490,6.1240
458747.0250,0,3.2340,7.0040,6.1270
458797.0000,0,3.2560,7.0200,6.1360
458846.9820,0,3.2470,7.0190,6.1320
458896.9570,0,3.2310,6.9570,6.1160
458946.9380,0,3.2330,6.9290,6.0880
458996.9160,0,3.2380,6.9930,6.1380
459046.8880,0,3.2520,6.9660,6.1270
459096.8700,0,3.2600,7.0060,6.1330
459146.8450,0,3.2510,6.9660,6.0750
459196.8200,0,3.2020,6.9490,6.1620
459246.8020,0,3.2350,6.9150,6.1240
459296.7780,0,3.2300,6.9450,6.1080
459346.7540,0,3.2250,6.9250,6.1220
459396.7310,0,3.2440,6.9550,6.1000
459446.7090,0,3.2160,6.9980,6.0930
459496.6900,0,3.2330,6.9270,6.0910
459546.6660,0,3.2400,6.9430,6.0850
459596.6400,0,3.2010,6.9990,6.1730
459646.6210,0,3.2500,6.9270,6.1000
459696.5980,0,3.2450,6.9070,6.1150
459746.5730,0,3.2330,6.8870,6.1090
459796.5550,0,3.2340,6.9070,6.1200
459846.5310,0,3.2330,6.9400,6.1430
459896.5090,0,3.2160,6.9350,6.0900
459946.4860,0,3.2640,7.0080,6.1550
459996.4610,0,3.2750,6.9810,6.1030
460046.4420,0,3.2500,6.9710,6.1410
460096.4010,0,3.2070,6.9360,6.1750
460146.3940,0,3.2210,6.9410,6.1140
460196.3690,0,3.2680,6.9750,6.1440
460246.3510,0,3.2150,6.9260,6.1620
460296.3240,0,3.2290,6.9590,6.1410
460346.3020,0,3.2470,6.9180,6.1310
460396.2840,0,3.1940,6.9900,6.1550
460446.2550,0,3.2100,7.0300,6.1760
460496.2330,0,3.2380,7.0640,6.1430
460546.2120,0,3.2430,7.1090,6.1470
460596.1910,0,3.2080,7.0620,6.0870
460646.1680,0,3.2170,7.1270,6.1490
460696.1480,0,3.2160,7.1700,6.1620
460746.1200,0,3.2360,7.0940,6.1340
460796.1020,0,3.2330,7.1100,6.1750
460846.0800,0,3.2560,7.0630,6.1280
460896.0530,0,3.2320,7.0880,6.1350
460946.0310,0,3.1980,7.0770,6.1330
460996.0070,0,3.2740,7.0440,6.1430
461045.9860,0,3.2350,7.0840,6.1150
461095.9650,0,3.1900,7.1140,6.1720
461145.9420,0,3.2320,7.1360,6.1610
461195.9190,0,3.2670,7.1530,6.0950
461245.8950,0,3.1860,7.1150,6.1180
461295.8760,0,3.2060,7.1810,6.1280
461345.8480,0,3.2220,7.1000,6.1530
461395.8290,0,3.2390,7.1230,6.1090
461445.8030,0,3.2390,7.1300,6.1290
461495.7820,0,3.2290,7.0580,6.1410
461545.7590,0,3.1930,7.1670,6.1320
461595.7410,0,3.2030,7.1450,6.1580
461645.7140,0,3.2050,7.0790,6.1280
461695.6930,0,3.2140,7.1360,6.1330
461745.6730,0,3.2360,7.1170,6.1530
461795.6440,0,3.2040,7.1100,6.1580
461845.6260,0,3.2560,7.1030,6.1790
461895.5990,0,3.1760,7.1470,6.1340
461945.5760,0,3.2430,7.1480,6.1590
461995.5580,0,3.1850,7.1280,6.1090
462045.5350,0,3.2240,7.1510,6.1580
462095.5100,0,3.2080,7.1240,6.1300
462145.4910,0,3.2190,7.1220,6.1200
462195.4660,0,3.1960,7.1150,6.1300
462245.4410,0,3.1810,7.1290,6.1260
462295.4190,0,3.2190,7.1230,6.1130
462345.3980,0,3.2580,7.1540,6.1690
462395.3750,0,3.2690,7.1310,6.1220
462445.3530,0,3.2210,7.0940,6.1060
462495.3340,0,3.1930,7.1060,6.1190
462545.3050,0,3.1980,7.1430,6.1050
462595.2850,0,3.2460,7.1360,6.1260
462645.2660,0,3.2340,7.1780,6.1090
462695.2420,0,3.2180,7.1130,6.1280
462745.2210,0,3.2330,7.1870,6.1350
462795.1990,0,3.2260,7.1370,6.1600
462845.1710,0,3.2350,7.0740,6.1370
462895.1480,0,3.2110,7.1400,6.1590
462945.1260,0,3.2230,7.1140,6.1050
462995.1040,0,3.2420,7.1630,6.1680
463045.0800,0,3.1850,7.1340,6.0850
463095.0570,0,3.2310,7.1210,6.1360
463145.0380,0,3.2210,7.1080,6.1510
463195.0120,0,3.2170,7.1540,6.1410
463244.9910,0,3.2140,7.0980,6.1170
463294.9700,0,3.2160,7.1210,6.0960
463344.9450,0,3.1930,7.1230,6.1260
463394.9230,0,3.2300,7.1260,6.1470
463444.9040,0,3.2220,7.1360,6.1290
463494.8800,0,3.2270,7.1080,6.1190
463544.8540,0,3.1710,7.0760,6.1180
463594.8330,0,3.2220,7.1430,6.1610
463644.8130,0,3.2180,7.1440,6.1620
463694.7880,0,3.2590,7.0830,6.1140
463744.7650,0,3.2300,7.0710,6.0960
463794.7420,0,3.1980,7.1060,6.1210
463844.7180,0,3.2320,7.0310,6.1370
463894.6960,0,3.1890,7.0920,6.1130
463944.6780,0,3.1980,7.0960,6.1750
463994.6530,0,3.1930,7.0330,6.1090
464044.6290,0,3.2080,7.0770,6.1340
464094.6110,0,3.2250,7.0350,6.1120
464144.5860,0,3.2280,7.0600,6.1100
464194.5610,0,3.2690,7.0580,6.1690
464244.5430,0,3.2160,7.0880,6.1560
464294.5170,0,3.2320,7.0710,6.1460
464344.4930,0,3.2110,7.0370,6.1160
464394.4730,0,3.2220,7.0450,6.1040
464444.4460,0,3.2210,7.0530,6.0970
464494.4240,0,3.2240,7.0580,6.1550
464544.4030,0,3.1640,7.0660,6.1370
464594.3830,0,3.2280,7.0900,6.1630
464644.3580,0,3.2100,7.0930,6.1410
464694.3340,0,3.2450,7.0750,6.1490
464744.3120,0,3.2430,7.1160,6.1490
464794.2890,0,3.2440,7.0310,6.1270
464844.2680,0,3.1880,7.0620,6.1220
464894.2460,0,3.2370,7.0580,6.1790
464944.2210,0,3.1990,7.0280,6.1400
464994.2020,0,3.2530,7.0460,6.1130
465044.1780,0,3.2550,7.0540,6.1340
465094.1520,0,3.2140,7.0680,6.1220
465144.1350,0,3.2310,7.1090,6.1460
465194.1080,0,3.2000,7.0970,6.1180
465244.0890,0,3.2230,7.0720,6.0960
465294.0630,0,3.2450,7.0820,6.1770
465344.0450,0,3.2190,7.0370,6.1330
465394.0190,0,3.2220,7.0690,6.0820
465443.9990,0,3.2050,7.0720,6.1120
465493.9750,0,3.1950,7.0720,6.1130
465543.9520,0,3.2330,7.1190,6.1080
465593.9310,0,3.2040,7.0850,6.1220
465643.9030,0,3.2270,7.0920,6.1230
465693.8820,0,3.1920,7.0500,6.1640
465743.8640,0,3.2360,7.0160,6.1080
465793.8400,0,3.1810,7.0410,6.0980
465843.8160,0,3.1990,7.0490,6.1480
465893.7940,0,3.1740,7.0590,6.1510
465943.7680,0,3.1940,7.1100,6.0930
465993.7500,0,3.2390,7.1190,6.1030
466043.7280,0,3.2090,7.0830,6.0980
466093.7060,0,3.2070,7.0700,6.1590
466143.6810,0,3.2370,7.0930,6.1470
466193.6590,0,3.2250,7.0910,6.1180
466243.6330,0,3.2520,7.0750,6.1470
466293.6140,0,3.2310,7.0580,6.1250
466343.5920,0,3.1850,7.0300,6.1390
466393.5640,0,3.1970,7.0210,6.1220
466443.5480,0,3.2450,6.9760,6.1500
466493.5240,0,3.2230,6.9560,6.1260
466543.4960,0,3.2100,6.9700,6.1220
466593.4770,0,3.2070,7.0060,6.1260
466643.4570,0,3.2490,6.9590,6.0910
466693.4320,0,3.2380,6.9490,6.1280
466743.4060,0,3.2090,6.9690,6.1380
466793.3880,0,3.1860,6.9910,6.1400
466843.3650,0,3.2430,6.9710,6.1600
466893.3410,0,3.2430,6.9450,6.0750
466943.3200,0,3.2450,6.9370,6.0980
466993.2980,0,3.2220,6.9500,6.1100
467043.2730,0,3.2080,6.9380,6.1400
467093.2530,0,3.2200,6.9700,6.1520
467143.2270,0,3.1950,6.9730,6.1590
467193.2070,0,3.2000,6.9590,6.1480
467243.1800,0,3.2120,6.9740,6.1410
467293.1560,0,3.2330,6.9790,6.1620
467343.1380,0,3.2330,6.9910,6.0950
467393.1140,0,3.2340,6.9960,6.1410
467443.0890,0,3.2460,7.0220,6.1300
467493.0720,0,3.2610,6.9650,6.1160
467543.0450,0,3.2430,7.0160,6.1450
467593.0270,0,3.2180,6.9710,6.1150
467643.0040,0,3.2700,6.9610,6.1210
467692.9810,0,3.2330,6.9830,6.0910
467742.9600,0,3.2410,6.9890,6.1170
467792.9380,0,3.2210,6.9770,6.1220
467842.9120,0,3.2140,6.9610,6.1790
467892.8900,0,3.2520,6.9740,6.1240
467942.8710,0,3.2030,6.9530,6.0910
467992.8470,0,3.2540,6.9670,6.1310
468042.8300,0,3.2510,6.9440,6.1240
468092.8040,0,3.2020,6.9750,6.1230
468142.7830,0,3.2490,6.9670,6.1110
468192.7590,0,3.2350,6.9980,6.0960
468242.7400,0,3.1890,7.0140,6.1550
468292.7190,0,3.2280,7.0040,6.1330
468342.6980,0,3.2410,6.9770,6.1350
468392.6760,0,3.2150,6.9950,6.1650
468442.6520,0,3.1940,6.9700,6.0970
468492.6350,0,3.2140,6.9570,6.1470
468542.6100,0,3.2730,6.9400,6.0890
468592.5930,0,3.2530,6.9360,6.1030
468642.5670,0,3.2000,7.0390,6.1240
468692.5430,0,3.1870,6.9630,6.1640
468742.5210,0,3.2230,6.9510,6.1610
468792.5000,0,3.2540,6.9700,6.1220
468842.4790,0,3.2090,6.9930,6.1150
468892.4560,0,3.2260,7.0300,6.1390
468942.4360,0,3.2410,7.0130,6.1340
468992.4160,0,3.2210,6.9490,6.1350
469042.3940,0,3.2400,6.9640,6.1320
469092.3720,0,3.2510,7.0060,6.0960
469142.3510,0,3.2490,6.9790,6.1350
469192.3290,0,3.1820,7.0440,6.0940
469242.3110,0,3.2200,7.0430,6.0720
469292.2850,0,3.2410,7.0750,6.1140
469342.2660,0,3.2040,6.9980,6.1740
469392.2460,0,3.2150,6.9970,6.1320
469442.2220,0,3.2080,7.0030,6.1690
469492.1990,0,3.1960,7.0250,6.1380
469542.1820,0,3.2030,6.9910,6.1510
469592.1610,0,3.2200,7.0720,6.1500
469642.1380,0,3.1930,7.0760,6.1720
469692.1140,0,3.2300,7.0430,6.1510
469742.0910,0,3.2460,7.0410,6.1210
469792.0700,0,3.2010,7.0570,6.0870
469842.0500,0,3.2170,6.9970,6.1460
469892.0270,0,3.2230,6.9990,6.1130
469942.0040,0,3.1790,6.9840,6.1130
469991.9850,0,3.2100,6.9880,6.1280
470041.9600,0,3.2520,6.9230,6.0850
470091.9440,0,3.2200,7.0120,6.2020
470141.9180,0,3.2330,6.9500,6.1200
470191.8980,0,3.2150,6.9530,6.1230
470241.8740,0,3.1890,6.9030,6.1130
470291.8530,0,3.2370,6.8890,6.1210
470341.8340,0,3.2100,6.9280,6.1690
470391.8130,0,3.2510,6.9890,6.0960
470441.7930,0,3.2770,6.9320,6.1200
470491.7710,0,3.2170,6.9670,6.1600
470541.7480,0,3.2220,6.9710,6.1080
470591.7260,0,3.2030,6.9930,6.1390
470641.7020,0,3.2270,6.9960,6.1020
470691.6850,0,3.1840,7.0000,6.1830
470741.6620,0,3.2210,7.0080,6.1140
470791.6420,0,3.2020,7.0320,6.1740
470841.6180,0,3.2310,7.0350,6.1570
470891.5970,0,3.2200,7.0540,6.1660
470941.5740,0,3.2140,7.0990,6.1080
470991.5550,0,3.2140,7.1190,6.1240
471041.5310,0,3.2110,7.1430,6.0950
471091.5100,0,3.2180,7.1040,6.1310
471141.4860,0,3.2290,7.1090,6.1420
471191.4680,0,3.2580,7.0540,6.0670
471241.4420,0,3.2040,7.0540,6.1450
471291.4220,0,3.1830,6.9990,6.1400
471341.4020,0,3.2410,7.0380,6.1230
471391.3790,0,3.2410,7.0200,6.1310
471441.3620,0,3.2560,7.0090,6.1270
471491.3380,0,3.2070,7.0180,6.1290
471541.3150,0,3.2350,7.0580,6.1290
471591.2960,0,3.2360,7.0140,6.1470
471641.2760,0,3.2140,7.0230,6.1690
471691.2510,0,3.2140,7.0240,6.1590
471741.2280,0,3.2090,7.0320,6.0890
471791.2050,0,3.2350,7.0270,6.1400
471841.1860,0,3.2020,7.0480,6.0990
471891.1670,0,3.2360,7.0170,6.1330
471941.1450,0,3.2260,7.0520,6.0860
471991.1220,0,3.2460,7.0660,6.1580
472041.0980,0,3.2250,7.0360,6.0960
472091.0760,0,3.2400,7.1100,6.0830
472141.0600,0,3.2250,7.0580,6.1510
472191.0350,0,3.2280,7.1210,6.1300
472241.0140,0,3.2140,7.1490,6.1910
472290.9890,0,3.2630,7.1340,6.1410
472340.9680,0,3.2100,7.1370,6.1910
472390.9490,0,3.2140,7.0930,6.1390
472440.9290,0,3.1930,7.1330,6.0990
472490.9080,0,3.2550,7.0770,6.1490
472540.8880,0,3.2580,7.0710,6.1380
472590.8660,0,3.2110,7.0840,6.1570
472640.8400,0,3.2340,7.1030,6.1000
472690.8190,0,3.2290,7.1280,6.0900
472740.8010,0,3.2510,7.0580,6.1140
472790.7750,0,3.2390,7.0480,6.1070
472840.7540,0,3.1940,7.0400,6.1490
472890.7320,0,3.2390,7.0950,6.1340
472940.7140,0,3.2310,7.0890,6.0760
472990.6890,0,3.1910,7.1060,6.1120
473040.6660,0,3.2570,7.0400,6.1700
473090.6490,0,3.2140,7.0330,6.1110
473140.6220,0,3.2140,7.0320,6.1660
473190.6070,0,3.2260,7.0780,6.1360
473240.5810,0,3.2620,6.9910,6.1460
473290.5640,0,3.2320,6.9770,6.0780
473340.5360,0,3.2380,7.0200,6.1070
473390.5180,0,3.2310,6.9990,6.1380
473440.4940,0,3.2310,7.0300,6.1200
473490.4720,0,3.2100,7.0020,6.1640
473540.4560,0,3.2040,7.0100,6.1090
473590.4300,0,3.2050,7.0150,6.1060
473640.4100,0,3.2680,6.9670,6.1340
473690.3870,0,3.2210,7.0120,6.1300
473740.3640,0,3.2600,6.9770,6.1490
473790.3470,0,3.2630,7.0030,6.1400
473840.3260,0,3.2430,6.9970,6.1550
473890.3030,0,3.2200,6.9880,6.1220
473940.2800,0,3.2400,6.9300,6.1490
473990.2570,0,3.2360,6.9660,6.1510
474040.2390,0,3.2340,6.9280,6.0990
474090.2180,0,3.2090,6.9320,6.1730
474140.1940,0,3.2060,6.9120,6.1440
474190.1740,0,3.2180,6.9340,6.1200
474240.1490,0,3.2090,6.9440,6.0990
474290.1330,0,3.2120,6.8640,6.1530
474340.1060,0,3.2210,6.9810,6.1030
474390.0900,0,3.2220,6.8880,6.1520
474440.0680,0,3.2460,6.9080,6.1300
474490.0410,0,3.2330,6.8760,6.1310
474540.0230,0,3.2470,6.8660,6.0950
474590.0030,0,3.2030,6.8850,6.1190
474639.9790,0,3.2010,6.9200,6.1270
474689.9580,0,3.2480,6.9150,6.1310
474739.9360,0,3.2320,6.8790,6.1360
474789.9110,0,3.1960,6.9510,6.1220
474839.8890,0,3.2180,7.0020,6.1140
474889.8700,0,3.2420,6.9750,6.1110
474939.8490,0,3.2140,6.9690,6.0920
474989.8300,0,3.2130,6.9710,6.0950
475039.8030,0,3.1970,7.0180,6.1610
475089.7840,0,3.1810,6.9340,6.1190
475139.7610,0,3.2130,6.9970,6.1100
475189.7420,0,3.2320,7.0220,6.1740
475239.7180,0,3.1520,7.0210,6.1270
475289.7010,0,3.1900,7.0430,6.1760
475339.6750,0,3.2410,7.0040,6.1420
475389.6570,0,3.1800,7.0320,6.1260
475439.6300,0,3.2510,7.0250,6.1450
475489.6090,0,3.1890,7.0580,6.1260
475539.5880,0,3.2020,7.0320,6.1550
475589.5690,0,3.2470,7.0200,6.1350
475639.5470,0,3.1940,7.0690,6.1590
475689.5250,0,3.1850,7.0840,6.1080
475739.5030,0,3.2260,6.9730,6.1660
475789.4810,0,3.1990,7.0040,6.1370
475839.4620,0,3.2090,7.0050,6.1430
475889.4380,0,3.2120,6.9680,6.0900
475939.4150,0,3.2380,6.9830,6.1470
475989.3990,0,3.2500,6.9360,6.1380
476039.3740,0,3.2100,6.9490,6.0750
476089.3530,0,3.2780,6.9410,6.1430
476139.3340,0,3.2630,6.9300,6.1250
476189.3090,0,3.2050,6.9500,6.1220
476239.2910,0,3.2210,6.9420,6.1310
476289.2690,0,3.2210,6.9420,6.1270
476339.2480,0,3.2280,6.9610,6.1600
476389.2220,0,3.2240,6.9620,6.0770
476439.2020,0,3.2520,6.9550,6.1320
476489.1840,0,3.2010,7.0090,6.1390
476539.1600,0,3.2380,6.9530,6.1060
476589.1390,0,3.2070,6.9890,6.1270
476639.1140,0,3.2240,6.9240,6.1460
476689.0970,0,3.1970,6.9740,6.1150
476739.0740,0,3.2420,6.9170,6.1500
476789.0480,0,3.2150,6.9510,6.1360
476839.0330,0,3.2110,6.9120,6.1360
476889.0070,0,3.2410,6.9430,6.1650
476938.9890,0,3.2340,6.9300,6.1310
476988.9680,0,3.2740,6.9210,6.1730
477038.9410,0,3.2090,6.9120,6.1350
477088.9240,0,3.2080,6.8500,6.1000
477138.9000,0,3.1940,6.8890,6.0820
477188.8810,0,3.1960,6.9100,6.1100
477238.8540,0,3.2800,6.8690,6.1210
477288.8370,0,3.2200,6.8890,6.1110
477338.8110,0,3.2040,6.8750,6.1420
477388.7930,0,3.2170,6.8880,6.0820
477438.7710,0,3.2210,6.8600,6.1750
477488.7510,0,3.2000,6.8850,6.1430
477538.7300,0,3.2000,6.8410,6.1150
477588.7040,0,3.2070,6.9110,6.1520
477638.6810,0,3.2470,6.8900,6.1040
477688.6660,0,3.2020,6.8870,6.1690
477738.6430,0,3.2570,6.8280,6.1270
477788.6220,0,3.2460,6.8580,6.1290
477838.5980,0,3.2790,6.8550,6.1020
477888.5750,0,3.2300,6.8180,6.0710
477938.5520,0,3.2150,6.8490,6.0860
477988.5360,0,3.2400,6.8470,6.1240
478038.5140,0,3.2080,6.8940,6.1670
478088.4890,0,3.2030,6.8800,6.1650
478138.4690,0,3.2360,6.8120,6.0810
478188.4470,0,3.2170,6.8230,6.1580
478238.4240,0,3.2270,6.8510,6.0860
478288.4030,0,3.2380,6.8560,6.1410
478338.3860,0,3.2100,6.8420,6.1140
478388.3610,0,3.2190,6.8870,6.1260
478438.3420,0,3.2260,6.8830,6.1040
478488.3160,0,3.2000,6.8250,6.0950
478538.2990,0,3.2360,6.8370,6.1210
478588.2720,0,3.2650,6.8520,6.1100
478638.2550,0,3.2340,6.8100,6.1450
478688.2290,0,3.2420,6.8450,6.1490
478738.2130,0,3.2200,6.8240,6.1150
478788.1890,0,3.2440,6.8390,6.1260
478838.1670,0,3.2100,6.8060,6.1080
478888.1460,0,3.2270,6.8370,6.1440
478938.1240,0,3.2160,6.8510,6.1410
478988.1030,0,3.2230,6.9030,6.1040
479038.0780,0,3.2000,6.8440,6.1340
479088.0560,0,3.2510,6.8540,6.1270
479138.0380,0,3.2630,6.8820,6.1040
479188.0190,0,3.2180,6.8370,6.1490
479237.9920,0,3.2480,6.8430,6.1330
479287.9730,0,3.2500,6.8590,6.0800
479337.9520,0,3.2410,6.8210,6.1370
479387.9300,0,3.2710,6.8430,6.1030
479437.9100,0,3.2470,6.8430,6.1240
479487.8850,0,3.2370,6.8230,6.0980
479537.8640,0,3.2450,6.8250,6.1150
479587.8400,0,3.2290,6.8690,6.1170
479637.8250,0,3.2680,6.8410,6.0890
479687.8030,0,3.2120,6.8540,6.1590
479737.7810,0,3.2390,6.8310,6.1290
479787.7580,0,3.2630,6.8240,6.1450
479837.7340,0,3.2270,6.8060,6.1500
479887.7080,0,3.2400,6.8310,6.1620
479937.6890,0,3.2410,6.8640,6.1420
479987.6690,0,3.2270,6.8660,6.1200
480037.6460,0,3.2430,6.8530,6.1440
480087.6200,0,3.2450,6.8620,6.1310
480137.6020,0,3.2430,6.8560,6.1370
480187.5780,0,3.2220,6.7960,6.1160
480237.5510,0,3.2000,6.8110,6.1280
480287.5320,0,3.2300,6.8280,6.1280
480337.5130,0,3.2390,6.9200,6.1440
480387.4900,0,3.2000,6.9210,6.1270
480437.4640,0,3.2940,6.9040,6.1250
480487.4420,0,3.2420,6.8750,6.1510
480537.4230,0,3.2390,6.8900,6.0860
480587.3940,0,3.2290,6.8020,6.1400
480637.3740,0,3.2440,6.8590,6.1040
480687.3510,0,3.2370,6.8730,6.1060
480737.3270,0,3.2090,6.9030,6.1060
480787.3040,0,3.2520,6.8470,6.1430
480837.2870,0,3.2380,6.8610,6.1380
480887.2610,0,3.2670,6.8530,6.1160
480937.2420,0,3.2370,6.8370,6.1280
480987.2190,0,3.2260,6.8940,6.0980
481037.1970,0,3.2060,6.8760,6.0880
481087.1690,0,3.2310,6.8620,6.1260
481137.1500,0,3.2460,6.7870,6.1490
481187.1290,0,3.2320,6.8600,6.1400
481237.1070,0,3.1940,6.8090,6.1060
481287.0810,0,3.2460,6.8220,6.1070
481337.0570,0,3.1870,6.7760,6.1540
481387.0380,0,3.2870,6.8100,6.1440
481437.0170,0,3.2180,6.7860,6.1570
481486.9910,0,3.2040,6.8010,6.1170
481536.9680,0,3.1950,6.7870,6.1440
481586.9470,0,3.2180,6.8600,6.0820
481636.9260,0,3.2420,6.9450,6.1610
481686.9000,0,3.2300,6.9360,6.0980
481736.8800,0,3.2370,6.9260,6.1100
481786.8610,0,3.2260,6.9260,6.1330
481836.8360,0,3.2240,6.9380,6.1130
481886.8100,0,3.2310,6.9040,6.1220
481936.7870,0,3.2040,6.9010,6.1100
481986.7670,0,3.2270,6.9430,6.1270
482036.7460,0,3.2250,6.9460,6.1120
482086.7220,0,3.2330,6.8630,6.1690
482136.7000,0,3.2310,6.8690,6.1930
482186.6750,0,3.2730,6.8610,6.1040
482236.6540,0,3.2270,6.8960,6.1260
482286.6330,0,3.2250,6.8730,6.0910
482336.6090,0,3.2480,6.8430,6.1270
482386.5890,0,3.2220,6.8690,6.1140
482436.5650,0,3.2230,6.8370,6.0970
482486.5430,0,3.2470,6.8310,6.1490
482536.5220,0,3.2530,6.8480,6.1530
482586.4970,0,3.2340,6.8140,6.1050
482636.4750,0,3.2070,6.8240,6.1460
482686.4540,0,3.2310,6.8170,6.0940
482736.4280,0,3.2060,6.8430,6.1500
482786.4070,0,3.2300,6.8130,6.0880
482836.3850,0,3.2430,6.8320,6.1460
482886.3610,0,3.2620,6.8720,6.1460
482936.3440,0,3.2070,6.9010,6.1200
482986.3160,0,3.2560,6.9380,6.1250
483036.2970,0,3.1710,6.9440,6.1090
483086.2710,0,3.2080,6.8970,6.0860
483136.2520,0,3.2410,6.9240,6.0930
483186.2310,0,3.2000,6.8550,6.1810
483236.2070,0,3.2330,6.8170,6.0640
483286.1810,0,3.2860,6.8450,6.1330
483336.1640,0,3.2390,6.8390,6.1700
483386.1410,0,3.2500,6.8270,6.1370
483436.1170,0,3.2090,6.8300,6.1210
483486.0900,0,3.1940,6.8610,6.0920
483536.0720,0,3.2580,6.7980,6.1370
483586.0510,0,3.2200,6.7970,6.1400
483636.0280,0,3.2050,6.7750,6.1250
483686.0030,0,3.2600,6.8060,6.0890
483735.9790,0,3.1910,6.8120,6.1480
483785.9610,0,3.2360,6.8330,6.1240
483835.9360,0,3.2440,6.8180,6.1320
483885.9120,0,3.2040,6.8150,6.1510
483935.8910,0,3.2490,6.8740,6.1070
483985.8670,0,3.2540,6.8850,6.1390
484035.8460,0,3.2330,6.8980,6.1210
484085.8240,0,3.2520,6.8300,6.1360
484135.8020,0,3.2510,6.8250,6.1710
484185.7800,0,3.2620,6.8190,6.1080
484235.7570,0,3.2760,6.7530,6.1060
484285.7310,0,3.2110,6.7640,6.1230
484335.7130,0,3.2580,6.7580,6.1010
484385.6890,0,3.2670,6.7890,6.1030
484435.6670,0,3.2180,6.7720,6.1200
484485.6440,0,3.2410,6.7410,6.1480
484535.6240,0,3.2310,6.7340,6.1180
484585.5960,0,3.2190,6.7270,6.1240
484635.5780,0,3.2610,6.7320,6.1060
484685.5530,0,3.2150,6.7600,6.1200
484735.5320,0,3.2240,6.7970,6.0780
484785.5080,0,3.1930,6.7940,6.1340
484835.4890,0,3.2050,6.8060,6.1190
484885.4640,0,3.2320,6.8450,6.1450
484935.4380,0,3.2160,6.8380,6.1470
484985.4200,0,3.2440,6.7530,6.1270
485035.3940,0,3.1890,6.7740,6.1110
485085.3750,0,3.2340,6.7970,6.1280
485135.3520,0,3.2650,6.8190,6.1500
485185.3320,0,3.2130,6.8720,6.1180
485235.3060,0,3.2350,6.8370,6.1290
485285.2820,0,3.2460,6.8180,6.1400
485335.2640,0,3.2020,6.8050,6.1520
485385.2350,0,3.2550,6.8270,6.1160
485435.2140,0,3.2620,6.8390,6.1530
485485.1940,0,3.1960,6.8260,6.0970
485535.1690,0,3.2370,6.8040,6.0730
485585.1460,0,3.2660,6.7340,6.1100
485635.1240,0,3.2350,6.7830,6.0740
485685.1010,0,3.2610,6.8040,6.1220
485735.0800,0,3.2500,6.8110,6.1180
485785.0570,0,3.2290,6.7570,6.1390
485835.0390,0,3.2880,6.7910,6.1210
485885.0120,0,3.2830,6.8170,6.1390
485934.9880,0,3.2420,6.7870,6.0890
485984.9660,0,3.2160,6.7870,6.0950
486034.9460,0,3.2270,6.7410,6.0820
486084.9210,0,3.2620,6.7380,6.1160
486134.9050,0,3.2540,6.7550,6.1000
486184.8800,0,3.2650,6.7820,6.1570
486234.8580,0,3.2370,6.7930,6.1340
486284.8340,0,3.2320,6.7930,6.1460
486334.8110,0,3.2250,6.7950,6.1510
486384.7860,0,3.2310,6.8020,6.1020
486434.7650,0,3.2420,6.8050,6.1410
486484.7430,0,3.2420,6.7680,6.1240
486534.7190,0,3.2410,6.7570,6.0940
486584.6960,0,3.2400,6.7530,6.1100
486634.6780,0,3.2070,6.7750,6.1590
486684.6520,0,3.2370,6.8300,6.1140
486734.6350,0,3.2730,6.7860,6.1010
486784.6090,0,3.2200,6.8410,6.1280
486834.5840,0,3.2850,6.7680,6.1120
486884.5620,0,3.2430,6.7940,6.1490
486934.5420,0,3.2320,6.7870,6.1120
486984.5160,0,3.2540,6.7920,6.0920
487034.4980,0,3.2380,6.7550,6.0930
487084.4760,0,3.2160,6.7770,6.1040
487134.4510,0,3.2240,6.7580,6.1500
487184.4270,0,3.2700,6.7050,6.1450
487234.4090,0,3.1740,6.7290,6.1650
487284.3830,0,3.2560,6.7530,6.1110
487334.3640,0,3.2390,6.7610,6.1510
487384.3390,0,3.2700,6.7110,6.1220
487434.3150,0,3.2560,6.6950,6.1770
487484.2950,0,3.2590,6.6850,6.1630
487534.2690,0,3.2660,6.7180,6.1590
487584.2480,0,3.2430,6.7560,6.1360
487634.2260,0,3.2420,6.7140,6.1120
487684.2050,0,3.2100,6.7370,6.1520
487734.1840,0,3.1890,6.8220,6.1590
487784.1590,0,3.2350,6.8130,6.1750
487834.1370,0,3.2420,6.7980,6.1020
487884.1130,0,3.2370,6.7900,6.1250
487934.0930,0,3.2430,6.7840,6.1440
487984.0690,0,3.2140,6.8020,6.1040
488034.0500,0,3.2310,6.7740,6.1500
488084.0220,0,3.2540,6.8220,6.1030
488134.0010,0,3.2290,6.8250,6.1470
488183.9780,0,3.2580,6.7610,6.1050
488233.9560,0,3.2280,6.8290,6.1480
488283.9340,0,3.2140,6.8050,6.1240
488333.9110,0,3.2370,6.7780,6.0800
488383.8910,0,3.1910,6.7850,6.1070
488433.8660,0,3.2370,6.7590,6.1250
488483.8450,0,3.2270,6.7340,6.1660
488533.8190,0,3.2260,6.7460,6.1340
488583.7970,0,3.2440,6.7690,6.1180
488633.7770,0,3.2150,6.7590,6.1140
488683.7540,0,3.2280,6.7980,6.1290
488733.7310,1,3.2360,6.7970,6.1810
488783.7080,0,3.2140,6.8070,6.1730
488833.6850,2,3.2520,6.8230,6.1880
488883.6680,0,3.2810,6.7990,6.1010
488933.6450,1,3.2680,6.9310,6.1350
488983.6230,0,3.2380,6.9470,6.1100
489033.6010,2,3.2850,6.9400,6.1370
489083.5750,0,3.2580,6.9550,6.1380
489133.5540,1,3.2350,6.9640,6.1000
489183.5290,0,3.2360,6.9180,6.1130
489233.5050,2,3.2330,6.9000,6.1000
489283.4820,0,3.2390,6.8580,6.1450
489333.4630,1,3.2460,6.8990,6.1110
489383.4410,0,3.2220,6.8760,6.1300
489433.4180,2,3.2470,6.9370,6.1070
489483.3940,0,3.2360,6.9210,6.1150
489533.3750,1,3.1970,6.8670,6.0980
489583.3520,0,3.2270,6.8550,6.1110
489633.3310,2,3.2290,6.9000,6.1410
489683.3020,0,3.2590,6.8530,6.1280
489733.2850,1,3.2090,6.8380,6.1120
489783.2580,0,3.2120,6.8510,6.1340
489833.2400,2,3.2230,6.8060,6.1260
489883.2160,0,3.2180,6.8470,6.1220
489933.1900,1,3.2160,6.8160,6.1320
489983.1690,0,3.2290,6.7880,6.0940
490033.1460,2,3.2410,6.7440,6.0820
490083.1220,0,3.2690,6.7430,6.1440
490133.1010,1,3.2630,6.7880,6.1640
490183.0800,0,3.2380,6.8590,6.1610
490233.0580,2,3.2270,6.8070,6.1110
490283.0350,0,3.2080,6.7750,6.1490
490333.0120,1,3.2370,6.8070,6.1350
490382.9910,0,3.2510,6.8060,6.0790
490432.9670,2,3.2360,6.8400,6.1430
490482.9480,0,3.2710,6.8060,6.1290
490532.9250,1,3.2580,6.8990,6.1340
490582.9030,0,3.1780,6.8750,6.1360
490632.8740,2,3.2310,6.8070,6.1300
490682.8570,0,3.2020,6.8060,6.1380
490732.8300,1,3.2030,6.7900,6.1550
490782.8120,0,3.2380,6.7910,6.1150
490832.7890,2,3.2110,6.7770,6.1160
490882.7640,0,3.2450,6.7710,6.1290
490932.7400,1,3.2520,6.8010,6.0970
490982.7210,0,3.2030,6.8060,6.1320
491032.6950,2,3.2200,6.8530,6.1670
491082.6730,0,3.2800,6.8470,6.1080
491132.6550,1,3.2550,6.8470,6.1100
491182.6280,0,3.2420,6.8290,6.1500
491232.6090,2,3.2470,6.7890,6.1290
491282.5850,0,3.2160,6.8050,6.1240
491332.5600,1,3.2140,6.8000,6.1530
491382.5370,0,3.2480,6.8240,6.1370
491432.5180,2,3.2080,6.8350,6.1510
491482.4980,0,3.2320,6.8150,6.0670
491532.4710,1,3.2430,6.8260,6.1070
491582.4480,0,3.2220,6.8080,6.1640
491632.4280,2,3.2310,6.8340,6.0910
491682.4060,0,3.2220,6.7860,6.1200
491732.3840,1,3.1970,6.8080,6.1150
491782.3620,0,3.2550,6.7880,6.1480
491832.3350,2,3.2280,6.7820,6.0860
491882.3130,0,3.2050,6.7770,6.1590
491932.2950,1,3.2170,6.7840,6.1150
491982.2680,0,3.1950,6.7630,6.1410
492032.2510,2,3.1890,6.7030,6.1580
492082.2300,0,3.2640,6.7430,6.0750
492132.2050,1,3.2620,6.6870,6.1090
492182.1810,0,3.2110,6.7460,6.1470
492232.1600,2,3.2170,6.7520,6.1290
492282.1350,0,3.2200,6.7600,6.1170
492332.1130,1,3.2830,6.8340,6.1360
492382.0940,0,3.2270,6.7760,6.1400
492432.0740,2,3.2140,6.7860,6.1630
492482.0470,0,3.2280,6.7790,6.1100
492532.0250,1,3.2280,6.7280,6.1570
492582.0020,0,3.2200,6.8000,6.1020
492631.9830,2,3.2510,6.8130,6.1490
492681.9570,0,3.2540,6.8910,6.0830
492731.9390,1,3.2390,6.8460,6.1220
492781.9120,0,3.2410,6.9050,6.1120
492831.8950,2,3.2580,6.9000,6.1140
492881.8720,0,3.2300,6.9300,6.1880
492931.8450,1,3.2390,6.8940,6.1130
492981.8250,0,3.2590,6.8890,6.0860
493031.8010,2,3.2290,6.9040,6.1110
493081.7830,0,3.2440,6.8840,6.1290
493131.7570,1,3.2040,6.8870,6.1360
493181.7390,0,3.2160,6.8220,6.1480
493231.7120,2,3.2680,6.7800,6.1460
493281.6890,0,3.2500,6.8530,6.1320
493331.6690,1,3.2350,6.7980,6.0750
493381.6500,0,3.2590,6.7580,6.1730
493431.6260,2,3.2440,6.7930,6.0830
493481.6040,0,3.2330,6.7290,6.1380
493531.5810,1,3.2150,6.8250,6.1270
493581.5560,0,3.2230,6.8300,6.1310
493631.5380,2,3.2250,6.8710,6.1100
493681.5110,0,3.2540,6.8990,6.1210
493731.4950,1,3.2380,6.8180,6.1110
493781.4690,0,3.1850,6.8510,6.0920
493831.4460,2,3.2210,6.8420,6.1300
493881.4280,0,3.2010,6.7890,6.1270
493931.3840,1,3.2500,6.7970,6.0890
493981.3810,0,3.2390,6.7840,6.1040
494031.3590,2,3.2300,6.7650,6.1410
494081.3350,0,3.2400,6.7640,6.1110
494131.3150,0,3.2400,6.7430,6.1040
494181.2880,1,3.2120,6.7680,6.1270
494231.2660,2,3.2160,6.8240,6.1240
494281.2470,0,3.2450,6.7570,6.1220
494331.2230,1,3.2360,6.7410,6.1640
494381.2000,0,3.2190,6.7790,6.1500
494431.1830,2,3.2510,6.7530,6.0930
494481.1590,0,3.2430,6.7480,6.1260
494531.1360,0,3.2590,6.7810,6.1360
494581.1140,1,3.2160,6.7440,6.1360
494631.0930,2,3.2530,6.7870,6.1610
494681.0660,0,3.2480,6.7950,6.1600
494731.0480,1,3.1990,6.7790,6.1280
494781.0230,0,3.2650,6.8050,6.1370
494831.0030,2,3.2530,6.7790,6.1350
494880.9790,0,3.2800,6.8440,6.1440
494930.9600,0,3.2280,6.7410,6.1310
494980.9330,1,3.2340,6.7310,6.1070
495030.9100,2,3.2490,6.8220,6.1610
495080.8920,0,3.2210,6.7970,6.1110
495130.8660,1,3.2650,6.8080,6.1500
495180.8490,0,3.2290,6.7980,6.1570
495230.8210,0,3.2220,6.8120,6.1400
495280.7990,2,3.2150,6.8420,6.1290
495330.7800,0,3.2250,6.8120,6.1270
495380.7550,1,3.2920,6.8540,6.1200
495430.7320,2,3.2100,6.8020,6.0480
495480.7140,0,3.2670,6.7720,6.0790
495530.6930,1,3.2300,6.7730,6.1210
495580.6660,0,3.2400,6.8410,6.1110
495630.6440,0,3.2740,6.8700,6.1170
495680.6210,2,3.2240,6.8780,6.1730
495730.6040,0,3.2440,6.8370,6.1070
495780.5760,1,3.2470,6.8180,6.0930
495830.5570,2,3.2250,6.8400,6.1960
495880.5350,0,3.2260,6.8000,6.1090
495930.5140,1,3.2110,6.7710,6.1260
495980.4890,0,3.2280,6.7700,6.1230
496030.4660,0,3.2140,6.7870,6.1090
496080.4440,2,3.2190,6.8010,6.0970
496130.4210,0,3.2300,6.7870,6.0790
496180.4030,1,3.2390,6.7520,6.1380
496230.3820,2,3.2540,6.7130,6.1240
496280.3530,0,3.2380,6.7080,6.0890
496330.3330,1,3.2230,6.7260,6.1720
496380.3120,0,3.2370,6.7300,6.1340
496430.2930,0,3.2000,6.7310,6.1430
496480.2650,2,3.2460,6.7100,6.1150
496530.2460,0,3.2110,6.7680,6.1130
496580.2200,1,3.2280,6.7730,6.1240
496630.2030,2,3.2850,6.8260,6.1310
496680.1760,0,3.2190,6.8060,6.1180
496730.1580,1,3.2060,6.7360,6.0780
496780.1340,0,3.2650,6.7050,6.1340
496830.1090,0,3.2490,6.7660,6.1440
496880.0880,2,3.2140,6.7940,6.1350
496930.0690,0,3.2260,6.7300,6.1460
496980.0430,1,3.2710,6.7620,6.1320
497030.0220,2,3.2650,6.7370,6.1320
497080.0000,0,3.2340,6.7340,6.1010
497129.9760,1,3.2050,6.7230,6.1240
497179.9570,0,3.2210,6.7110,6.1270
497229.9300,0,3.2460,6.7460,6.1620
497279.9080,2,3.2110,6.7680,6.1330
497329.8850,1,3.2240,6.7950,6.1100
497379.8690,0,3.2350,6.7440,6.1590
497429.8430,2,3.2330,6.8280,6.1490
497479.8190,0,3.2380,6.8100,6.1380
497529.7970,0,3.2080,6.8420,6.1290
497579.7780,1,3.2390,6.8670,6.1440
497629.7530,0,3.2360,6.8820,6.1240
497679.7330,2,3.2440,6.8730,6.1070
497729.7120,1,3.2160,6.8180,6.1350
497779.6890,0,3.2170,6.8670,6.1250
497829.6680,2,3.2440,6.7850,6.1380
497879.6450,0,3.2310,6.8530,6.0710
497929.6210,0,3.2220,6.8130,6.1130
497979.5990,1,3.2100,6.8070,6.1470
498029.5770,0,3.2200,6.7710,6.1050
498079.5510,2,3.2350,6.7380,6.1440
498129.5300,0,3.2120,6.7440,6.0980
498179.5120,1,3.2430,6.7370,6.1320
498229.4900,2,3.2680,6.7170,6.1130
498279.4690,0,3.1980,6.8240,6.1170
498329.4420,0,3.2410,6.7800,6.1410
498379.4190,1,3.2330,6.7980,6.1480
498429.3970,0,3.2240,6.7750,6.1600
498479.3740,2,3.2630,6.7630,6.1330
498529.3570,1,3.2600,6.7690,6.1240
498579.3280,0,3.1730,6.7410,6.1500
498629.3100,2,3.2360,6.7530,6.0940
498679.2870,0,3.2110,6.7270,6.1510
498729.2620,0,3.2430,6.7050,6.1160
498779.2420,1,3.2490,6.7230,6.1600
498829.2240,0,3.2180,6.7370,6.1300
498879.1950,2,3.2690,6.7390,6.1530
498929.1790,1,3.2310,6.7350,6.1210
498979.1520,0,3.2500,6.7400,6.1020
499029.1350,0,3.1960,6.7310,6.1270
499079.1080,2,3.2470,6.6890,6.1320
499129.0850,0,3.2250,6.6920,6.1130
499179.0660,1,3.2850,6.7560,6.1340
499229.0460,0,3.2360,6.6900,6.0900
499279.0220,2,3.2360,6.7440,6.1160
499328.9980,1,3.2810,6.6790,6.1230
499378.9790,0,3.2470,6.7120,6.1400
499428.9530,0,3.2430,6.7410,6.1430
499478.9340,2,3.2320,6.7590,6.1280
499528.9070,0,3.2550,6.7840,6.0970
499578.8870,1,3.2210,6.6940,6.1400
499628.8630,0,3.2340,6.7450,6.1260
499678.8440,2,3.2520,6.7390,6.1270
499728.8190,1,3.2330,6.7330,6.0820
499778.7950,0,3.2210,6.7080,6.1050
499828.7780,0,3.2360,6.7320,6.1580
499878.7500,2,3.2470,6.7370,6.1670
499928.7330,0,3.2510,6.7510,6.1520
499978.7110,1,3.1840,6.7330,6.1050
500028.6880,0,3.2720,6.8060,6.1520
500078.6640,2,3.2760,6.8270,6.1220
500128.6430,1,3.2160,6.7780,6.1130
500178.6180,0,3.2410,6.8440,6.1400
500228.5960,0,3.2340,6.7910,6.1100
500278.5780,2,3.2520,6.7280,6.0780
500328.5500,0,3.2310,6.7300,6.1160
500378.5280,1,3.2400,6.7680,6.1500
500428.5070,0,3.2160,6.7370,6.1100
500478.4840,2,3.2370,6.7960,6.1720
500528.4620,0,3.1930,6.7860,6.1130
500578.4410,1,3.2360,6.7650,6.1390
500628.4160,0,3.2720,6.7570,6.1240
500678.3960,2,3.2520,6.7390,6.1340
500728.3750,0,3.2410,6.7650,6.1300
500778.3540,1,3.2490,6.7370,6.0820
500828.3270,0,3.2560,6.8150,6.1310
500878.3060,2,3.2150,6.7870,6.1360
500928.2820,0,3.2060,6.7760,6.1010
500978.2600,1,3.2400,6.8480,6.1100
501028.2400,0,3.2270,6.7580,6.0950
501078.2190,2,3.2720,6.8200,6.1640
501128.1940,0,3.2520,6.7620,6.1550
501178.1760,1,3.2590,6.7380,6.0700
501228.1500,0,3.2540,6.7220,6.0990
501278.1280,2,3.2050,6.7540,6.1240
501328.1050,0,3.1980,6.7410,6.1550
501378.0820,1,3.2310,6.7650,6.1360
501428.0630,0,3.2460,6.8220,6.1210
501478.0380,2,3.2210,6.7710,6.1230
501528.0210,0,3.2780,6.7880,6.1420
501577.9920,1,3.2390,6.8250,6.1200
501627.9730,0,3.2360,6.7210,6.1270
501677.9510,2,3.2580,6.7160,6.1320
501727.9320,0,3.2220,6.7050,6.0990
501777.9090,1,3.2780,6.6940,6.1290
501827.8820,0,3.2350,6.6730,6.1770
501877.8610,2,3.2600,6.7740,6.0990
501927.8420,0,3.2430,6.6980,6.1240
501977.8140,1,3.1880,6.6830,6.1260
502027.7960,0,3.2160,6.7180,6.1150
502077.7750,2,3.2060,6.7620,6.1480
502127.7530,0,3.2310,6.7300,6.1400
502177.7310,1,3.2350,6.7180,6.0870
502227.7050,0,3.2210,6.7680,6.1280
502277.6860,2,3.2410,6.7380,6.1520
502327.6590,0,3.2530,6.7210,6.1660
502377.6390,1,3.2400,6.7850,6.1920
502427.6150,0,3.2380,6.7750,6.1050
502477.5950,2,3.2280,6.7360,6.1280
502527.5730,0,3.2360,6.7720,6.1470
502577.5530,1,3.2490,6.8160,6.1430
502627.5260,0,3.2450,6.7120,6.1260
502677.5090,2,3.2310,6.6990,6.1110
502727.4820,0,3.2220,6.7550,6.1160
502777.4610,1,3.2400,6.6560,6.0710
502827.4410,0,3.2750,6.7400,6.1830
502877.4200,2,3.2210,6.6020,6.1040
502927.3960,0,3.2360,6.7500,6.1080
502977.3700,1,3.2400,6.7070,6.1370
503027.3460,0,3.2530,6.7170,6.1040
503077.3300,2,3.2140,6.6720,6.0750
503127.3020,0,3.2410,6.7350,6.1490
503177.2830,1,3.2250,6.7740,6.0990
503227.2590,0,3.2260,6.7840,6.1040
503277.2410,2,3.2400,6.7620,6.0870
503327.2140,0,3.2300,6.7920,6.0960
503377.1940,1,3.2290,6.7790,6.1320
503427.1710,0,3.1780,6.7590,6.1500
503477.1470,2,3.2290,6.7380,6.1550
503527.1280,0,3.2210,6.7910,6.1470
503577.1010,1,3.2190,6.7970,6.1110
503627.0810,0,3.2360,6.7940,6.1250
503677.0570,2,3.1870,6.8310,6.1090
503727.0370,0,3.1840,6.8440,6.1520
503777.0150,1,3.1930,6.8590,6.1140
503826.9970,0,3.1740,6.8910,6.1210
503876.9720,2,3.2510,6.8670,6.1260
503926.9490,0,3.2810,6.8570,6.1040
503976.9310,1,3.2550,6.7910,6.0920
504026.9110,0,3.2350,6.8770,6.1600
504076.8900,2,3.1990,6.8530,6.1180
504126.8620,0,3.2070,6.8710,6.1250
504176.8460,1,3.2180,6.8640,6.0900
504226.8210,0,3.1810,6.8970,6.1220
504276.7970,2,3.2050,6.8290,6.1250
504326.7810,0,3.2190,6.8150,6.1010
504376.7540,1,3.2050,6.8000,6.1480
504426.7390,0,3.1980,6.7820,6.1460
504476.7100,2,3.2140,6.8150,6.1340
504526.6890,0,3.2270,6.8110,6.1170
504576.6710,1,3.2280,6.7580,6.1450
504626.6510,0,3.2200,6.8180,6.0990
504676.6290,2,3.1940,6.8360,6.1520
504726.6080,0,3.1970,6.8080,6.1220
504776.5860,1,3.2070,6.8720,6.1390
504826.5650,0,3.2410,6.8820,6.1100
504876.5440,2,3.2250,6.8810,6.1160
504926.5220,0,3.3020,6.7890,6.1310
504976.4990,1,3.2100,6.8300,6.1030
505026.4740,0,3.2080,6.8040,6.1180
505076.4560,2,3.1840,6.8120,6.0830
505126.4340,0,3.2200,6.7720,6.1690
505176.4140,1,3.2250,6.8080,6.1260
505226.3880,0,3.2510,6.8030,6.0790
505276.3700,2,3.2100,6.8810,6.1340
505326.3440,0,3.2110,6.8310,6.1240
505376.3250,1,3.2170,6.8570,6.1090
505426.3050,0,3.2210,6.8270,6.1290
505476.2840,2,3.2130,6.8810,6.1090
505526.2620,0,3.1740,6.8310,6.1270
505576.2350,1,3.2010,6.8200,6.1360
505626.2190,0,3.2570,6.7550,6.1590
505676.1960,2,3.2200,6.7540,6.1450
505726.1740,0,3.2600,6.7870,6.1020
505776.1500,1,3.2570,6.7700,6.1230
505826.1300,0,3.2320,6.7580,6.1090
505876.1090,2,3.2010,6.7530,6.1390
505926.0850,0,3.2010,6.7820,6.0970
505976.0660,1,3.2860,6.7830,6.1540
506026.0450,0,3.2160,6.7910,6.1260
506076.0200,2,3.2950,6.7730,6.1120
506126.0030,0,3.2150,6.8150,6.0970
506175.9820,1,3.2320,6.7980,6.1370
506225.9560,0,3.2170,6.8160,6.0950
506275.9380,2,3.2200,6.7750,6.1120
506325.9170,0,3.2370,6.7950,6.1320
506375.8910,1,3.1940,6.7490,6.0990
506425.8680,0,3.2460,6.7190,6.1120
506475.8520,2,3.2290,6.7090,6.1230
506525.8320,0,3.2270,6.6760,6.0950
506575.8090,1,3.2090,6.7260,6.1170
506625.7830,0,3.2570,6.6990,6.1690
506675.7660,2,3.2470,6.7060,6.0970
506725.7430,0,3.2430,6.7130,6.1090
506775.7220,1,3.2550,6.7070,6.1220
506825.6980,0,3.2130,6.7160,6.1580
506875.6800,2,3.2460,6.7630,6.1090
506925.6550,0,3.2450,6.7320,6.1680
506975.6310,1,3.1880,6.7770,6.1490
507025.6090,0,3.2830,6.7010,6.1370
507075.5900,2,3.2480,6.7040,6.0900
507125.5690,0,3.2050,6.7160,6.1350
507175.5470,1,3.2780,6.7370,6.1420
507225.5260,0,3.2250,6.7410,6.1250
507275.5020,2,3.2330,6.6900,6.1010
507325.4800,0,3.2770,6.7440,6.1400
507375.4600,1,3.2300,6.7500,6.0930
507425.4370,0,3.2640,6.7740,6.1340
507475.4200,2,3.2530,6.7340,6.1290
507525.4000,0,3.2470,6.7220,6.1250
507575.3730,1,3.2580,6.7460,6.1160
507625.3540,0,3.1990,6.7410,6.1250
507675.3300,2,3.2440,6.7340,6.1170
507725.3100,0,3.2370,6.7520,6.1580
507775.2910,1,3.2530,6.8090,6.1390
507825.2640,0,3.2480,6.7290,6.1250
507875.2450,2,3.2260,6.7630,6.1230
507925.2230,0,3.1890,6.7070,6.0860
507975.2020,1,3.2290,6.7070,6.1170
508025.1790,0,3.2510,6.6790,6.1180
508075.1590,2,3.1870,6.7470,6.1000
508125.1350,0,3.2550,6.6850,6.1250
508175.1160,1,3.2320,6.6630,6.1130
508225.0910,0,3.2380,6.7060,6.1190
508275.0710,2,3.2110,6.7680,6.0720
508325.0540,0,3.2800,6.7640,6.0590
508375.0290,1,3.1860,6.7470,6.1740
508425.0110,0,3.2530,6.7530,6.1380
508474.9880,2,3.2310,6.7420,6.1810
508524.9640,0,3.2200,6.7390,6.1190
508574.9400,1,3.2200,6.7220,6.1630
508624.9240,0,3.2290,6.7720,6.1570
508674.8980,2,3.2470,6.8240,6.1250
508724.8810,0,3.2640,6.7640,6.1060
508774.8590,1,3.2520,6.7910,6.1070
508824.8360,0,3.2660,6.7690,6.0920
508874.8150,2,3.2460,6.7480,6.1560
508924.7930,0,3.2480,6.8000,6.1250
508974.7680,1,3.2310,6.7080,6.1250
509024.7460,0,3.1770,6.7010,6.0950
509074.7260,2,3.1950,6.7360,6.1410
509124.7090,0,3.2620,6.7650,6.1170
509174.6820,1,3.2530,6.7700,6.1640
509224.6590,0,3.2010,6.8050,6.1220
509274.6430,2,3.2300,6.8890,6.1110
509324.6220,0,3.2130,6.8730,6.1300
509374.5970,1,3.2330,6.9670,6.1400
509424.5790,0,3.1930,6.9600,6.1070
509474.5540,2,3.2080,6.9800,6.1150
509524.5330,0,3.2050,6.9240,6.1380
509574.5120,1,3.2630,6.9050,6.1210
509624.4890,0,3.2120,6.8890,6.1430
509674.4720,2,3.2260,6.8930,6.1510
509724.4450,0,3.2160,6.8560,6.1330
509774.4230,1,3.2340,6.8150,6.1100
509824.4070,0,3.2020,6.8550,6.0900
509874.3820,2,3.2160,6.8270,6.1290
509924.3570,0,3.2040,6.7860,6.1520
509974.3370,1,3.2440,6.7830,6.1200
510024.3140,0,3.2330,6.8620,6.1120
510074.2960,2,3.2130,6.8860,6.1100
510124.2740,0,3.2050,6.8180,6.1720
510174.2490,1,3.2050,6.8500,6.1060
510224.2320,0,3.2090,6.8410,6.1090
510274.2090,2,3.2270,6.8700,6.1280
510324.1860,0,3.2620,6.8370,6.1500
510374.1640,1,3.1980,6.8400,6.1040
510424.1440,0,3.2650,6.8310,6.1550
510474.1240,2,3.2000,6.8930,6.1310
510524.1030,0,3.2140,6.8070,6.1200
510574.0780,1,3.2240,6.8110,6.1250
510624.0590,0,3.2560,6.7570,6.0780
510674.0390,2,3.1910,6.7880,6.1360
510724.0180,0,3.2010,6.7960,6.1170
510773.9950,1,3.2090,6.7850,6.1180
510823.9720,0,3.2530,6.7500,6.1620
510873.9510,2,3.2580,6.7450,6.1240
510923.9270,0,3.2030,6.7870,6.1110
510973.9080,1,3.2240,6.7370,6.1320
511023.8840,0,3.2290,6.7350,6.1090
511073.8670,2,3.2840,6.7470,6.1570
511123.8390,0,3.2250,6.7390,6.1050
511173.8200,1,3.2320,6.6660,6.1260
511223.7970,0,3.1910,6.7300,6.1300
511273.7770,2,3.2150,6.6900,6.1620
511323.7550,0,3.2290,6.7040,6.1460
511373.7350,1,3.2400,6.6910,6.0900
511423.7150,0,3.2630,6.7240,6.1290
511473.6900,2,3.1990,6.6840,6.1080
511523.6720,0,3.2450,6.6840,6.1480
511573.6470,1,3.2490,6.7460,6.1120
511623.6260,0,3.2510,6.7570,6.1080
511673.6070,2,3.2270,6.7460,6.1330
511723.5870,0,3.2580,6.7580,6.1470
511773.5610,1,3.2330,6.6930,6.1470
511823.5410,0,3.2180,6.7240,6.1050
511873.5190,2,3.2310,6.7480,6.1360
511923.4970,0,3.2340,6.7570,6.0930
511973.4780,1,3.2060,6.7730,6.1510
512023.4520,0,3.1960,6.7780,6.1130
512073.4290,2,3.1820,6.7380,6.1730
512123.4100,0,3.2440,6.7180,6.2090
512173.3870,1,3.2330,6.7650,6.1010
512223.3650,0,3.2190,6.7200,6.1050
512273.3480,2,3.2540,6.7150,6.1010
512323.3250,0,3.2120,6.7170,6.1180
512373.3030,1,3.2140,6.7150,6.0740
512423.2780,0,3.2360,6.7600,6.0850
512473.2610,2,3.2410,6.7750,6.1390
512523.2400,0,3.2070,6.8050,6.1060
512573.2160,1,3.2340,6.7650,6.1760
512623.1980,0,3.2410,6.7860,6.1510
512673.1720,2,3.2210,6.7540,6.1300
512723.1500,0,3.2210,6.7370,6.1380
512773.1330,1,3.2270,6.7080,6.1650
512823.1090,0,3.2190,6.6740,6.1490
512873.0840,2,3.2130,6.7100,6.1620
512923.0670,0,3.2580,6.6980,6.1310
512973.0440,1,3.1950,6.7180,6.1590
513023.0200,0,3.2280,6.7100,6.1370
513073.0000,2,3.2600,6.7140,6.1180
513122.9820,0,3.2360,6.7300,6.1220
513172.9580,1,3.2140,6.7330,6.1480
513222.9330,0,3.2420,6.7790,6.1180
513272.9160,2,3.2180,6.7620,6.1490
513322.8920,0,3.2350,6.8090,6.1520
513372.8740,1,3.2080,6.8010,6.1460
513422.8530,0,3.2310,6.8040,6.1030
513472.8300,2,3.2210,6.8050,6.1520
513522.8090,0,3.1860,6.8360,6.1380
513572.7850,1,3.2540,6.8250,6.1250
513622.7650,0,3.2290,6.8060,6.1590
513672.7410,2,3.1950,6.8380,6.1110
513722.7200,0,3.2540,6.8290,6.1240
513772.6950,1,3.2390,6.7970,6.1300
513822.6790,0,3.2090,6.8260,6.1160
513872.6530,2,3.2430,6.8080,6.1340
513922.6340,0,3.2390,6.8270,6.1190
513972.6110,1,3.2280,6.7860,6.0970
514022.5920,0,3.1970,6.7220,6.0870
514072.5720,2,3.2460,6.7960,6.0790
514122.5470,0,3.2290,6.7530,6.1250
514172.5240,1,3.2310,6.8030,6.1650
514222.5050,0,3.2430,6.7370,6.1070
514272.4860,2,3.2060,6.7460,6.0950
514322.4640,0,3.2180,6.7900,6.1600
514372.4420,1,3.2020,6.7540,6.1380
514422.4160,0,3.2350,6.7480,6.1540
514472.3950,2,3.2370,6.7290,6.1450
514522.3780,0,3.2320,6.7590,6.1020
514572.3510,1,3.2550,6.7300,6.1760
514622.3330,0,3.2230,6.7360,6.1130
514672.3120,2,3.2470,6.7300,6.1070
514722.2870,0,3.2690,6.7470,6.1520
514772.2680,1,3.2290,6.7260,6.1910
514822.2440,0,3.2140,6.7860,6.0570
514872.2230,2,3.2250,6.8150,6.1540
514922.2030,0,3.2850,6.7510,6.1010
514972.1810,1,3.2360,6.7350,6.0990
515022.1560,0,3.2350,6.7640,6.1280
515072.1350,2,3.2250,6.7100,6.1010
515122.1140,0,3.2100,6.8120,6.1960
515172.0950,1,3.2440,6.8080,6.1290
515222.0700,0,3.1840,6.8020,6.1050
515272.0530,2,3.2370,6.7900,6.1150
515322.0290,0,3.2550,6.8010,6.1530
515372.0100,1,3.1900,6.8190,6.1130
515421.9860,0,3.2120,6.7660,6.1090
515471.9630,2,3.2250,6.7780,6.1080
515521.9410,0,3.2610,6.7260,6.0890
515571.9190,1,3.2480,6.7550,6.0960
515621.8990,0,3.2370,6.7500,6.1140
515671.8760,2,3.2350,6.7310,6.1460
515721.8550,0,3.2290,6.7620,6.1380
515771.8340,1,3.2360,6.7390,6.1080
515821.8130,0,3.2210,6.7210,6.0930
515871.7910,2,3.2250,6.7560,6.0870
515921.7680,0,3.2190,6.7440,6.1750
515971.7460,1,3.1940,6.7860,6.1460
516021.7240,0,3.2450,6.7530,6.1220
516071.7040,2,3.2310,6.7480,6.1230
516121.6780,0,3.2040,6.6760,6.1650
516171.6590,1,3.1600,6.7510,6.1360
516221.6360,0,3.2090,6.6670,6.1150
516271.6140,2,3.2330,6.7200,6.1100
516321.5930,0,3.2500,6.6820,6.1180
516371.5670,1,3.2400,6.6600,6.0980
516421.5460,0,3.2430,6.7070,6.1630
516471.5250,2,3.2080,6.7030,6.1200
516521.4990,0,3.2250,6.7150,6.0920
516571.4760,1,3.2360,6.6880,6.1650
516621.4580,0,3.2750,6.7020,6.1160
516671.4380,2,3.2250,6.7180,6.1260
516721.4130,0,3.2390,6.7670,6.1390
516771.3900,1,3.2340,6.6960,6.1330
516821.3700,0,3.2370,6.7460,6.1360
516871.3470,2,3.2550,6.7880,6.1370
516921.3260,0,3.2480,6.7260,6.0870
516971.3020,1,3.1950,6.6920,6.0870
517021.2800,0,3.2550,6.6900,6.1430
517071.2580,2,3.2300,6.7220,6.1400
517121.2370,0,3.1970,6.7340,6.0890
517171.2110,1,3.2180,6.6930,6.1090
517221.1890,0,3.2160,6.7370,6.0960
517271.1680,2,3.2570,6.7390,6.0930
517321.1460,0,3.2290,6.6780,6.1410
517371.1210,1,3.2110,6.6940,6.1160
517421.1010,0,3.2200,6.7300,6.1350
517471.0830,2,3.2080,6.7500,6.1400
517521.0550,0,3.2110,6.7380,6.1110
517571.0370,1,3.2570,6.7620,6.1160
517621.0120,0,3.1980,6.7670,6.1080
517670.9920,2,3.2660,6.7180,6.1520
517720.9660,0,3.2420,6.7380,6.1640
517770.9480,1,3.2210,6.7630,6.1330
517820.9210,0,3.2450,6.7740,6.1470
517870.9020,2,3.2330,6.7690,6.1370
517920.8800,0,3.2120,6.7140,6.1290
517970.8540,1,3.2270,6.7770,6.1300
518020.8340,0,3.2230,6.7250,6.1340
518070.8100,2,3.1920,6.7260,6.1170
518120.7930,0,3.2210,6.7590,6.1360
518170.7670,1,3.2280,6.7320,6.1520
518220.7490,0,3.2410,6.7060,6.1480
518270.7260,2,3.2010,6.6850,6.1480
518320.7010,0,3.2780,6.7120,6.1310
518370.6800,1,3.2090,6.7740,6.1420
518420.6560,0,3.2220,6.7500,6.1130
518470.6340,2,3.2500,6.7400,6.0980
518520.6160,0,3.2480,6.7710,6.1320
518570.5930,0,3.2090,6.8140,6.1190
518620.5690,1,3.2380,6.8220,6.1540
518670.5480,2,3.2360,6.8100,6.0630
518720.5210,0,3.2070,6.8170,6.1320
518770.4980,0,3.2170,6.7860,6.1380
518820.4790,0,3.2120,6.7300,6.1670
518870.4540,0,3.2070,6.7170,6.1430
518920.4360,0,3.2520,6.7640,6.1530
518970.4140,0,3.2500,6.7090,6.1260
519020.3900,0,3.2440,6.7680,6.1370
519070.3710,0,3.2350,6.7200,6.1110
519120.3490,0,3.2320,6.7620,6.1060
519170.3240,0,3.2410,6.7750,6.1470
519220.3010,0,3.2130,6.7830,6.0890
519270.2780,0,3.2390,6.8080,6.0860
519320.2590,0,3.2500,6.8000,6.1370
519370.2330,0,3.2150,6.8050,6.1430
519420.2100,0,3.2390,6.8320,6.1560
519470.1920,0,3.2310,6.7840,6.1130
519520.1670,0,3.2260,6.8150,6.1160
519570.1480,0,3.2390,6.7840,6.1670
519620.1220,0,3.2170,6.7870,6.1220
519670.0980,0,3.2380,6.8360,6.1350
519720.0810,0,3.2450,6.7950,6.1270
519770.0600,0,3.2040,6.7850,6.1180
519820.0370,0,3.2410,6.7990,6.0920
519870.0120,0,3.2240,6.7880,6.0890
519919.9890,0,3.2450,6.7290,6.1260
519969.9690,0,3.2530,6.7850,6.1400
520019.9420,0,3.2190,6.7460,6.1600
520069.9270,0,3.2110,6.8700,6.1120
520119.9040,0,3.2390,6.8440,6.1320
520169.8770,0,3.2450,6.7590,6.1300
520219.8560,0,3.2910,6.8230,6.1190
520269.8380,0,3.2370,6.7530,6.1230
520319.8110,0,3.2300,6.7740,6.1150
520369.7870,0,3.1850,6.8070,6.1180
520419.7650,0,3.2390,6.7910,6.1280
520469.7440,0,3.2460,6.8100,6.0860
520519.7220,0,3.2580,6.8270,6.0590
520569.7000,0,3.2010,6.7750,6.1240
520619.6780,0,3.2320,6.7240,6.1660
520669.6580,0,3.2540,6.7070,6.1250
520719.6370,0,3.1980,6.7660,6.1270
520769.6160,0,3.2320,6.7180,6.1420
520819.5920,0,3.2490,6.7880,6.1520
520869.5710,0,3.2270,6.7820,6.1020
520919.5450,0,3.2740,6.7510,6.1140
520969.5200,0,3.2280,6.7440,6.1250
521019.5040,0,3.2450,6.7190,6.1420
521069.4810,0,3.2640,6.7240,6.1020
521119.4540,0,3.2650,6.7400,6.1550
521169.4360,0,3.1960,6.7770,6.1250
521219.4110,0,3.2460,6.7590,6.1530
521269.3870,0,3.2150,6.7600,6.1180
521319.3660,0,3.2270,6.7200,6.1360
521369.3490,0,3.2100,6.7290,6.0780
521419.3240,0,3.2260,6.7830,6.1370
521469.3000,0,3.2760,6.6780,6.1150
521519.2760,0,3.2070,6.6930,6.1550
521569.2550,0,3.2340,6.7370,6.1240
521619.2330,0,3.2330,6.7300,6.1090
521669.2120,0,3.1910,6.7650,6.0960
521719.1930,0,3.2410,6.7170,6.0880
521769.1660,0,3.2330,6.7970,6.1210
521819.1490,0,3.2670,6.7380,6.1480
521869.1200,0,3.1650,6.7750,6.1470
521919.1020,0,3.2430,6.8030,6.1280
521969.0800,0,3.2410,6.7660,6.1070
522019.0540,0,3.1830,6.7500,6.0940
522069.0320,0,3.1970,6.7740,6.0980
522119.0140,0,3.2590,6.7790,6.1310
522168.9930,0,3.2420,6.8390,6.1560
522218.9690,0,3.2260,6.8530,6.1580
522268.9460,0,3.2630,6.8510,6.1030
522318.9250,0,3.1840,6.8690,6.1510
522368.9030,0,3.2290,6.9000,6.0830
522418.8770,0,3.2820,6.9440,6.1240
522468.8550,0,3.2360,6.9510,6.1180
522518.8320,0,3.1710,6.8820,6.1440
522568.8130,0,3.2010,6.8910,6.1040
522618.7870,0,3.2030,6.8910,6.1230
522668.7710,0,3.1640,6.9450,6.0990
522718.7470,0,3.2640,6.9900,6.1300
522768.7250,0,3.2150,6.9340,6.1740
522818.7040,0,3.2430,6.9530,6.0790
522868.6790,0,3.2350,6.8940,6.1470
522918.6570,0,3.2160,6.8980,6.0820
522968.6320,0,3.2210,6.8610,6.0630
523018.6120,0,3.2220,6.8850,6.1320
523068.5930,0,3.2060,6.9870,6.1420
523118.5680,0,3.1980,6.9620,6.1350
523168.5460,0,3.2090,6.9310,6.1230
523218.5230,0,3.2120,6.9330,6.0920
523268.5030,0,3.1950,6.9180,6.1460
523318.4810,0,3.2390,6.8880,6.0890
523368.4570,0,3.2330,6.9100,6.1320
523418.4360,0,3.2410,6.8630,6.1190
523468.4110,0,3.2210,6.8230,6.1210
523518.3910,0,3.2260,6.8500,6.1270
523568.3650,0,3.2630,6.8670,6.0910
523618.3440,0,3.2430,6.8320,6.1210
523668.3210,0,3.2000,6.8450,6.0780
523718.3010,0,3.2000,6.8180,6.1120
523768.2760,0,3.1780,6.8060,6.1380
523818.2570,0,3.2070,6.7620,6.1480
523868.2320,0,3.2020,6.7950,6.1380
523918.2120,0,3.2400,6.7470,6.1060
523968.1910,0,3.2090,6.7980,6.1000
524018.1670,0,3.2160,6.7920,6.1370
524068.1460,0,3.2420,6.8220,6.0710
524118.1260,0,3.2140,6.7550,6.1620
524168.1040,0,3.2180,6.7490,6.1230
524218.0800,0,3.2690,6.7540,6.1070
524268.0590,0,3.1670,6.7740,6.1560
524318.0330,0,3.2200,6.8340,6.1510
524368.0140,0,3.2180,6.7800,6.1050
524417.9880,0,3.2510,6.7840,6.1120
524467.9670,0,3.2630,6.8240,6.1340
524517.9430,0,3.2150,6.8620,6.1170
524567.9210,0,3.2230,6.7870,6.1220
524617.9010,0,3.1740,6.8380,6.1130
524667.8760,0,3.2570,6.8120,6.1220
524717.8570,0,3.1930,6.8600,6.1220
524767.8330,0,3.2430,6.8330,6.1080
524817.8090,0,3.1720,6.7850,6.1320
524867.7890,0,3.2280,6.8180,6.1030
524917.7700,0,3.2220,6.8190,6.1190
524967.7460,0,3.2160,6.8080,6.1080
525017.7200,0,3.2010,6.8170,6.0950
525067.7020,0,3.1960,6.7980,6.1160
525117.6790,0,3.2250,6.8430,6.1400
525167.6530,0,3.2350,6.7900,6.0970
525217.6310,0,3.1960,6.7700,6.1420
525267.6090,0,3.2250,6.7540,6.1220
525317.5890,0,3.2250,6.7310,6.0810
525367.5650,0,3.2170,6.7360,6.1020
525417.5420,0,3.2190,6.8030,6.1190
525467.5250,0,3.2040,6.8000,6.1280
525517.5000,0,3.2180,6.8220,6.1370
525567.4800,0,3.2130,6.8000,6.1230
525617.4580,0,3.1780,6.7680,6.1120
525667.4310,0,3.2030,6.7650,6.1140
525717.4140,0,3.2080,6.8090,6.0930
525767.3890,0,3.1950,6.7500,6.1030
525817.3670,0,3.2240,6.8240,6.1100
525867.3470,0,3.2480,6.7740,6.1240
525917.3200,0,3.2340,6.7680,6.0970
525967.3000,0,3.2080,6.7330,6.1270
526017.2770,0,3.2330,6.7250,6.1550
526067.2520,0,3.2600,6.7290,6.1410
526117.2320,0,3.1700,6.8040,6.0610
526167.2090,0,3.2230,6.7160,6.1010
526217.1920,0,3.2350,6.7510,6.1350
526267.1660,0,3.2390,6.7370,6.1090
526317.1440,0,3.2240,6.7970,6.1200
526367.1230,0,3.2310,6.7870,6.1360
526417.0980,0,3.2300,6.7740,6.1220
526467.0760,0,3.2040,6.7180,6.0940
526517.0530,0,3.2280,6.7880,6.1320
526567.0370,0,3.2740,6.7830,6.1190
526617.0110,0,3.2400,6.7530,6.1830
526666.9910,0,3.2260,6.7880,6.0950
526716.9670,0,3.2070,6.7580,6.1420
526766.9450,0,3.2040,6.8050,6.1290
526816.9200,0,3.2380,6.8340,6.1040
526866.8980,0,3.2590,6.8300,6.1260
526916.8760,0,3.1950,6.8220,6.1370
526966.8580,0,3.2080,6.8360,6.1350
527016.8370,0,3.2610,6.7770,6.1340
527066.8130,0,3.2060,6.8660,6.1150
527116.7890,0,3.2490,6.8200,6.0700
527166.7660,0,3.2080,6.8080,6.1480
527216.7480,0,3.1990,6.7780,6.1280
527266.7230,0,3.2150,6.7850,6.1150
527316.7020,0,3.2370,6.7350,6.0880
527366.6800,0,3.2370,6.7480,6.1230
527416.6570,0,3.2010,6.7760,6.1030
527466.6320,0,3.2310,6.7660,6.1150
527516.6110,0,3.2430,6.7490,6.0880
527566.5890,0,3.2570,6.7220,6.1400
527616.5680,0,3.2170,6.7300,6.1110
527666.5410,0,3.2210,6.7330,6.1730
527716.5230,0,3.1990,6.8030,6.1170
527766.5010,0,3.2500,6.7790,6.1050
527816.4750,0,3.2210,6.7750,6.1130
527866.4560,0,3.2530,6.7730,6.1240
527916.4280,0,3.2130,6.7800,6.1130
527966.4070,0,3.1940,6.7690,6.1670
528016.3830,0,3.2360,6.7830,6.1040
528066.3630,0,3.2070,6.7350,6.1470
528116.3390,0,3.2030,6.7780,6.1200
528166.3170,0,3.2130,6.7470,6.1140
528216.2970,0,3.2380,6.7320,6.0860
528266.2720,0,3.2220,6.7690,6.1100
528316.2510,0,3.2260,6.7100,6.1480
528366.2250,0,3.2370,6.7590,6.0830
528416.2040,0,3.2250,6.8030,6.1190
528466.1800,0,3.1940,6.7900,6.1310
528516.1570,0,3.2150,6.7930,6.0490
528566.1390,0,3.2090,6.7320,6.1260
528616.1130,0,3.1760,6.7570,6.1510
528666.0890,0,3.2270,6.7690,6.1290
528716.0680,0,3.2570,6.7260,6.1330
528766.0450,0,3.2400,6.7150,6.1450
528816.0260,0,3.2230,6.7660,6.1380
528865.9990,0,3.2300,6.7480,6.1080
528915.9790,0,3.2390,6.7900,6.1450
528965.9530,0,3.2250,6.7730,6.1320
529015.9340,0,3.2630,6.7660,6.1130
529065.9120,0,3.2460,6.7480,6.1200
529115.8880,0,3.2370,6.6850,6.1060
529165.8640,0,3.2650,6.7400,6.1260
529215.8400,0,3.2070,6.7810,6.0930
529265.8200,0,3.1980,6.7590,6.1170
529315.7980,0,3.1840,6.7160,6.1200
529365.7770,0,3.2060,6.7430,6.1120
529415.7540,0,3.2390,6.7410,6.0620
529465.7310,0,3.2930,6.7960,6.0970
529515.7040,0,3.2470,6.8050,6.1120
529565.6840,0,3.2200,6.8020,6.1490
529615.6620,0,3.2190,6.8240,6.1310
529665.6390,0,3.2180,6.8030,6.0840
529715.6130,0,3.2120,6.8220,6.1340
529765.5890,0,3.2210,6.8670,6.1530
529815.5710,0,3.2400,6.8460,6.1250
529865.5440,0,3.2460,6.8850,6.0930
529915.5280,0,3.1980,6.9300,6.1080
529965.5000,0,3.2270,6.8450,6.1280
530015.4790,0,3.2100,6.8710,6.1210
530065.4560,0,3.2090,6.8530,6.1410
530115.4330,0,3.1890,6.8310,6.0820
530165.4130,0,3.2100,6.7800,6.1100
530215.3860,0,3.2390,6.7790,6.1640
530265.3660,0,3.2190,6.8210,6.1400
530315.3420,0,3.2050,6.8710,6.1120
530365.3220,0,3.1950,6.8500,6.1440
530415.2990,0,3.2430,6.8140,6.1060
530465.2740,0,3.2310,6.8230,6.1360
530515.2540,0,3.2250,6.8420,6.1240
530565.2300,0,3.2070,6.8100,6.1030
530615.2100,0,3.2180,6.8440,6.1160
530665.1890,0,3.2070,6.8060,6.1330
530715.1620,0,3.2210,6.7780,6.0940
530765.1420,0,3.2060,6.8250,6.1610
530815.1140,0,3.2500,6.8280,6.1470
530865.0950,0,3.2110,6.8440,6.1130
530915.0700,0,3.2130,6.8160,6.1530
530965.0480,0,3.2400,6.8400,6.1090
531015.0280,0,3.2330,6.8370,6.1280
531065.0050,0,3.2060,6.7760,6.0950
531114.9830,0,3.1970,6.8570,6.0780
531164.9610,0,3.2160,6.8600,6.0940
531214.9370,0,3.2290,6.7830,6.1590
531264.9100,0,3.1980,6.7650,6.1110
531314.8920,0,3.2360,6.7640,6.1170
531364.8680,0,3.2320,6.7390,6.1120
531414.8420,0,3.1960,6.7680,6.1230
531464.8190,0,3.2210,6.7730,6.1040
531514.7960,0,3.2020,6.7660,6.1110
531564.7780,0,3.2230,6.7650,6.0960
531614.7560,0,3.2020,6.8360,6.1680
531664.7310,0,3.2570,6.7910,6.1270
531714.7100,0,3.2320,6.8010,6.1260
531764.6860,0,3.1730,6.8390,6.0800
531814.6630,0,3.2320,6.8760,6.0910
531864.6440,0,3.2540,6.8850,6.1540
531914.6190,0,3.2230,6.8500,6.1110
531964.5940,0,3.2410,6.8270,6.0890
532014.5700,0,3.1630,6.8080,6.1290
532064.5490,0,3.2480,6.7880,6.0880
532114.5270,0,3.2390,6.8120,6.1050
532164.5060,0,3.2290,6.8090,6.0990
532214.4840,0,3.2230,6.8260,6.1100
532264.4590,0,3.2160,6.7790,6.0990
532314.4390,0,3.2210,6.7660,6.1610
532364.4110,0,3.2210,6.7690,6.1350
532414.3910,0,3.1730,6.7540,6.1410
532464.3720,0,3.2090,6.7370,6.1270
532514.3480,0,3.2370,6.7050,6.1250
532564.3230,0,3.2130,6.7520,6.0740
532614.2980,0,3.2240,6.7890,6.1550
532664.2760,0,3.2220,6.7290,6.1130
532714.2520,0,3.2070,6.7100,6.1370
532764.2320,0,3.2300,6.7000,6.0920
532814.2120,0,3.1890,6.7620,6.0950
532864.1850,0,3.2110,6.7130,6.1600
532914.1670,0,3.1850,6.7120,6.1030
532964.1380,0,3.2240,6.7810,6.1120
533014.1180,0,3.1760,6.7390,6.1250
533064.0970,0,3.2440,6.7470,6.1410
533114.0710,0,3.2350,6.7050,6.1330
533164.0530,0,3.2490,6.7350,6.1440
533214.0260,0,3.2180,6.6780,6.1120
533264.0050,0,3.2500,6.6990,6.1580
533313.9820,0,3.2230,6.7300,6.1470
533363.9620,0,3.2220,6.8030,6.1220
533413.9390,0,3.2170,6.8010,6.1670
533463.9140,0,3.2180,6.8180,6.1290
533513.8900,0,3.2150,6.8010,6.1260
533563.8660,0,3.2130,6.8060,6.1280
533613.8430,0,3.2010,6.8110,6.0840
533663.8230,0,3.2270,6.8020,6.1420
533713.8030,0,3.1920,6.7860,6.1280
533763.7800,0,3.2680,6.7430,6.1590
533813.7570,0,3.2330,6.7780,6.1190
533863.7320,0,3.2710,6.7720,6.1460
533913.7090,0,3.1950,6.8340,6.1190
533963.6890,0,3.2140,6.7890,6.1170
534013.6640,0,3.2320,6.7150,6.1610
534063.6440,0,3.2070,6.7230,6.1310
534113.6210,0,3.2240,6.7290,6.0830
534163.5940,0,3.2190,6.7660,6.1150
534213.5770,0,3.2150,6.8040,6.1130
534263.5490,0,3.2010,6.7830,6.0980
534313.5280,0,3.2540,6.7700,6.0800
534363.5050,0,3.2240,6.7780,6.1490
534413.4860,0,3.1850,6.7570,6.0950
534463.4580,0,3.2280,6.7500,6.1360
534513.4370,0,3.2420,6.7590,6.1230
534563.4180,0,3.2490,6.7840,6.1110
534613.3910,0,3.2150,6.7600,6.1630
534663.3710,0,3.2690,6.6750,6.1050
534713.3470,0,3.2070,6.7090,6.1180
534763.3230,0,3.2510,6.7700,6.1360
534813.3020,0,3.2560,6.7450,6.1520
534863.2810,0,3.2330,6.7030,6.1200
534913.2580,0,3.2460,6.6990,6.1290
534963.2310,0,3.2130,6.6690,6.0970
535013.2140,0,3.2750,6.7120,6.1100
535063.1910,0,3.2420,6.7240,6.1360
535113.1640,0,3.2200,6.7630,6.1270
535163.1470,0,3.2330,6.7650,6.0880
535213.1190,0,3.2140,6.6910,6.1320
535263.0990,0,3.1960,6.7100,6.1380
535313.0770,0,3.2420,6.7250,6.1040
535363.0510,0,3.1940,6.7510,6.0800
535413.0290,0,3.2490,6.7320,6.0530
535463.0100,0,3.2290,6.7840,6.1130
535512.9820,0,3.2030,6.7610,6.0730
535562.9640,0,3.1970,6.7890,6.1240
535612.9370,0,3.2480,6.7390,6.1010
535662.9170,0,3.2410,6.7200,6.1060
535712.8910,0,3.2150,6.7510,6.1060
535762.8690,0,3.1900,6.7400,6.1440
535812.8460,0,3.2400,6.7390,6.1240
535862.8280,0,3.3030,6.7380,6.1130
535912.8060,0,3.1940,6.7370,6.1570
535962.7780,0,3.2220,6.7500,6.1130
536012.7600,0,3.1750,6.7590,6.1180
536062.7330,0,3.2560,6.7520,6.0770
536112.7140,0,3.1990,6.7690,6.0770
536162.6900,0,3.2080,6.7670,6.0950
536212.6700,0,3.2100,6.7430,6.1140
536262.6440,0,3.2420,6.7260,6.1240
536312.6200,0,3.2450,6.7810,6.1310
536362.5970,0,3.2090,6.7870,6.1100
536412.5790,0,3.2050,6.8420,6.0790
536462.5520,0,3.2410,6.8180,6.1430
536512.5340,0,3.2260,6.8120,6.1390
536562.5070,0,3.2650,6.7720,6.1390
536612.4840,0,3.2360,6.7850,6.1330
536662.4650,0,3.2210,6.7450,6.1390
536712.4410,0,3.2460,6.8060,6.0960
536762.4160,0,3.1910,6.8450,6.1030
536812.3930,0,3.2120,6.8510,6.0940
536862.3720,0,3.1970,6.8530,6.1060
536912.3460,0,3.2190,6.8790,6.1150
536962.3290,0,3.2450,6.8400,6.1680
537012.3050,0,3.2040,6.8470,6.1560
537062.2780,0,3.2120,6.8310,6.1350
537112.2560,0,3.1820,6.8760,6.1210
537162.2360,0,3.2230,6.8510,6.0950
537212.2130,0,3.2620,6.8590,6.0990
537262.1900,0,3.2230,6.8760,6.1230
537312.1680,0,3.2220,6.8420,6.1370
537362.1430,0,3.2080,6.8530,6.1300
537412.1240,0,3.2280,6.7780,6.1570
537462.1020,0,3.2150,6.7630,6.1270
537512.0800,0,3.1900,6.7930,6.1050
537562.0580,0,3.2000,6.8350,6.1270
537612.0340,0,3.1480,6.8320,6.1140
537662.0120,0,3.2040,6.8190,6.1160
537711.9860,0,3.1830,6.8170,6.1130
537761.9670,0,3.2330,6.8160,6.1090
537811.9440,0,3.1980,6.8040,6.1150
537861.9210,0,3.2050,6.7910,6.1190
537911.8970,0,3.2550,6.7710,6.0890
537961.8710,0,3.2470,6.7840,6.1320
538011.8490,0,3.1850,6.7760,6.1040
538061.8310,0,3.2060,6.7700,6.0960
538111.8070,0,3.2410,6.7500,6.1050
538161.7810,0,3.2020,6.7360,6.1260
538211.7610,0,3.2100,6.7610,6.1660
538261.7370,0,3.1930,6.7430,6.1400
538311.7120,0,3.1950,6.7330,6.1240
538361.6880,0,3.2110,6.7260,6.0880
538411.6660,0,3.2090,6.7420,6.0820
538461.6480,0,3.2140,6.7060,6.1440
538511.6260,0,3.2330,6.6930,6.1110
538561.6020,0,3.1890,6.7220,6.1320
538611.5750,0,3.1740,6.7110,6.1260
538661.5520,0,3.2550,6.7640,6.1360
538711.5350,0,3.1960,6.6990,6.0890
538761.5080,0,3.2220,6.6970,6.0810
538811.4910,0,3.1510,6.7260,6.1280
538861.4620,0,3.2380,6.6950,6.1190
538911.4450,0,3.2330,6.6960,6.1690
538961.4200,0,3.2410,6.7200,6.0950
539011.3990,0,3.2010,6.7210,6.0910
539061.3750,0,3.1990,6.7080,6.1260
539111.3510,0,3.2070,6.6840,6.0830
539161.3270,0,3.2230,6.7240,6.1380
539211.3030,0,3.2560,6.6970,6.1270
539261.2840,0,3.2380,6.7270,6.0910
539311.2580,0,3.2180,6.7330,6.1290
539361.2410,0,3.2350,6.6950,6.1150
539411.2160,0,3.2150,6.6980,6.1160
539461.1890,0,3.2080,6.7420,6.1640
539511.1710,0,3.2300,6.6490,6.1130
539561.1490,0,3.2000,6.7160,6.1080
539611.1260,0,3.2310,6.7210,6.1420
539661.0990,0,3.2650,6.6720,6.1310
539711.0790,0,3.2510,6.6720,6.1490
539761.0580,0,3.2340,6.6840,6.1010
539811.0350,0,3.1800,6.7000,6.1050
539861.0110,0,3.2100,6.7130,6.1490
539910.9960,0,3.2530,6.7210,6.1530
539960.9730,0,3.2420,6.7060,6.1220
540010.9530,0,3.2620,6.7200,6.1020
540060.9270,0,3.2310,6.7260,6.1340
540110.9070,0,3.2530,6.7300,6.1190
540160.8860,0,3.2140,6.6850,6.1220
540210.8630,0,3.2350,6.7480,6.1370
540260.8400,0,3.2690,6.7050,6.1070
540310.8230,0,3.2280,6.7890,6.1070
540360.7970,0,3.2440,6.8430,6.1200
540410.7790,0,3.2370,6.8370,6.1150
540460.7580,0,3.2170,6.8620,6.1230
540510.7360,0,3.2150,6.8400,6.1040
540560.7140,0,3.2300,6.7990,6.0950
540610.6910,0,3.2040,6.8520,6.1400
540660.6700,0,3.1710,6.8110,6.1540
540710.6470,0,3.2120,6.8270,6.1270
540760.6300,0,3.1880,6.8880,6.1550
540810.6080,0,3.2240,6.8030,6.1080
540860.5870,0,3.2380,6.7740,6.1030
540910.5660,0,3.2360,6.7520,6.1160
540960.5450,0,3.2120,6.7200,6.1570
541010.5200,0,3.1900,6.7490,6.1420
541060.5020,0,3.1960,6.7600,6.0730
541110.4790,0,3.2170,6.8230,6.1030
541160.4560,0,3.1790,6.8220,6.1410
541210.4340,0,3.1960,6.8200,6.0940
541260.4170,0,3.2220,6.8230,6.0890
541310.3940,0,3.2340,6.7330,6.1340
541360.3690,0,3.2200,6.7770,6.1000
541410.3480,0,3.2270,6.7680,6.0820
541460.3300,0,3.2290,6.7770,6.1270
541510.3090,0,3.2400,6.8100,6.1080
541560.2830,0,3.2080,6.8100,6.1130
541610.2620,0,3.2490,6.7360,6.1390
541660.2450,0,3.2090,6.7770,6.1050
541710.2230,0,3.2110,6.7300,6.1400
541760.2000,0,3.2230,6.7310,6.0940
541810.1800,0,3.2100,6.7440,6.1390
541860.1540,0,3.2390,6.7350,6.1170
541910.1310,0,3.2580,6.7160,6.1250
541960.1100,0,3.2630,6.7800,6.1000
542010.0950,0,3.2520,6.7370,6.1160
542060.0730,0,3.2010,6.7430,6.1530
542110.0520,0,3.2370,6.7460,6.0930
542160.0290,0,3.2330,6.7310,6.1370
542210.0030,0,3.2520,6.6970,6.1110
542259.9820,0,3.2160,6.7470,6.1150
542309.9650,0,3.2400,6.7760,6.1000
542359.9420,0,3.2380,6.7360,6.1310
542409.9200,0,3.2450,6.7370,6.0880
542459.8970,0,3.2810,6.7980,6.0480
542509.8750,0,3.2170,6.8250,6.0820
542559.8550,0,3.2520,6.8420,6.1030
542609.8320,0,3.2260,6.8490,6.0840
542659.8100,0,3.2170,6.8220,6.0950
542709.7940,0,3.2380,6.8700,6.1360
542759.7680,0,3.2290,6.7970,6.1290
542809.7490,0,3.2300,6.7710,6.1110
542859.7250,0,3.2020,6.7680,6.1300
542909.7020,0,3.2130,6.7610,6.0950
542959.6850,0,3.2770,6.7720,6.1330
543009.6610,0,3.2110,6.8250,6.1200
543059.6390,0,3.2620,6.8430,6.1110
543109.6190,0,3.1850,6.7860,6.0980
543159.5980,0,3.2430,6.7880,6.1250
543209.5750,0,3.2440,6.7920,6.1070
543259.5570,0,3.2240,6.7750,6.1460
543309.5320,0,3.2560,6.7710,6.1020
543359.5140,0,3.2030,6.8160,6.1120
543409.4910,0,3.2290,6.8210,6.1410
543459.4720,0,3.2360,6.8180,6.1140
543509.4490,0,3.2090,6.7700,6.1620
543559.4230,0,3.1830,6.7930,6.1370
543609.4080,0,3.2370,6.7510,6.1320
543659.3860,0,3.1860,6.8310,6.1160
543709.3650,0,3.2450,6.7910,6.1010
543759.3440,0,3.2330,6.8580,6.0920
543809.3200,0,3.2150,6.8330,6.0990
543859.2960,0,3.2490,6.8350,6.1470
543909.2790,0,3.1980,6.8570,6.1020
543959.2550,0,3.1730,6.8140,6.1390
544009.2330,0,3.2040,6.8430,6.1420
544059.2140,0,3.2200,6.8110,6.1210
544109.1880,0,3.2250,6.7890,6.0820
544159.1690,0,3.2570,6.7390,6.1570
544209.1480,0,3.1990,6.8150,6.1470
544259.1260,0,3.2070,6.7600,6.1190
544309.1010,0,3.2490,6.7740,6.1060
544359.0810,0,3.2660,6.8090,6.1210
544409.0610,0,3.1830,6.7960,6.1090
544459.0390,0,3.2390,6.8010,6.1240
544509.0160,0,3.2340,6.7270,6.1130
544558.9990,0,3.2330,6.7370,6.1220
544608.9770,0,3.1800,6.7460,6.0840
544658.9530,0,3.1880,6.7330,6.1190
544708.9350,0,3.1960,6.7380,6.1020
544758.9090,0,3.2400,6.7310,6.1150
544808.8930,0,3.1810,6.7280,6.1560
544858.8710,0,3.1840,6.6930,6.1190
544908.8480,0,3.2350,6.7380,6.1340
544958.8280,0,3.2010,6.7530,6.1160
545008.8010,0,3.2290,6.7720,6.1540
545058.7810,0,3.2400,6.7710,6.1460
545108.7630,0,3.1870,6.7530,6.1050
545158.7420,0,3.2330,6.7800,6.1210
545208.7190,0,3.2100,6.7590,6.1190
545258.6950,0,3.2060,6.7330,6.1070
545308.6760,0,3.2500,6.7710,6.1070
545358.6520,0,3.2270,6.7290,6.0840
545408.6300,0,3.2340,6.6970,6.1590
545458.6080,0,3.2530,6.7230,6.1240
545508.5860,0,3.2510,6.7130,6.1540
545558.5700,0,3.2160,6.7060,6.1010
545608.5490,0,3.2140,6.7080,6.1190
545658.5270,0,3.2030,6.7000,6.0530
545708.5060,0,3.2450,6.6830,6.1430
545758.4840,0,3.2420,6.6900,6.1220
545808.4600,0,3.2120,6.7150,6.0820
545858.4250,0,3.2320,6.6690,6.1500
545908.4200,0,3.2310,6.7300,6.1060
545958.3960,0,3.2450,6.7390,6.1390
546008.3760,0,3.2340,6.7180,6.1560
546058.3540,0,3.2130,6.7240,6.1070
546108.3340,0,3.2350,6.7210,6.1130
546158.3130,0,3.2490,6.7130,6.0810
546208.2910,0,3.2120,6.7120,6.1260
546258.2660,0,3.2510,6.7050,6.1610
546308.2440,0,3.2220,6.7060,6.0790
546358.2250,0,3.2300,6.7690,6.1140
546408.2000,0,3.2340,6.7350,6.0920
546458.1800,0,3.2050,6.7850,6.1380
546508.1620,0,3.1950,6.7770,6.1100
546558.1400,0,3.1960,6.6950,6.1260
546608.1180,0,3.1950,6.6820,6.1210
546658.0960,0,3.2130,6.7010,6.1280
546708.0760,0,3.2200,6.7020,6.0910
546758.0540,0,3.2240,6.7410,6.1400
546808.0330,0,3.1590,6.7130,6.1250
546858.0090,0,3.2470,6.7720,6.1340
546907.9870,0,3.2030,6.7800,6.1050
546957.9640,0,3.2150,6.7890,6.0910
547007.9490,0,3.2400,6.8240,6.1150
547057.9220,0,3.1980,6.7700,6.1280
547107.9010,0,3.2040,6.7790,6.1190
547157.8850,0,3.2150,6.7430,6.1280
547207.8630,0,3.2710,6.7620,6.1450
547257.8390,0,3.2200,6.7450,6.1350
547307.8140,0,3.2300,6.7210,6.1490
547357.7990,0,3.2500,6.7420,6.1310
547407.7770,0,3.2320,6.7330,6.1080
547457.7560,0,3.2560,6.7430,6.1320
547507.7320,0,3.1710,6.7020,6.0940
547557.7080,0,3.2220,6.7090,6.1590
547607.6910,0,3.2450,6.7660,6.0930
547657.6680,0,3.2260,6.7610,6.0900
547707.6450,0,3.2110,6.7230,6.1570
547757.6230,0,3.2260,6.7480,6.1060
547807.5990,0,3.2190,6.7300,6.1310
547857.5790,0,3.2430,6.7180,6.1390
547907.5600,0,3.2080,6.7340,6.1020
547957.5390,0,3.2470,6.7550,6.0860
548007.5160,0,3.2700,6.7890,6.1210
548057.4930,0,3.2250,6.7330,6.0890
548107.4770,0,3.2140,6.7620,6.1360
548157.4520,0,3.1860,6.7960,6.1120
548207.4320,0,3.2200,6.7600,6.1400
548257.4100,0,3.2230,6.7690,6.1150
548307.3880,0,3.2170,6.7290,6.1290
548357.3690,0,3.2550,6.7260,6.1350
548407.3450,0,3.2150,6.7510,6.1190
548457.3210,0,3.1880,6.7250,6.0890
548507.3050,0,3.1850,6.7420,6.0970
548557.2800,0,3.2240,6.7750,6.0940
548607.2580,0,3.2110,6.7690,6.0820
548657.2410,0,3.2640,6.7560,6.1100
548707.2140,0,3.1830,6.7110,6.1340
548757.1950,1,3.1850,6.8100,6.1410
548807.1740,0,3.1900,6.7790,6.1060
548857.1520,2,3.2090,6.8310,6.1250
548907.1310,0,3.2230,6.8280,6.1080
548957.1120,1,3.1810,6.8990,6.1010
549007.0920,0,3.2060,6.9380,6.0890
549057.0660,2,3.2410,6.9850,6.1540
549107.0490,0,3.1910,6.9460,6.1140
549157.0230,1,3.1910,6.9410,6.1350
549207.0060,0,3.2120,6.9790,6.1110
549256.9780,2,3.2400,6.9790,6.1040
549306.9620,0,3.2020,6.9850,6.1140
549356.9380,1,3.2140,6.9240,6.1320
549406.9150,0,3.2140,6.9370,6.1360
549456.8950,2,3.1870,6.9410,6.0650
549506.8740,0,3.1920,6.9090,6.1350
549556.8540,1,3.2440,6.9120,6.1190
549606.8340,0,3.1730,6.8930,6.1630
549656.8070,2,3.2450,6.8500,6.1480
549706.7910,0,3.2610,6.8780,6.0870
549756.7680,1,3.2130,6.8930,6.1290
549806.7420,0,3.2160,6.9160,6.0800
549856.7270,2,3.2150,6.8590,6.1430
549906.7060,0,3.2720,6.8500,6.1290
549956.6790,1,3.1910,6.9140,6.1250
550006.6610,0,3.2010,6.8550,6.1670
550056.6400,2,3.2320,6.8560,6.1290
550106.6140,0,3.2050,6.8960,6.1010
550156.5970,1,3.2290,6.8500,6.0980
550206.5730,0,3.2280,6.8030,6.1290
550256.5540,2,3.2050,6.8550,6.1330
550306.5300,0,3.2270,6.8360,6.1430
550356.5080,1,3.2400,6.8060,6.1040
550406.4900,0,3.2080,6.8650,6.1520
550456.4640,2,3.2330,6.8090,6.0790
550506.4420,0,3.1560,6.8600,6.0870
550556.4250,1,3.1990,6.8330,6.1460
550606.4040,0,3.2140,6.8250,6.1060
550656.3770,2,3.2020,6.8060,6.0760
550706.3620,0,3.1830,6.8320,6.1110
550756.3360,1,3.2050,6.8520,6.1410
550806.3180,0,3.2520,6.8200,6.1230
550856.2950,2,3.1900,6.7760,6.1660
550906.2740,0,3.2240,6.8150,6.1080
550956.2500,1,3.2090,6.8030,6.1330
551006.2340,0,3.2140,6.8230,6.0970
551056.2120,2,3.2110,6.8040,6.0870
551106.1890,0,3.1790,6.8050,6.0980
551156.1650,1,3.2380,6.8210,6.1200
551206.1440,0,3.1810,6.7870,6.1100
551256.1210,2,3.2250,6.8100,6.1210
551306.0990,0,3.2790,6.8030,6.1000
551356.0780,1,3.2190,6.7820,6.0710
551406.0590,0,3.1860,6.7780,6.1200
551456.0400,2,3.2190,6.7530,6.1030
551506.0190,0,3.2350,6.7320,6.1200
551555.9940,1,3.1810,6.7930,6.1210
551605.9720,0,3.2190,6.7230,6.1590
551655.9550,2,3.2250,6.7690,6.1060
551705.9330,0,3.1750,6.7520,6.1140
551755.9070,1,3.2410,6.7250,6.1210
551805.8820,0,3.2210,6.7480,6.1130
551855.8610,2,3.2010,6.7570,6.1350
551905.8410,0,3.2270,6.7410,6.1300
551955.8200,1,3.2200,6.7130,6.0950
552005.7960,0,3.2000,6.7690,6.1170
552055.7720,2,3.2180,6.7300,6.1280
552105.7520,0,3.2400,6.7650,6.1200
552155.7290,1,3.2010,6.7480,6.0930
552205.7040,0,3.2190,6.7880,6.1080
552255.6800,2,3.2080,6.7840,6.0680
552305.6590,0,3.2060,6.7600,6.0660
552355.6350,1,3.2240,6.7510,6.1060
552405.6180,0,3.2690,6.7670,6.0960
552455.5930,2,3.2000,6.7620,6.0720
552505.5680,0,3.2210,6.7280,6.1040
552555.5480,1,3.2480,6.7290,6.1360
552605.5240,0,3.2160,6.7080,6.1150
552655.5050,2,3.2260,6.7450,6.0970
552705.4780,0,3.2400,6.7670,6.0820
552755.4580,1,3.2710,6.7290,6.1440
552805.4340,0,3.2430,6.7430,6.1040
552855.4170,2,3.2060,6.7520,6.1290
552905.3930,0,3.2410,6.8020,6.1490
552955.3660,1,3.1900,6.7810,6.0710
553005.3420,0,3.2490,6.7870,6.1320
553055.3220,2,3.2030,6.8300,6.0930
553105.3030,0,3.2460,6.7500,6.1190
553155.2770,1,3.2500,6.7990,6.1160
553205.2560,0,3.2020,6.8420,6.1170
553255.2300,2,3.1850,6.8150,6.0930
553305.2130,0,3.2130,6.8320,6.1260
553355.1870,1,3.2020,6.7760,6.1020
553405.1680,0,3.1930,6.8130,6.1330
553455.1430,2,3.2070,6.8270,6.1250
553505.1180,0,3.2160,6.7600,6.0990
553555.0960,1,3.1870,6.9040,6.1150
553605.0730,0,3.2000,6.8500,6.1360
553655.0530,2,3.2160,6.7840,6.1280
553705.0290,0,3.1900,6.7670,6.1200
553755.0080,1,3.2480,6.7780,6.1670
553804.9890,0,3.2080,6.6770,6.1090
553854.9600,2,3.2090,6.7600,6.1280
553904.9380,0,3.2230,6.7770,6.0890
553954.9180,1,3.1890,6.7810,6.1380
554004.8990,0,3.2200,6.8520,6.0920
554054.8750,2,3.1980,6.7560,6.1280
554104.8510,0,3.2190,6.7590,6.1110
554154.8250,1,3.1820,6.7640,6.1480
554204.8050,0,3.2270,6.7900,6.1150
554254.7830,2,3.2060,6.7380,6.1120
554304.7580,0,3.2080,6.7200,6.1390
554354.7410,1,3.2460,6.7530,6.1570
554404.7170,0,3.2170,6.6980,6.1220
554454.6920,2,3.2330,6.7140,6.0700
554504.6730,0,3.2070,6.7390,6.1030
554554.6480,1,3.2130,6.7610,6.1020
554604.6280,0,3.2460,6.7420,6.0900
554654.6010,2,3.2100,6.6830,6.0820
554704.5830,0,3.1870,6.6870,6.1400
554754.5620,1,3.2220,6.7430,6.0790
554804.5330,0,3.2550,6.7410,6.1410
554854.5130,2,3.2310,6.7980,6.1540
554904.4920,0,3.2230,6.7910,6.1370
554954.4710,1,3.2250,6.7850,6.0930
555004.4460,0,3.2130,6.7880,6.1080
555054.4270,2,3.1980,6.8160,6.1360
555104.4030,0,3.2240,6.7560,6.1220
555154.3810,1,3.2300,6.7670,6.0730
555204.3550,0,3.2000,6.7450,6.1410
555254.3340,2,3.2010,6.7400,6.1110
555304.3130,0,3.2080,6.8090,6.1280
555354.2870,1,3.2030,6.8240,6.1200
555404.2680,0,3.2120,6.7880,6.1080
555454.2410,2,3.2310,6.7990,6.1680
555504.2190,0,3.2010,6.7650,6.1040
555554.2020,1,3.2140,6.8190,6.0940
555604.1790,0,3.2520,6.7940,6.1050
555654.1530,2,3.2120,6.8510,6.1050
555704.1340,0,3.2290,6.8580,6.1400
555754.1080,1,3.2120,6.7940,6.0950
555804.0840,0,3.2120,6.8200,6.1690
555854.0660,2,3.1900,6.8170,6.0870
555904.0410,0,3.2300,6.7890,6.1060
555954.0210,1,3.2150,6.8370,6.1530
556003.9980,0,3.2300,6.7980,6.1780
556053.9770,2,3.2090,6.7900,6.1360
556103.9550,0,3.2120,6.7390,6.0760
556153.9310,1,3.2070,6.8010,6.1090
556203.9100,0,3.2330,6.7880,6.1070
556253.8830,2,3.1990,6.8210,6.0960
556303.8630,0,3.2110,6.8750,6.1350
556353.8380,1,3.2300,6.7740,6.1230
556403.8150,0,3.2320,6.7680,6.0930
556453.7930,2,3.2550,6.8110,6.1350
556503.7690,0,3.2580,6.7480,6.1260
556553.7490,1,3.1700,6.7110,6.0950
556603.7300,0,3.2310,6.7120,6.1240
556653.7070,2,3.2230,6.7550,6.1360
556703.6800,0,3.2110,6.7630,6.1580
556753.6600,1,3.2140,6.6970,6.1600
556803.6360,0,3.2170,6.6890,6.1200
556853.6170,2,3.2230,6.7190,6.1300
556903.5930,0,3.2130,6.6920,6.1330
556953.5690,1,3.1930,6.7110,6.1290
557003.5480,0,3.2190,6.7460,6.1180
557053.5250,2,3.2090,6.7660,6.1400
557103.5050,0,3.2090,6.7420,6.1120
557153.4800,1,3.2170,6.7440,6.1320
557203.4540,0,3.2390,6.7010,6.1250
557253.4350,2,3.2110,6.6900,6.1060
557303.4150,0,3.2810,6.7200,6.0930
557353.3920,1,3.2020,6.7120,6.1320
557403.3660,0,3.2520,6.7520,6.1410
557453.3470,2,3.2160,6.7240,6.0920
557503.3220,0,3.1920,6.8100,6.0790
557553.3030,1,3.2320,6.7550,6.1450
557603.2770,0,3.2160,6.8000,6.0980
557653.2560,2,3.2220,6.8100,6.0940
557703.2310,0,3.1860,6.7480,6.1200
557753.2070,1,3.2320,6.8740,6.1050
557803.1850,0,3.2470,6.8530,6.0670
557853.1680,2,3.2530,6.8540,6.1350
557903.1430,0,3.2350,6.8830,6.0930
557953.1180,1,3.2560,6.8280,6.1410
558003.0990,0,3.2030,6.8410,6.1270
558053.0710,2,3.2380,6.8300,6.1110
558103.0520,0,3.2260,6.8370,6.0940
558153.0300,1,3.2200,6.8240,6.1330
558203.0100,0,3.2280,6.7830,6.1520
558252.9850,2,3.2310,6.7550,6.1050
558302.9650,0,3.2500,6.7050,6.1210
558352.9390,1,3.2260,6.7670,6.1170
558402.9160,0,3.1930,6.7450,6.1380
558452.8930,2,3.2400,6.7570,6.0900
558502.8690,0,3.2200,6.7320,6.1650
558552.8480,1,3.2630,6.7190,6.1240
558602.8300,0,3.2040,6.7460,6.0950
558652.8020,2,3.2030,6.7270,6.0990
558702.7840,0,3.2080,6.7430,6.1200
558752.7600,1,3.2160,6.7430,6.1270
558802.7370,0,3.1970,6.7480,6.1060
558852.7130,2,3.2160,6.7820,6.1040
558902.6960,0,3.2000,6.7750,6.0930
558952.6730,1,3.1860,6.7100,6.0790
559002.6470,0,3.2160,6.6750,6.1060
559052.6240,2,3.2280,6.6960,6.1250
559102.6000,0,3.2200,6.7290,6.1170
559152.5820,1,3.1960,6.7060,6.1030
559202.5590,0,3.2110,6.7220,6.0800
559252.5320,2,3.2390,6.7870,6.0820
559302.5110,0,3.2160,6.7150,6.1440
559352.4920,1,3.2290,6.7730,6.0890
559402.4690,0,3.1930,6.7830,6.1010
559452.4450,2,3.2140,6.7700,6.1080
559502.4200,0,3.2380,6.7830,6.1240
559552.4020,1,3.2380,6.8170,6.1280
559602.3760,0,3.2560,6.8000,6.1520
559652.3540,2,3.2010,6.8420,6.1150
559702.3350,0,3.1790,6.7950,6.1210
559752.3120,1,3.2350,6.7530,6.0930
559802.2840,0,3.2270,6.8040,6.0970
559852.2670,2,3.2220,6.7880,6.1290
559902.2410,0,3.2320,6.8020,6.1000
559952.2190,1,3.2270,6.7620,6.0940
560002.1990,0,3.2380,6.7630,6.1130
560052.1720,2,3.2410,6.7310,6.1240
560102.1500,0,3.2000,6.7060,6.1360
560152.1280,1,3.1730,6.7540,6.1340
560202.1070,0,3.2130,6.7170,6.1060
560252.0850,2,3.1860,6.7320,6.0960
560302.0600,0,3.1900,6.6810,6.1150
560352.0420,1,3.1770,6.7540,6.0890
560402.0170,0,3.2210,6.7190,6.1170
560451.9970,2,3.2260,6.6890,6.0840
560501.9700,0,3.1980,6.7510,6.0960
560551.9510,1,3.2270,6.7240,6.1200
560601.9290,0,3.2210,6.6820,6.1340
560651.9030,2,3.2320,6.6710,6.1110
560701.8840,0,3.2120,6.7590,6.1400
560751.8590,1,3.2120,6.7470,6.1190
560801.8400,0,3.2140,6.7450,6.1040
560851.8150,2,3.2160,6.6860,6.1170
560901.7940,0,3.2290,6.7080,6.1170
560951.7730,1,3.1890,6.7180,6.1250
561001.7460,0,3.2650,6.6960,6.1100
561051.7270,2,3.2460,6.6930,6.1300
561101.7050,0,3.2460,6.6930,6.1160
561151.6790,1,3.2470,6.7060,6.1440
561201.6580,0,3.1980,6.7350,6.1150
561251.6350,2,3.2340,6.7530,6.0910
561301.6160,0,3.1950,6.7420,6.1290
561351.5900,1,3.2150,6.7740,6.1100
561401.5710,0,3.2350,6.7880,6.1110
561451.5460,2,3.2270,6.7510,6.1350
561501.5260,0,3.2090,6.7810,6.1240
561551.5000,1,3.1940,6.7920,6.1210
561601.4750,0,3.2440,6.7510,6.0890
561651.4580,2,3.2330,6.7740,6.1020
561701.4310,0,3.1670,6.7740,6.1240
561751.4110,1,3.2230,6.8010,6.0940
561801.3870,0,3.2550,6.8100,6.1440
561851.3640,2,3.2250,6.8080,6.1200
561901.3390,0,3.2230,6.8330,6.0890
561951.3220,1,3.1940,6.8520,6.0960
562001.2950,0,3.2200,6.8630,6.1180
562051.2780,2,3.2180,6.8030,6.1150
562101.2550,0,3.2250,6.8280,6.0670
562151.2300,1,3.2150,6.7930,6.0830
562201.2040,0,3.2070,6.7690,6.0800
562251.1840,2,3.2180,6.7720,6.1390
562301.1590,0,3.2340,6.7370,6.0780
562351.1410,1,3.2450,6.8010,6.0800
562401.1170,0,3.2110,6.8100,6.0820
562451.0940,2,3.2340,6.7740,6.1230
562501.0720,0,3.1980,6.7690,6.1240
562551.0490,1,3.2290,6.7950,6.1050
562601.0280,0,3.2260,6.8050,6.1120
562651.0070,2,3.2280,6.7450,6.1280
562700.9830,0,3.2120,6.7750,6.1060
562750.9600,1,3.2390,6.7480,6.1190
562800.9400,0,3.2390,6.8170,6.1500
562850.9150,2,3.1730,6.8100,6.1550
562900.8930,0,3.1760,6.8040,6.1160
562950.8730,1,3.2360,6.7790,6.1200
563000.8460,0,3.2290,6.7510,6.1300
563050.8250,2,3.2320,6.7790,6.1200
563100.8060,0,3.1640,6.7220,6.1340
563150.7780,1,3.2220,6.7190,6.0860
563200.7610,0,3.1890,6.8080,6.1070
563250.7370,2,3.2070,6.7480,6.1160
563300.7130,0,3.2030,6.7330,6.1050
563350.6870,1,3.2310,6.7420,6.1300
563400.6690,0,3.2780,6.7460,6.1210
563450.6430,2,3.2070,6.7170,6.1330
563500.6230,0,3.2380,6.7540,6.1530
563550.5980,1,3.2140,6.7310,6.0880
563600.5770,0,3.2330,6.6930,6.1700
563650.5560,2,3.2270,6.7350,6.1310
563700.5350,0,3.2090,6.7530,6.1300
563750.5080,1,3.2100,6.7510,6.1490
563800.4860,0,3.2200,6.7400,6.1020
563850.4680,2,3.2090,6.7040,6.1060
563900.4490,0,3.2170,6.7330,6.1510
563950.4260,1,3.2380,6.7190,6.1250
564000.4050,0,3.1860,6.7000,6.0930
564050.3800,2,3.2170,6.7230,6.1190
564100.3610,0,3.2210,6.7180,6.0890
564150.3340,1,3.1770,6.6790,6.1190
564200.3140,0,3.2260,6.7510,6.1170
564250.2910,2,3.2150,6.7710,6.1560
564300.2680,0,3.2190,6.7510,6.0550
564350.2510,1,3.2580,6.7730,6.1370
564400.2280,0,3.2260,6.7730,6.1500
564450.2050,2,3.1960,6.7470,6.1230
564500.1840,0,3.2320,6.7600,6.0770
564550.1650,1,3.1970,6.6980,6.1480
564600.1380,0,3.2330,6.7280,6.1200
564650.1180,2,3.2020,6.7540,6.1190
564700.1000,0,3.2080,6.7690,6.1170
564750.0760,1,3.1970,6.7780,6.1080
564800.0570,0,3.2100,6.8410,6.1080
564850.0340,2,3.2830,6.7690,6.1220
564900.0080,0,3.2100,6.7740,6.1330
564949.9890,1,3.2200,6.7530,6.1470
564999.9690,0,3.1780,6.7300,6.0860
565049.9420,2,3.1800,6.6970,6.1160
565099.9220,0,3.1980,6.7220,6.1530
565149.9040,1,3.2310,6.7010,6.1000
565199.8790,0,3.1810,6.7190,6.1380
565249.8600,2,3.2610,6.6770,6.0970
565299.8330,0,3.2110,6.6650,6.1410
565349.8170,1,3.2400,6.6760,6.1310
565399.7900,0,3.2390,6.7410,6.1290
565449.7680,0,3.2190,6.6620,6.1070
565499.7470,2,3.2390,6.6990,6.1260
565549.7260,1,3.2050,6.6620,6.1440
565599.7090,0,3.2110,6.7020,6.0790
565649.6870,2,3.2000,6.6710,6.1460
565699.6640,0,3.2340,6.6680,6.0910
565749.6410,1,3.2000,6.7150,6.0920
565799.6190,0,3.2250,6.7420,6.1340
565849.6000,2,3.2120,6.6840,6.1710
565899.5750,0,3.2440,6.7520,6.1230
565949.5550,1,3.2200,6.7250,6.1030
565999.5310,0,3.2410,6.8310,6.1200
566049.5110,2,3.2150,6.6830,6.1150
566099.4900,0,3.1910,6.7670,6.1230
566149.4700,1,3.2200,6.7630,6.1090
566199.4450,0,3.2230,6.7480,6.1230
566249.4240,0,3.2400,6.7160,6.1550
566299.3990,2,3.2040,6.7290,6.0950
566349.3830,1,3.2310,6.6890,6.1630
566399.3600,0,3.2500,6.6930,6.1220
566449.3380,2,3.2080,6.7330,6.1270
566499.3150,0,3.2070,6.6980,6.1250
566549.2900,1,3.2610,6.6890,6.0940
566599.2680,0,3.2130,6.7470,6.1020
566649.2480,0,3.2720,6.7010,6.1160
566699.2260,2,3.2210,6.6810,6.1380
566749.2060,1,3.2680,6.6890,6.1030
566799.1850,0,3.2630,6.7180,6.0640
566849.1600,2,3.1960,6.6950,6.0900
566899.1390,0,3.2230,6.6850,6.1150
566949.1180,0,3.2160,6.7100,6.1230
566999.0950,1,3.1850,6.6800,6.0650
567049.0760,2,3.2210,6.7110,6.0930
567099.0530,0,3.2480,6.7160,6.1490
567149.0280,1,3.2220,6.7040,6.1070
567199.0110,0,3.2110,6.7130,6.1120
567248.9860,2,3.2270,6.7570,6.1180
567298.9640,0,3.2160,6.7350,6.1340
567348.9430,0,3.2580,6.7150,6.0890
567398.9230,1,3.2280,6.7310,6.1040
567448.9030,2,3.2100,6.6830,6.1090
567498.8800,0,3.2410,6.6930,6.0790
567548.8550,1,3.1960,6.6790,6.1100
567598.8340,0,3.2320,6.7210,6.1070
567648.8130,2,3.2350,6.7100,6.1310
567698.7920,0,3.2470,6.7040,6.1330
567748.7680,0,3.2530,6.6920,6.1340
567798.7460,1,3.2010,6.6950,6.1200
567848.7260,2,3.1800,6.6940,6.1320
567898.7050,0,3.2180,6.7160,6.1430
567948.6860,1,3.2000,6.6780,6.1020
567998.6640,0,3.2490,6.6900,6.1170
568048.6380,2,3.1930,6.6630,6.1440
568098.6150,0,3.2230,6.6930,6.1140
568148.5950,0,3.1860,6.6820,6.1090
568198.5750,1,3.2100,6.7070,6.1280
568248.5510,2,3.2730,6.6880,6.0600
568298.5310,0,3.2330,6.7540,6.1000
568348.5080,1,3.2230,6.6700,6.1040
568398.4890,0,3.2570,6.6960,6.1120
568448.4620,0,3.1970,6.6900,6.0870
568498.4410,2,3.2050,6.6830,6.0770
568548.4210,0,3.2670,6.7250,6.1660
568598.4000,1,3.2150,6.7020,6.1440
568648.3770,2,3.2110,6.7030,6.0980
568698.3570,0,3.2170,6.6950,6.1510
568748.3350,1,3.2550,6.6520,6.1030
568798.3120,0,3.2260,6.7330,6.0850
568848.2930,0,3.2100,6.7100,6.1350
568898.2670,2,3.2090,6.7100,6.1040
568948.2460,0,3.2250,6.6750,6.1330
568998.2230,1,3.2150,6.6690,6.1130
569048.2040,2,3.2120,6.6780,6.1330
569098.1830,0,3.2550,6.6620,6.1080
569148.1590,1,3.2530,6.7570,6.1200
569198.1400,0,3.2480,6.6460,6.1340
569248.1180,0,3.2210,6.7240,6.1450
569298.0940,2,3.2370,6.7230,6.1190
569348.0740,0,3.2130,6.7440,6.1330
569398.0530,1,3.2440,6.6520,6.1400
569448.0270,2,3.1780,6.7080,6.1100
569498.0060,0,3.2520,6.6850,6.1070
569547.9850,1,3.2340,6.7140,6.1320
569597.9680,0,3.2430,6.7140,6.1410
569647.9440,0,3.2220,6.7180,6.1150
569697.9180,2,3.2440,6.8060,6.0950
569747.8990,0,3.2120,6.8400,6.0940
569797.8780,1,3.2120,6.9120,6.1530
569847.8550,2,3.2310,6.9010,6.1270
569897.8320,0,3.2160,6.9450,6.1000
569947.8140,0,3.2220,6.9330,6.1090
569997.7940,1,3.2160,6.9250,6.1400
570047.7690,0,3.2090,6.9430,6.1310
570097.7470,2,3.1760,7.0110,6.1100
570147.7240,0,3.1630,7.0210,6.1150
570197.7010,1,3.2200,7.0010,6.1490
570247.6820,2,3.1880,7.0150,6.1220
570297.6610,0,3.2450,6.9450,6.1350
570347.6380,0,3.2340,6.9410,6.0830
570397.6140,1,3.2140,6.9510,6.1520
570447.5920,0,3.1850,6.9550,6.0780
570497.5770,2,3.2110,6.9210,6.1210
570547.5550,0,3.2070,6.8210,6.1250
570597.5300,1,3.1890,6.8500,6.1370
570647.5090,2,3.2280,6.8160,6.1050
570697.4890,0,3.2160,6.8280,6.0500
570747.4650,0,3.2280,6.8580,6.1210
570797.4440,1,3.1840,6.8430,6.1100
570847.4200,0,3.2090,6.8770,6.1510
570897.3990,2,3.2240,6.8410,6.0900
570947.3750,0,3.2680,6.8390,6.0920
570997.3550,1,3.1910,6.8130,6.1350
571047.3350,2,3.1670,6.7730,6.1030
571097.3090,0,3.2410,6.8000,6.1510
571147.2930,0,3.1920,6.7970,6.0930
571197.2700,1,3.2010,6.8050,6.1170
571247.2440,0,3.2220,6.7750,6.1220
571297.2240,2,3.2040,6.7780,6.1150
571347.2020,0,3.2250,6.8340,6.1100
571397.1810,1,3.2190,6.8040,6.1550
571447.1630,0,3.2090,6.7660,6.1080
571497.1420,2,3.1760,6.7880,6.1250
571547.1020,0,3.2170,6.7880,6.1320
571597.0930,1,3.2020,6.8330,6.0740
571647.0740,0,3.1470,6.8010,6.1280
571697.0490,2,3.1690,6.7900,6.0960
571747.0300,0,3.1850,6.7520,6.1020
571797.0090,1,3.1920,6.7530,6.1300
571846.9870,0,3.2120,6.8150,6.0950
571896.9650,2,3.2040,6.8280,6.0900
571946.9400,0,3.1740,6.7800,6.1270
571996.9250,1,3.1830,6.8390,6.1210
572046.9000,0,3.2080,6.7680,6.1320
572096.8800,2,3.2150,6.8280,6.1140
572146.8540,0,3.2170,6.8010,6.1010
572196.8370,1,3.2360,6.8680,6.1370
572246.8150,0,3.2290,6.9160,6.1090
572296.7890,2,3.2310,6.8900,6.1280
572346.7700,0,3.2130,6.9410,6.1090
572396.7480,1,3.2060,6.9460,6.1320
572446.7220,0,3.1620,6.9500,6.1310
572496.7030,2,3.2060,6.9930,6.1270
572546.6840,0,3.2190,7.0290,6.1600
572596.6620,1,3.1860,7.0150,6.1280
572646.6400,0,3.1420,6.9720,6.0880
572696.6200,2,3.1730,6.9980,6.0850
572746.5970,0,3.2020,7.0240,6.1470
572796.5710,1,3.1900,7.0010,6.0910
572846.5520,0,3.1940,7.0040,6.1300
572896.5270,2,3.1700,6.9880,6.1130
572946.5090,0,3.1850,6.9740,6.1410
572996.4840,1,3.1840,6.9800,6.1070
573046.4660,0,3.2100,6.9540,6.1620
573096.4390,2,3.1830,6.9380,6.1060
573146.4180,0,3.1890,6.9240,6.1290
573196.4020,1,3.2190,6.9760,6.1170
573246.3770,0,3.2370,6.9370,6.1270
573296.3560,2,3.2220,6.9620,6.1190
573346.3310,0,3.2030,6.8750,6.0910
573396.3110,1,3.2090,6.8710,6.1050
573446.2910,0,3.1910,6.9000,6.0930
573496.2650,2,3.1440,6.8880,6.1200
573546.2470,0,3.1760,6.8730,6.1250
573596.2250,1,3.1880,6.8370,6.0950
573646.2060,0,3.2380,6.7880,6.1630
573696.1840,2,3.2120,6.8550,6.1110
573746.1630,0,3.1660,6.8540,6.1140
573796.1370,1,3.1600,6.8170,6.1260
573846.1170,0,3.1980,6.8490,6.1350
573896.0980,2,3.2130,6.8300,6.1070
573946.0710,0,3.1720,6.8760,6.0840
573996.0520,1,3.2150,6.8870,6.0830
574046.0260,0,3.1980,6.8580,6.0890
574096.0060,2,3.2090,6.8390,6.1280
574145.9830,0,3.2330,6.8480,6.0860
574195.9650,1,3.2100,6.9110,6.1010
574245.9440,0,3.2240,6.8600,6.1300
574295.9190,2,3.2040,6.8430,6.1290
574345.8970,0,3.2400,6.8320,6.1210
574395.8740,1,3.2080,6.8440,6.0890
574445.8530,0,3.1860,6.8740,6.1090
574495.8320,2,3.2190,6.9310,6.1210
574545.8120,0,3.2440,7.0190,6.1360
574595.7870,1,3.1840,6.9980,6.0930
574645.7680,0,3.1910,7.0090,6.1070
574695.7450,2,3.1840,6.9830,6.1810
574745.7280,0,3.2100,6.9650,6.1350
574795.7040,1,3.2550,6.9230,6.1300
574845.6810,0,3.1550,6.8880,6.1270
574895.6630,2,3.1730,6.8870,6.1320
574945.6410,0,3.1850,6.8490,6.1610
574995.6190,1,3.2000,6.8570,6.1290
575045.5960,0,3.2290,6.9010,6.1380
575095.5740,2,3.2200,6.8840,6.1630
575145.5490,0,3.2390,6.8300,6.0930
575195.5330,1,3.2120,6.7940,6.0860
575245.5070,0,3.1610,6.8270,6.1250
575295.4830,2,3.2000,6.8330,6.1040
575345.4670,0,3.2350,6.8490,6.1050
575395.4420,1,3.2500,6.9310,6.1160
575445.4190,0,3.1760,6.9070,6.0990
575495.3990,2,3.2210,6.8560,6.0990
575545.3800,0,3.2190,6.7780,6.1440
575595.3530,1,3.1760,6.8450,6.1290
575645.3330,0,3.1740,6.8130,6.1370
575695.3100,2,3.1550,6.8050,6.0890
575745.2890,0,3.1890,6.8360,6.0880
575795.2640,1,3.2160,6.8240,6.1120
575845.2430,0,3.2070,6.8160,6.0920
575895.2230,2,3.1780,6.8170,6.1050
575945.1960,0,3.1650,6.8740,6.1270
575995.1760,1,3.1620,6.9020,6.1120
576045.1570,0,3.2220,6.8840,6.1390
576095.1320,2,3.2160,6.8860,6.1130
576145.1080,0,3.2130,6.8900,6.0940
576195.0870,1,3.2500,6.8670,6.1350
576245.0660,0,3.1860,6.8390,6.1010
576295.0400,2,3.1700,6.8850,6.1080
576345.0170,0,3.1940,6.8840,6.1070
576394.9980,1,3.2150,6.9300,6.1230
576444.9730,0,3.2350,6.8870,6.1380
576494.9520,2,3.2300,6.9100,6.0840
576544.9260,0,3.2110,6.8680,6.0870
576594.9050,1,3.1890,6.8390,6.1100
576644.8820,0,3.2260,6.8880,6.1260
576694.8610,2,3.1960,6.8160,6.1360
576744.8420,0,3.1930,6.7870,6.1110
576794.8150,1,3.1800,6.8100,6.1440
576844.7930,0,3.1940,6.7920,6.0880
576894.7680,2,3.2010,6.7390,6.0850
576944.7500,0,3.2240,6.7730,6.1170
576994.7230,1,3.2180,6.7530,6.0950
577044.7070,0,3.1970,6.7890,6.1230
577094.6840,2,3.1920,6.7770,6.1230
577144.6580,0,3.2210,6.7880,6.0750
577194.6400,1,3.2030,6.8080,6.1150
577244.6150,0,3.1930,6.8060,6.0690
577294.5930,2,3.2430,6.8060,6.0840
577344.5680,0,3.2440,6.8490,6.0940
577394.5490,1,3.2200,6.8360,6.0870
577444.5260,0,3.2070,6.8130,6.1050
577494.5020,2,3.2030,6.8180,6.0720
577544.4770,0,3.2070,6.8490,6.1400
577594.4600,1,3.2360,6.8030,6.0770
577644.4340,0,3.2000,6.8430,6.1120
577694.4090,2,3.2050,6.8810,6.1080
577744.3910,0,3.2220,6.8840,6.0940
577794.3700,1,3.2650,6.8270,6.1290
577844.3470,0,3.1870,6.8540,6.1160
577894.3250,2,3.2050,6.8420,6.1180
577944.2970,0,3.2340,6.8230,6.1130
577994.2740,1,3.1840,6.7770,6.0950
578044.2560,0,3.2040,6.7470,6.1430
578094.2310,2,3.2170,6.8400,6.1300
578144.2060,0,3.1820,6.7910,6.1120
578194.1850,1,3.2110,6.8510,6.1150
578244.1650,0,3.2390,6.7790,6.1250
578294.1400,2,3.2050,6.7870,6.0830
578344.1180,0,3.2100,6.7910,6.1530
578394.0940,1,3.2210,6.7560,6.0900
578444.0710,0,3.2230,6.7550,6.1120
578494.0550,2,3.1880,6.7400,6.0950
578544.0260,0,3.1940,6.7340,6.0960
578594.0050,1,3.2220,6.7460,6.0820
578643.9810,0,3.1810,6.7660,6.0940
578693.9640,2,3.1910,6.7310,6.1420
578743.9400,0,3.2360,6.7160,6.0590
578793.9180,0,3.1870,6.7000,6.0850
578843.8930,0,3.2110,6.7270,6.1270
578893.8720,0,3.2030,6.6720,6.1410
578943.8500,0,3.2080,6.7450,6.0910
578993.8260,0,3.2080,6.7440,6.1100
579043.8030,0,3.2060,6.7000,6.0700
579093.7790,0,3.2190,6.7650,6.1060
579143.7600,0,3.1810,6.7700,6.0880
579193.7380,0,3.2230,6.7760,6.1190
579243.7140,0,3.2160,6.7910,6.0960
579293.6920,0,3.1870,6.8210,6.0790
579343.6680,0,3.1840,6.7680,6.1420
579393.6440,0,3.2070,6.7770,6.1200
579443.6220,0,3.1940,6.7800,6.1150
579493.6000,0,3.1980,6.7840,6.1690
579543.5820,0,3.1930,6.8070,6.0980
579593.5580,0,3.1870,6.7870,6.0890
579643.5360,0,3.2090,6.7920,6.1170
579693.5140,0,3.1770,6.8060,6.0750
579743.4910,0,3.2200,6.7650,6.1030
579793.4660,0,3.2100,6.8080,6.0860
579843.4430,0,3.1770,6.8570,6.1230
579893.4190,0,3.1850,6.7870,6.1110
579943.4020,0,3.1580,6.8170,6.1030
579993.3770,0,3.1960,6.7880,6.1160
580043.3510,0,3.1960,6.8120,6.1510
580093.3310,0,3.1860,6.7710,6.1170
580143.3120,0,3.2120,6.7400,6.1440
580193.2850,0,3.2030,6.7770,6.1180
580243.2620,0,3.2040,6.7770,6.0990
580293.2430,0,3.2420,6.7030,6.1150
580343.2210,0,3.2060,6.7220,6.1180
580393.1960,0,3.2400,6.7070,6.1180
580443.1710,0,3.1870,6.7210,6.0710
580493.1490,0,3.2410,6.7480,6.1540
580543.1300,0,3.2400,6.7260,6.1100
580593.1040,0,3.2090,6.8040,6.1110
580643.0830,0,3.2150,6.8010,6.0910
580693.0580,0,3.2060,6.8350,6.1400
580743.0380,0,3.2190,6.7800,6.1490
580793.0150,0,3.2360,6.8550,6.1100
580842.9940,0,3.1790,6.8650,6.1260
580892.9730,0,3.2500,6.8350,6.1250
580942.9520,0,3.2550,6.7970,6.1220
580992.9230,0,3.2100,6.8390,6.1180
581042.9000,0,3.1990,6.8280,6.1020
581092.8790,0,3.2090,6.8280,6.1320
581142.8600,0,3.1910,6.8040,6.1000
581192.8350,0,3.1930,6.8220,6.1170
581242.8140,0,3.2220,6.8560,6.0860
581292.7890,0,3.2320,6.8830,6.1360
581342.7670,0,3.1740,6.8430,6.0960
581392.7460,0,3.2220,6.8430,6.1010
581442.7220,0,3.2190,6.8470,6.1000
581492.7040,0,3.1650,6.8870,6.1380
581542.6820,0,3.2040,6.8420,6.1710
581592.6540,0,3.2090,6.8080,6.1340
581642.6320,0,3.1860,6.8760,6.0980
581692.6090,0,3.2060,6.8740,6.1420
581742.5910,0,3.2210,6.8730,6.1280
581792.5680,0,3.2200,6.8580,6.1370
581842.5440,0,3.1880,6.8560,6.0850
581892.5180,0,3.2030,6.8750,6.1060
581942.5020,0,3.1860,6.8300,6.0940
581992.4730,0,3.1810,6.8420,6.0950
582042.4540,0,3.2440,6.8390,6.0890
582092.4280,0,3.1460,6.8780,6.1180
582142.4100,0,3.1810,6.8340,6.0850
582192.3830,0,3.1850,6.8210,6.1060
582242.3630,0,3.2110,6.7910,6.0690
582292.3400,0,3.2220,6.8680,6.1210
582342.3170,0,3.1880,6.8110,6.0940
582392.2930,0,3.1660,6.7600,6.1220
582442.2710,0,3.1860,6.7810,6.1590
582492.2500,0,3.2000,6.7540,6.1630
582542.2260,0,3.1780,6.7470,6.1180
582592.2090,0,3.1830,6.7750,6.1280
582642.1840,0,3.1670,6.7300,6.1040
582692.1640,0,3.2210,6.7940,6.0860
582742.1380,0,3.1850,6.8230,6.1150
582792.1130,0,3.1650,6.7790,6.1270
582842.0940,0,3.2360,6.7510,6.1330
582892.0740,0,3.1820,6.8060,6.1060
582942.0510,0,3.2120,6.7940,6.1310
582992.0260,0,3.2470,6.7750,6.0930
583042.0040,0,3.2350,6.7820,6.0810
583091.9840,0,3.2020,6.7260,6.1640
583141.9610,0,3.2110,6.7400,6.0900
583191.9340,0,3.2010,6.7480,6.1510
583241.9120,0,3.2120,6.7680,6.1690
583291.8880,0,3.2480,6.7470,6.0960
583341.8690,0,3.1780,6.7190,6.0880
583391.8430,0,3.2290,6.7110,6.1000
583441.8200,0,3.2310,6.7230,6.1180
583491.8020,0,3.2380,6.7300,6.1030
583541.7750,0,3.2350,6.7110,6.1440
583591.7550,0,3.2210,6.6530,6.0730
583641.7360,0,3.2090,6.7240,6.1320
583691.7120,0,3.1920,6.7160,6.1150
583741.6910,0,3.2230,6.6860,6.1680
583791.6690,0,3.2370,6.7540,6.1410
583841.6430,0,3.2370,6.7800,6.1370
583891.6210,0,3.2240,6.7040,6.1030
583941.6010,0,3.2010,6.7460,6.1520
583991.5760,0,3.2050,6.7350,6.1050
584041.5560,0,3.2050,6.6820,6.1160
584091.5290,0,3.2230,6.6610,6.1400
584141.5050,0,3.2460,6.6840,6.1140
584191.4870,0,3.1870,6.7810,6.1200
584241.4620,0,3.2100,6.7700,6.0790
584291.4420,0,3.2200,6.7630,6.1130
584341.4180,0,3.1870,6.7860,6.1340
584391.3970,0,3.1790,6.8570,6.1070
584441.3730,0,3.1730,6.8570,6.1090
584491.3500,0,3.2160,6.8620,6.1220
584541.3300,0,3.1850,6.8580,6.0750
584591.3060,0,3.1590,6.8070,6.1660
584641.2810,0,3.2230,6.8610,6.1400
584691.2610,0,3.2250,6.8310,6.1220
584741.2400,0,3.1960,6.8150,6.0670
584791.2170,0,3.2160,6.8060,6.1270
584841.1890,0,3.1790,6.8100,6.1080
584891.1680,0,3.2010,6.8220,6.1110
584941.1480,0,3.2270,6.8000,6.1210
584991.1230,0,3.1720,6.7510,6.1250
585041.1030,0,3.2200,6.8320,6.1520
585091.0840,0,3.2260,6.7740,6.1050
585141.0570,0,3.1960,6.8160,6.1060
585191.0350,0,3.2120,6.7600,6.1120
585241.0160,0,3.2070,6.7360,6.1340
585290.9910,0,3.1750,6.7700,6.1330
585340.9690,0,3.2570,6.7720,6.1200
585390.9430,0,3.2240,6.7640,6.0730
585440.9210,0,3.1970,6.7510,6.1100
585490.9010,0,3.2320,6.7710,6.1040
585540.8790,0,3.2210,6.7150,6.1260
585590.8570,0,3.2400,6.7410,6.0710
585640.8350,0,3.2100,6.7820,6.1060
585690.8080,0,3.1690,6.7510,6.0970
585740.7840,0,3.1920,6.7820,6.1630
585790.7640,0,3.2010,6.7410,6.1380
585840.7410,0,3.1600,6.7370,6.1190
585890.7210,0,3.2630,6.7270,6.0720
585940.6970,0,3.2120,6.7480,6.1280
585990.6730,0,3.2320,6.7800,6.1050
586040.6530,0,3.1850,6.7270,6.0960
586090.6330,0,3.2010,6.7250,6.1290
586140.6110,0,3.2080,6.7590,6.0920
586190.5870,0,3.2120,6.7840,6.1540
586240.5640,0,3.2250,6.7710,6.0810
586290.5380,0,3.2130,6.7130,6.1290
586340.5200,0,3.1980,6.7480,6.1260
586390.4950,0,3.1910,6.6970,6.1150
586440.4740,0,3.2020,6.7570,6.0940
586490.4500,0,3.1690,6.7490,6.1160
586540.4290,0,3.2430,6.6920,6.1120
586590.4070,0,3.1980,6.6780,6.1200
586640.3810,0,3.2190,6.7280,6.1360
586690.3570,0,3.1840,6.7230,6.0880
586740.3410,0,3.2430,6.6990,6.1090
586790.3110,0,3.2130,6.6930,6.0800
586840.2890,0,3.2030,6.6950,6.1700
586890.2670,0,3.2260,6.6650,6.0800
586940.2470,0,3.2670,6.7180,6.1230
586990.2240,0,3.2260,6.6690,6.1040
587040.2040,0,3.2280,6.7040,6.1090
587090.1820,0,3.2150,6.7540,6.1280
587140.1570,0,3.2310,6.7470,6.0620
587190.1330,0,3.2320,6.7680,6.1060
587240.1150,0,3.1710,6.7180,6.0660
587290.0900,0,3.2220,6.7420,6.1060
587340.0700,0,3.2150,6.7190,6.1310
587390.0430,0,3.1990,6.6980,6.1500
587440.0250,0,3.2370,6.7380,6.0370
587489.9990,0,3.2050,6.7720,6.0960
587539.9760,0,3.2330,6.7260,6.0830
587589.9580,0,3.2160,6.7680,6.1240
587639.9320,0,3.2260,6.7320,6.0810
587689.9120,0,3.1830,6.7100,6.0650
587739.8880,0,3.1880,6.6830,6.1520
587789.8660,0,3.1970,6.6610,6.1020
587839.8470,0,3.1650,6.6400,6.1270
587889.8250,0,3.1750,6.6540,6.0940
587939.7970,0,3.1900,6.6620,6.1090
587989.7800,0,3.2610,6.6740,6.1320
588039.7580,0,3.1940,6.6670,6.1120
588089.7370,0,3.2300,6.6690,6.0570
588139.7110,0,3.1900,6.7450,6.0670
588189.6930,0,3.2580,6.7550,6.1050
588239.6710,0,3.2320,6.7780,6.1260
588289.6480,0,3.2240,6.7450,6.1260
588339.6250,0,3.2310,6.7400,6.0880
588389.6060,0,3.1880,6.7680,6.1370
588439.5790,0,3.2590,6.6940,6.1520
588489.5570,0,3.1840,6.7060,6.1150
588539.5400,0,3.1810,6.7090,6.0610
588589.5170,0,3.2130,6.6300,6.1320
588639.4910,0,3.2510,6.7460,6.1390
588689.4710,0,3.2280,6.7100,6.0940
588739.4530,0,3.1980,6.7130,6.1040
588789.4250,0,3.2340,6.6920,6.1080
588839.4070,0,3.1850,6.6720,6.0910
588889.3830,0,3.2460,6.6830,6.1100
588939.3620,0,3.1990,6.6920,6.0880
588989.3380,0,3.2360,6.7330,6.1160
589039.3180,0,3.2270,6.7310,6.1370
589089.3000,0,3.2400,6.7220,6.1070
589139.2730,0,3.2430,6.6780,6.0910
589189.2550,0,3.2180,6.7840,6.1590
589239.2300,0,3.2040,6.7910,6.1180
589289.2080,0,3.1990,6.8470,6.1580
589339.1880,0,3.2210,6.7960,6.0810
589389.1680,0,3.1630,6.7810,6.1270
589439.1460,0,3.2240,6.7830,6.1430
589489.1250,0,3.2120,6.7760,6.1030
589539.0980,0,3.2240,6.7870,6.1130
589589.0770,0,3.2270,6.8110,6.0740
589639.0530,0,3.1920,6.8640,6.0850
589689.0350,0,3.2310,6.8840,6.1090
589739.0110,0,3.2270,6.8860,6.0840
589788.9910,0,3.1830,6.8360,6.1240
589838.9710,0,3.1830,6.8270,6.0900
589888.9490,0,3.2210,6.8420,6.0920
589938.9240,0,3.2040,6.7970,6.1050
589988.9020,0,3.2060,6.8220,6.0900
590038.8810,0,3.2220,6.8100,6.1420
590088.8590,0,3.2050,6.7530,6.0990
590138.8370,0,3.1670,6.7390,6.1390
590188.8120,0,3.1920,6.7310,6.1280
590238.7950,0,3.1870,6.7440,6.0990
590288.7730,0,3.1980,6.7380,6.1080
590338.7480,0,3.2220,6.7340,6.1350
590388.7300,0,3.2210,6.7860,6.0370
590438.7040,0,3.1980,6.7490,6.1070
590488.6840,0,3.2340,6.7660,6.1580
590538.6640,0,3.1930,6.7900,6.0940
590588.6410,0,3.2350,6.7800,6.0870
590638.6190,0,3.2100,6.7300,6.1080
590688.5950,0,3.2040,6.7780,6.1250
590738.5780,0,3.2030,6.7600,6.1110
590788.5490,0,3.2070,6.7290,6.1040
590838.5280,0,3.1740,6.7250,6.1490
590888.5070,0,3.2500,6.7230,6.1690
590938.4870,0,3.2320,6.8020,6.1120
590988.4620,0,3.1960,6.8120,6.1100
591038.4440,0,3.2660,6.8040,6.1580
591088.4210,0,3.1830,6.8370,6.0900
591138.4010,0,3.2070,6.7950,6.1130
591188.3760,0,3.2290,6.7800,6.1020
591238.3540,0,3.1710,6.7860,6.1010
591288.3320,0,3.1950,6.8170,6.1060
591338.3110,0,3.2000,6.7700,6.1140
591388.2930,0,3.2060,6.7130,6.1350
591438.2670,0,3.2120,6.7280,6.1510
591488.2490,0,3.2320,6.6920,6.1370
591538.2260,0,3.2420,6.7280,6.1260
591588.2010,0,3.2200,6.7360,6.1000
591638.1790,0,3.2470,6.7080,6.1220
591688.1610,0,3.1760,6.6610,6.0860
591738.1390,0,3.2070,6.7220,6.0830
591788.1150,0,3.1840,6.7330,6.1260
591838.0950,0,3.2030,6.7000,6.0970
591888.0730,0,3.2640,6.6530,6.1260
591938.0520,0,3.1690,6.6650,6.0910
591988.0280,0,3.1970,6.7140,6.1110
592038.0060,0,3.2040,6.7290,6.1120
592087.9830,0,3.1930,6.7470,6.1160
592137.9580,0,3.2250,6.7410,6.0840
592187.9420,0,3.2400,6.7800,6.0850
592237.9160,0,3.1540,6.7340,6.1170
592287.8930,0,3.2210,6.6970,6.0720
592337.8720,0,3.2010,6.7420,6.0770
592387.8520,0,3.1800,6.7050,6.0670
592437.8320,0,3.1840,6.7730,6.1130
592487.8080,0,3.2010,6.7780,6.0970
592537.7830,0,3.1820,6.7710,6.1330
592587.7640,0,3.2330,6.7280,6.1100
592637.7410,0,3.2030,6.7170,6.1490
592687.7230,0,3.2450,6.8060,6.1460
592737.7000,0,3.2110,6.8240,6.1340
592787.6780,0,3.2170,6.8540,6.1390
592837.6570,0,3.2250,6.8920,6.1400
592887.6330,0,3.2250,6.7750,6.1140
592937.6130,0,3.2280,6.7950,6.1110
592987.5870,0,3.2140,6.8400,6.1220
593037.5650,0,3.1750,6.8400,6.1410
593087.5430,0,3.2550,6.8500,6.1500
593137.5240,0,3.1690,6.8510,6.1240
593187.5020,0,3.2030,6.8110,6.1120
593237.4790,0,3.2090,6.7630,6.1130
593287.4600,0,3.2140,6.8340,6.0830
593337.4390,0,3.1900,6.8310,6.1470
593387.4130,0,3.2040,6.7830,6.1590
593437.3920,0,3.1910,6.7250,6.1090
593487.3690,0,3.2150,6.7560,6.1460
593537.3520,0,3.2090,6.7610,6.1230
593587.3260,0,3.1910,6.7270,6.1520
593637.3070,0,3.1780,6.7710,6.1400
593687.2830,0,3.1900,6.8030,6.1060
593737.2650,0,3.1910,6.8330,6.0940
593787.2370,0,3.2290,6.8530,6.1060
593837.2170,0,3.2430,6.8160,6.0710
593887.1940,0,3.1720,6.8100,6.0930
593937.1720,0,3.2180,6.7950,6.1050
593987.1490,0,3.2120,6.7790,6.1260
594037.1280,0,3.2140,6.8180,6.1190
594087.1050,0,3.2540,6.7950,6.1450
594137.0860,0,3.1860,6.7580,6.1320
594187.0660,0,3.2090,6.7140,6.0910
594237.0460,0,3.1970,6.7200,6.1180
594287.0220,0,3.2230,6.7400,6.1300
594336.9950,0,3.1740,6.7310,6.1060
594386.9760,0,3.2290,6.7260,6.1000
594436.9530,0,3.1820,6.7940,6.0910
594486.9350,0,3.1900,6.7310,6.0910
594536.9100,0,3.1350,6.7520,6.1330
594586.8920,0,3.2270,6.8020,6.1240
594636.8670,0,3.2030,6.6960,6.1120
594686.8470,0,3.1770,6.6930,6.1090
594736.8270,0,3.1630,6.7010,6.1200
594786.7990,0,3.2200,6.7300,6.1370
594836.7810,0,3.2370,6.6840,6.1230
594886.7550,0,3.2520,6.7470,6.1500
594936.7380,0,3.2120,6.7250,6.1370
594986.7160,0,3.1840,6.7930,6.0940
595036.6910,0,3.2080,6.7510,6.0800
595086.6670,0,3.2380,6.6960,6.1310
595136.6510,0,3.1820,6.6850,6.0970
595186.6260,0,3.2220,6.7140,6.1330
595236.6040,0,3.1670,6.7140,6.0920
595286.5800,0,3.2080,6.7660,6.0640
595336.5640,0,3.2040,6.8230,6.0880
595386.5360,0,3.2000,6.7680,6.1130
595436.5180,0,3.2210,6.7620,6.0800
595486.4940,0,3.2040,6.7170,6.1300
595536.4760,0,3.2090,6.7670,6.0890
595586.4490,0,3.2200,6.8140,6.0940
595636.4260,0,3.1620,6.7620,6.1150
595686.4050,0,3.2530,6.7800,6.1170
595736.3890,0,3.1810,6.7430,6.0850
595786.3670,0,3.1890,6.6770,6.1000
595836.3450,0,3.2300,6.7010,6.1570
595886.3170,0,3.1700,6.7250,6.1240
595936.2980,0,3.2140,6.7310,6.0650
595986.2800,0,3.2220,6.6690,6.1070
596036.2510,0,3.2280,6.7320,6.1030
596086.2340,0,3.1960,6.7160,6.0640
596136.2100,0,3.2030,6.7210,6.0770
596186.1900,0,3.2160,6.7300,6.1110
596236.1670,0,3.2440,6.7310,6.1520
596286.1420,0,3.2270,6.6990,6.1070
596336.1240,0,3.2130,6.7680,6.1260
596386.1030,0,3.1680,6.7320,6.0620
596436.0790,0,3.1930,6.7260,6.0880
596486.0590,0,3.1900,6.7020,6.1100
596536.0340,0,3.1890,6.7180,6.1090
596586.0150,0,3.2310,6.7390,6.1300
596635.9900,0,3.2240,6.6990,6.1200
596685.9680,0,3.1930,6.7210,6.1620
596735.9470,0,3.2240,6.7340,6.1130
596785.9260,0,3.2180,6.7030,6.0810
596835.9050,0,3.2070,6.6910,6.1220
596885.8800,0,3.2180,6.6770,6.0960
596935.8630,0,3.2410,6.6770,6.1050
596985.8360,0,3.1760,6.7600,6.0960
597035.8150,0,3.2280,6.7600,6.1260
597085.7920,0,3.2360,6.8120,6.1100
597135.7740,0,3.1730,6.8450,6.1210
597185.7540,0,3.1790,6.8190,6.1340
597235.7300,0,3.1920,6.7930,6.1350
597285.7100,0,3.1760,6.7400,6.0830
597335.6830,0,3.2530,6.7360,6.1170
597385.6640,0,3.1890,6.7640,6.1130
597435.6390,0,3.2170,6.7130,6.0840
597485.6220,0,3.2230,6.7330,6.1430
597535.6000,0,3.1680,6.7190,6.1280
597585.5800,0,3.1980,6.6600,6.1120
597635.5570,0,3.2320,6.7380,6.0510
597685.5350,0,3.2070,6.7300,6.1210
597735.5090,0,3.2360,6.7330,6.1410
597785.4920,0,3.2060,6.7400,6.0830
597835.4670,0,3.1970,6.7200,6.1140
597885.4480,0,3.2270,6.7850,6.1230
597935.4230,0,3.1870,6.8170,6.0850
597985.4020,0,3.1650,6.7940,6.0930
598035.3780,0,3.2240,6.8250,6.0800
598085.3550,0,3.1980,6.8510,6.0770
598135.3360,0,3.1920,6.7650,6.0850
598185.3150,0,3.1680,6.7620,6.0820
598235.2910,0,3.2160,6.7470,6.0890
598285.2720,0,3.1700,6.7140,6.1260
598335.2450,0,3.2510,6.7980,6.1000
598385.2240,0,3.2390,6.7330,6.1120
598435.2060,0,3.2040,6.6980,6.0950
598485.1830,0,3.2270,6.7290,6.1350
598535.1600,0,3.1960,6.7270,6.1100
598585.1380,0,3.1920,6.7670,6.0990
598635.1140,0,3.1670,6.7310,6.1080
598685.0940,0,3.2210,6.7200,6.1020
598735.0720,0,3.2010,6.7170,6.0750
598785.0520,0,3.1850,6.7090,6.1310
598835.0280,0,3.1710,6.7060,6.1500
598885.0100,0,3.2080,6.6490,6.1260
598934.9880,0,3.1950,6.6800,6.1240
598984.9670,0,3.2600,6.7510,6.0800
599034.9440,0,3.2150,6.7460,6.0930
599084.9230,0,3.2170,6.6590,6.1030
599134.8970,0,3.2140,6.6880,6.1050
599184.8780,0,3.1920,6.6520,6.1180
599234.8540,0,3.2150,6.6570,6.1090
599284.8310,0,3.1700,6.7040,6.1170
599334.8080,0,3.2390,6.7100,6.1160
599384.7890,0,3.2000,6.6630,6.0630
599434.7650,0,3.2320,6.7090,6.0780
599484.7460,0,3.2230,6.6860,6.1140
599534.7220,0,3.2080,6.6720,6.1050
599584.6980,0,3.2290,6.6720,6.1400
599634.6760,0,3.1990,6.6220,6.1320
599684.6580,0,3.1960,6.5850,6.1050
599734.6370,0,3.2070,6.6830,6.1050
599784.6120,0,3.2070,6.6800,6.1240
599834.5900,0,3.2470,6.6840,6.1340
599884.5720,0,3.2140,6.6500,6.1310
599934.5490,0,3.2390,6.6630,6.1120
599984.5240,0,3.2050,6.6750,6.1130
600034.5010,0,3.2220,6.6850,6.0920
600084.4850,0,3.1950,6.8320,6.0800
600134.4580,0,3.2170,6.7710,6.1350
600184.4350,0,3.1750,6.7650,6.1360
600234.4170,0,3.2020,6.7330,6.0750
600284.3940,0,3.2160,6.7160,6.0970
600334.3690,0,3.1940,6.7390,6.0950
600384.3530,0,3.1720,6.7060,6.0590
600434.3300,0,3.2490,6.6950,6.0830
600484.3030,0,3.1500,6.6470,6.0810
600534.2800,0,3.2000,6.6740,6.0700
600584.2610,0,3.2080,6.6830,6.0670
600634.2360,0,3.2000,6.6360,6.1040
600684.2200,0,3.1710,6.6500,6.1240
600734.1960,0,3.2440,6.6470,6.1280
600784.1700,0,3.1730,6.7070,6.1020
600834.1520,0,3.2320,6.6530,6.0580
600884.1260,0,3.2040,6.6600,6.0960
600934.1070,0,3.2320,6.6480,6.1130
600984.0860,0,3.2350,6.6310,6.0780
601034.0630,0,3.2590,6.6640,6.1280
601084.0400,0,3.2210,6.6740,6.1030
601134.0220,0,3.2140,6.7190,6.1090
601183.9960,0,3.2060,6.6110,6.1280
601233.9780,0,3.2240,6.6550,6.1440
601283.9540,0,3.2260,6.6880,6.0920
601333.9320,0,3.1970,6.7170,6.1590
601383.9120,0,3.2450,6.6560,6.1100
601433.8880,0,3.2220,6.7150,6.0970
601483.8690,0,3.2080,6.7170,6.0880
601533.8420,0,3.2000,6.6580,6.0910
601583.8220,0,3.2340,6.6800,6.0880
601633.7960,0,3.2470,6.7380,6.0620
601683.7790,0,3.1730,6.6650,6.0970
601733.7520,0,3.2650,6.7150,6.1080
601783.7340,0,3.2240,6.6990,6.1890
601833.7110,0,3.1730,6.7230,6.1610
601883.6900,0,3.1910,6.7280,6.1210
601933.6640,0,3.2090,6.7180,6.1030
601983.6440,0,3.2440,6.7310,6.0810
602033.6240,0,3.2080,6.7470,6.1300
602083.6020,0,3.1980,6.7370,6.1220
602133.5820,0,3.2060,6.7390,6.1180
602183.5600,0,3.2010,6.7690,6.1110
602233.5340,0,3.2370,6.7090,6.0730
602283.5140,0,3.2260,6.7920,6.1190
602333.4910,0,3.1810,6.8060,6.1090
602383.4680,0,3.2180,6.8100,6.0730
602433.4500,0,3.2250,6.8170,6.1310
602483.4280,0,3.1940,6.7490,6.1170
602533.4050,0,3.1880,6.8080,6.0950
602583.3780,0,3.1890,6.8290,6.1290
602633.3600,0,3.2370,6.7490,6.1210
602683.3350,0,3.2270,6.7520,6.0740
602733.3170,0,3.2040,6.7600,6.1100
602783.2910,0,3.2000,6.7870,6.1530
602833.2740,0,3.1880,6.7610,6.1500
602883.2520,0,3.1940,6.8030,6.0910
602933.2250,0,3.1800,6.7930,6.1460
602983.2050,0,3.2340,6.8150,6.0950
603033.1800,0,3.2040,6.7210,6.1060
603083.1580,0,3.2030,6.7810,6.1120
603133.1420,0,3.2270,6.7610,6.0990
603183.1160,0,3.2030,6.7590,6.0960
603233.0980,0,3.1710,6.7100,6.1060
603283.0730,0,3.2180,6.7740,6.0620
603333.0480,0,3.2360,6.7460,6.0820
603383.0290,0,3.1940,6.7850,6.1300
603433.0100,0,3.2190,6.7830,6.0970
603482.9830,0,3.2420,6.6960,6.1160
603532.9600,0,3.2150,6.7250,6.1260
603582.9400,0,3.2000,6.6740,6.0980
603632.9180,0,3.1900,6.7140,6.1200
603682.8980,0,3.2000,6.7080,6.0980
603732.8760,0,3.2240,6.7280,6.1190
603782.8520,0,3.2580,6.7380,6.0990
603832.8330,0,3.2320,6.7750,6.0800
603882.8050,0,3.2150,6.7430,6.1230
603932.7890,0,3.2150,6.7340,6.1230
603982.7660,0,3.2190,6.7050,6.1290
604032.7440,0,3.1610,6.7550,6.1150
604082.7200,0,3.2210,6.6950,6.1030
604132.7000,0,3.2260,6.7420,6.1330
604182.6790,0,3.2380,6.7020,6.1220
604232.6530,0,3.2200,6.6880,6.1080
604282.6350,0,3.2090,6.7310,6.1440
604332.6120,0,3.2050,6.7000,6.1110
604382.5900,0,3.2060,6.6900,6.0760
604432.5640,0,3.2180,6.7150,6.1450
604482.5450,0,3.2360,6.6890,6.1030
604532.5240,0,3.2270,6.7430,6.1260
604582.5040,0,3.2200,6.7200,6.0950
604632.4820,0,3.2230,6.7260,6.1290
604682.4540,0,3.2290,6.6740,6.0720
604732.4330,0,3.2010,6.7260,6.0830
604782.4140,0,3.2160,6.7410,6.1360
604832.3880,0,3.2040,6.7350,6.1320
604882.3720,0,3.1850,6.7630,6.1030
604932.3480,0,3.1790,6.7660,6.1540
604982.3270,0,3.1890,6.7590,6.1040
605032.3060,0,3.2020,6.6870,6.1270
605082.2840,0,3.2280,6.6930,6.1080
605132.2610,0,3.1960,6.7140,6.0950
605182.2380,0,3.1770,6.7100,6.0550
605232.2120,0,3.2830,6.6880,6.0700
605282.1930,0,3.2290,6.6700,6.1240
605332.1720,0,3.2450,6.7070,6.0960
605382.1500,0,3.2260,6.6650,6.1100
605432.1250,0,3.2240,6.6700,6.1220
605482.1030,0,3.2000,6.6960,6.1080
605532.0860,0,3.1850,6.6650,6.1060
605582.0640,0,3.1860,6.6550,6.1470
605632.0390,0,3.2180,6.6650,6.0930
605682.0150,0,3.2130,6.6510,6.0980
605731.9960,0,3.2030,6.6850,6.1200
605781.9710,0,3.1950,6.6840,6.0700
605831.9530,0,3.2040,6.6880,6.0900
605881.9290,0,3.2440,6.6880,6.1340
605931.9060,0,3.1940,6.6970,6.0990
605981.8860,0,3.2090,6.6790,6.1190
606031.8590,0,3.2640,6.7120,6.0940
606081.8380,0,3.1930,6.6320,6.0990
606131.8180,0,3.2210,6.6640,6.1410
606181.7980,0,3.2050,6.6500,6.1120
606231.7730,0,3.2120,6.6940,6.0910
606281.7500,0,3.2260,6.6010,6.1120
606331.7290,0,3.2320,6.6220,6.1110
606381.7110,0,3.2030,6.6660,6.0510
606431.6880,0,3.2060,6.6720,6.1000
606481.6610,0,3.2070,6.7030,6.0860
606531.6410,0,3.1970,6.6860,6.0410
606581.6170,0,3.2430,6.6890,6.1330
606631.5960,0,3.2260,6.7530,6.1020
606681.5790,0,3.1970,6.7330,6.1330
606731.5580,0,3.2430,6.7530,6.0790
606781.5340,0,3.2030,6.7700,6.1280
606831.5140,0,3.2220,6.7400,6.0920
606881.4860,0,3.2000,6.6990,6.1310
606931.4650,0,3.1920,6.7430,6.0600
606981.4460,0,3.2110,6.7240,6.1350
607031.4210,0,3.1990,6.7920,6.1400
607081.4030,0,3.2220,6.7590,6.1020
607131.3780,0,3.1710,6.8050,6.1230
607181.3580,0,3.1960,6.7970,6.0950
607231.3370,0,3.2260,6.7820,6.0780
607281.3090,0,3.1870,6.7730,6.0960
607331.2930,0,3.2210,6.7190,6.1060
607381.2720,0,3.1950,6.7750,6.1250
607431.2500,0,3.2070,6.7840,6.1300
607481.2250,0,3.1910,6.7390,6.0830
607531.2010,0,3.2080,6.7430,6.1320
607581.1820,0,3.2100,6.7080,6.1200
607631.1620,0,3.2010,6.6460,6.1120
607681.1390,0,3.2090,6.6960,6.1150
607731.1180,0,3.2280,6.6940,6.0800
607781.0900,0,3.2030,6.7300,6.1070
607831.0700,0,3.1970,6.7340,6.1160
607881.0480,0,3.2090,6.6890,6.1170
607931.0290,0,3.2120,6.7010,6.1000
607981.0040,0,3.2130,6.7150,6.1360
608030.9820,0,3.2210,6.7050,6.1290
608080.9630,0,3.2070,6.6680,6.1050
608130.9420,0,3.2150,6.6720,6.0920
608180.9140,0,3.2070,6.6680,6.1030
608230.8950,0,3.1930,6.6400,6.1550
608280.8710,0,3.2160,6.7570,6.0720
608330.8530,0,3.1980,6.6710,6.1150
608380.8290,0,3.2200,6.7280,6.1080
608430.8060,0,3.1570,6.6610,6.0880
608480.7870,0,3.1940,6.6900,6.1320
608530.7600,0,3.2120,6.7340,6.0760
608580.7430,0,3.2290,6.7560,6.0570
608630.7180,0,3.1950,6.6780,6.0930
608680.6970,0,3.1740,6.7260,6.1540
608730.6780,1,3.1710,6.7090,6.1180
608780.6530,0,3.2230,6.6900,6.1300
608830.6280,2,3.1890,6.7480,6.1410
608880.6100,0,3.2400,6.7670,6.0840
608930.5890,1,3.1720,6.7130,6.0710
608980.5650,0,3.2250,6.8190,6.1230
609030.5450,2,3.2320,6.7760,6.1180
609080.5200,0,3.2080,6.8190,6.0970
609130.4980,1,3.1980,6.8570,6.1190
609180.4750,0,3.1880,6.8720,6.1010
609230.4520,2,3.1710,6.8740,6.1280
609280.4290,0,3.1920,6.9230,6.1100
609330.4130,1,3.2510,6.8520,6.1130
609380.3910,0,3.1810,6.8440,6.1280
609430.3640,2,3.2180,6.9040,6.1290
609480.3430,0,3.2130,6.8130,6.1030
609530.3200,1,3.2070,6.8250,6.0860
609580.3010,0,3.2260,6.8130,6.0800
609630.2780,2,3.1910,6.8020,6.0940
609680.2540,0,3.1800,6.7830,6.0720
609730.2360,1,3.1350,6.8160,6.1220
609780.2130,0,3.2150,6.7690,6.1490
609830.1870,2,3.2120,6.8040,6.0780
609880.1720,0,3.2000,6.8290,6.0840
609930.1480,1,3.2440,6.7230,6.0830
609980.1240,0,3.1950,6.7870,6.1110
610030.0990,2,3.2060,6.7370,6.1210
610080.0830,0,3.1840,6.7980,6.1070
610130.0610,1,3.2280,6.8150,6.0830
610180.0380,0,3.2120,6.7980,6.0770
610230.0170,2,3.1950,6.8670,6.1250
610279.9930,0,3.2250,6.7900,6.1120
610329.9670,1,3.1820,6.8420,6.1220
610379.9500,0,3.1700,6.8480,6.1130
610429.9230,2,3.1840,6.7890,6.1040
610479.9060,0,3.1730,6.8220,6.1150
610529.8840,1,3.1940,6.8160,6.0920
610579.8590,0,3.2280,6.7830,6.0870
610629.8360,2,3.2150,6.8460,6.1130
610679.8180,0,3.2000,6.8130,6.1290
610729.7970,1,3.1870,6.8050,6.1320
610779.7710,0,3.1730,6.7820,6.1020
610829.7530,2,3.2260,6.7930,6.1390
610879.7280,0,3.2140,6.7740,6.0940
610929.7080,1,3.1940,6.7500,6.1030
610979.6860,0,3.2050,6.7690,6.0410
611029.6640,2,3.2350,6.7590,6.1460
611079.6380,0,3.2260,6.8230,6.1480
611129.6160,1,3.2000,6.7700,6.1320
611179.5930,0,3.1880,6.7660,6.1120
611229.5740,2,3.2270,6.7480,6.0970
611279.5510,0,3.2180,6.7560,6.1490
611329.5300,1,3.2270,6.7440,6.1450
611379.5100,0,3.2220,6.7270,6.0930
611429.4830,2,3.2000,6.7290,6.0930
611479.4660,0,3.2330,6.7220,6.1000
611529.4420,1,3.2460,6.6840,6.1180
611579.4180,0,3.2420,6.7190,6.0750
611629.4010,2,3.2480,6.7480,6.0650
611679.3750,0,3.2070,6.7140,6.1460
611729.3520,1,3.2230,6.7490,6.0760
611779.3300,0,3.2070,6.7080,6.1070
611829.3080,2,3.2000,6.7190,6.0950
611879.2850,0,3.2040,6.7640,6.1250
611929.2620,1,3.1630,6.7020,6.1250
611979.2430,0,3.2170,6.7460,6.1140
612029.2220,2,3.2230,6.7000,6.1020
612079.1970,0,3.2200,6.7130,6.0710
612129.1750,1,3.1960,6.6820,6.1310
612179.1520,0,3.1790,6.7340,6.1180
612229.1300,2,3.1710,6.6990,6.1340
612279.1060,0,3.1900,6.7290,6.1160
612329.0840,1,3.1660,6.7510,6.1210
612379.0600,0,3.2000,6.7250,6.0980
612429.0430,2,3.2270,6.6850,6.1210
612479.0200,0,3.2020,6.6770,6.1140
612528.9940,1,3.2230,6.6680,6.0960
612578.9740,0,3.2220,6.7140,6.1040
612628.9550,2,3.1930,6.6930,6.1360
612678.9310,0,3.2390,6.6880,6.1110
612728.9040,1,3.2250,6.7130,6.1000
612778.8820,0,3.1970,6.7200,6.0620
612828.8630,2,3.2100,6.6800,6.0990
612878.8380,0,3.2060,6.6960,6.1130
612928.8180,1,3.2340,6.6590,6.1580
612978.7980,0,3.2140,6.7220,6.1690
613028.7700,2,3.1830,6.6830,6.0980
613078.7520,0,3.2030,6.7020,6.0810
613128.7260,1,3.2010,6.7650,6.1160
613178.7080,0,3.1540,6.8030,6.1350
613228.6800,2,3.2370,6.8240,6.0960
613278.6640,0,3.1640,6.8820,6.0990
613328.6420,1,3.1810,6.8620,6.0880
613378.6130,0,3.2190,6.8700,6.0740
613428.5950,2,3.1980,6.8620,6.1340
613478.5740,0,3.2340,6.8460,6.1260
613528.5500,1,3.1880,6.8270,6.1130
613578.5280,0,3.1870,6.8290,6.1100
613628.5040,2,3.1970,6.8660,6.1290
613678.4830,0,3.2050,6.8400,6.0630
613728.4590,1,3.1890,6.8250,6.1220
613778.4400,0,3.1960,6.8650,6.0640
613828.4150,2,3.2080,6.7830,6.1160
613878.3740,0,3.2240,6.8100,6.0990
613928.3680,0,3.2310,6.7890,6.0550
613978.3490,1,3.2320,6.7560,6.1210
614028.3280,2,3.2080,6.7380,6.0720
614078.3030,0,3.2000,6.7710,6.1010
614128.2790,1,3.1870,6.8040,6.1350
614178.2600,0,3.1830,6.7910,6.1020
614228.2330,2,3.2210,6.7230,6.1080
614278.2120,0,3.2050,6.7270,6.1010
614328.1900,0,3.2460,6.7740,6.1310
614378.1700,1,3.1900,6.7350,6.0750
614428.1480,2,3.2270,6.7780,6.0870
614478.1210,0,3.2080,6.6740,6.0690
614528.1030,1,3.1860,6.7140,6.1140
614578.0790,0,3.1720,6.7330,6.1160
614628.0580,2,3.1860,6.7570,6.1180
614678.0350,0,3.2000,6.7650,6.1170
614728.0130,0,3.2410,6.6940,6.1190
614777.9880,1,3.2020,6.6960,6.1190
614827.9640,2,3.2470,6.6950,6.0870
614877.9450,0,3.2030,6.6990,6.1020
614927.9230,1,3.1960,6.7050,6.1110
614977.8970,0,3.1750,6.7010,6.1220
615027.8780,2,3.2010,6.6700,6.1080
615077.8520,0,3.2120,6.6460,6.0730
615127.8370,0,3.1660,6.6670,6.1410
615177.8100,1,3.2390,6.6660,6.1080
615227.7890,2,3.1570,6.7050,6.1110
615277.7680,0,3.1770,6.6410,6.1170
615327.7400,1,3.2120,6.6640,6.0800
615377.7190,0,3.2360,6.6800,6.1180
615427.7000,0,3.2360,6.6860,6.1200
615477.6800,2,3.1900,6.6910,6.0960
615527.6520,0,3.1940,6.7010,6.1110
615577.6350,1,3.2020,6.6840,6.0530
615627.6070,2,3.2090,6.6940,6.1230
615677.5880,0,3.1900,6.7240,6.0950
615727.5650,1,3.2010,6.7480,6.1550
615777.5400,0,3.1530,6.7210,6.1240
615827.5230,0,3.2120,6.6540,6.1300
615877.4990,2,3.2340,6.6500,6.1040
615927.4740,0,3.2220,6.6690,6.0790
615977.4530,1,3.2140,6.6520,6.0790
616027.4340,2,3.2180,6.6460,6.1050
616077.4100,0,3.2070,6.6710,6.1080
616127.3850,1,3.1900,6.6510,6.1080
616177.3660,0,3.2330,6.6650,6.1250
616227.3420,0,3.1910,6.7210,6.1400
616277.3200,2,3.2220,6.6490,6.1560
616327.2960,0,3.2460,6.6510,6.0660
616377.2740,1,3.1550,6.6700,6.1460
616427.2530,2,3.2470,6.7340,6.0720
616477.2320,0,3.1950,6.7200,6.1270
616527.2100,1,3.1740,6.7520,6.1430
616577.1810,0,3.2210,6.7730,6.1550
616627.1620,0,3.1990,6.7200,6.1030
616677.1380,2,3.2300,6.7290,6.0830
616727.1180,1,3.1830,6.7480,6.1030
616777.0950,0,3.2190,6.8060,6.1240
616827.0700,2,3.2340,6.7990,6.1090
616877.0520,0,3.1810,6.7870,6.1380
616927.0270,1,3.2570,6.8530,6.1250
616977.0030,0,3.2050,6.8440,6.0780
617026.9830,0,3.2180,6.8280,6.0700
617076.9620,2,3.2070,6.8240,6.1450
617126.9360,1,3.2070,6.7600,6.0820
617176.9180,0,3.1520,6.7640,6.1540
617226.8940,2,3.1850,6.7590,6.0800
617276.8720,0,3.1770,6.7730,6.0830
617326.8510,0,3.2150,6.7710,6.0550
617376.8240,1,3.1880,6.7870,6.1100
617426.8030,0,3.2250,6.7410,6.1460
617476.7850,2,3.2020,6.7220,6.1190
617526.7600,1,3.2060,6.7510,6.0440
617576.7390,0,3.1800,6.7120,6.0980
617626.7130,2,3.1920,6.7560,6.0920
617676.6890,0,3.2030,6.6860,6.1140
617726.6730,0,3.2240,6.6980,6.1190
617776.6460,1,3.2280,6.6780,6.0970
617826.6280,0,3.2270,6.6620,6.1270
617876.6050,2,3.1890,6.7080,6.0950
617926.5770,0,3.2090,6.7060,6.0860
617976.5550,1,3.2330,6.7920,6.1180
618026.5330,2,3.2460,6.7760,6.1220
618076.5140,0,3.2170,6.7300,6.1290
618126.4910,0,3.1690,6.7430,6.0960
618176.4690,1,3.1850,6.7180,6.1370
618226.4460,0,3.2000,6.7500,6.0810
618276.4260,2,3.1940,6.7220,6.0710
618326.4040,1,3.1850,6.7290,6.0930
618376.3800,0,3.2110,6.7090,6.1270
618426.3550,0,3.2250,6.6830,6.0540
618476.3350,2,3.1780,6.6970,6.1120
618526.3120,0,3.1860,6.6510,6.0840
618576.2910,1,3.1990,6.7470,6.1120
618626.2700,0,3.1770,6.7330,6.0840
618676.2460,2,3.2380,6.6660,6.1110
618726.2260,0,3.2140,6.6280,6.1640
618776.1990,1,3.1910,6.6700,6.1190
618826.1760,0,3.2540,6.5770,6.1260
618876.1530,2,3.2100,6.6460,6.1190
618926.1360,0,3.2230,6.6980,6.1270
618976.1120,1,3.1950,6.7070,6.1240
619026.0870,2,3.2390,6.6910,6.1270
619076.0690,0,3.1950,6.6950,6.1110
619126.0470,0,3.2380,6.7140,6.0970
619176.0210,1,3.2620,6.7310,6.1270
619225.9970,0,3.2460,6.7200,6.1150
619275.9740,2,3.1800,6.7250,6.1300
619325.9530,0,3.2230,6.7650,6.1540
619375.9310,1,3.1670,6.7830,6.0860
619425.9090,2,3.2070,6.7350,6.1030
619475.8870,0,3.1960,6.6940,6.1250
619525.8660,0,3.2010,6.7700,6.1470
619575.8450,1,3.1900,6.7290,6.1270
619625.8170,0,3.2000,6.7690,6.1120
619675.7950,2,3.2180,6.8040,6.1170
619725.7760,0,3.1860,6.7630,6.1220
619775.7520,1,3.1440,6.7450,6.1060
619825.7270,0,3.2300,6.8200,6.1450
619875.7090,2,3.2250,6.7700,6.1040
619925.6870,0,3.2350,6.7860,6.0920
619975.6610,1,3.2100,6.7410,6.1420
620025.6430,0,3.1760,6.7390,6.1020
620075.6190,2,3.1860,6.7260,6.0680
620125.5940,0,3.1880,6.6800,6.1160
620175.5780,1,3.2200,6.6600,6.0550
620225.5540,0,3.1850,6.7160,6.1080
620275.5280,2,3.2240,6.6780,6.1120
620325.5060,0,3.2150,6.6720,6.1370
620375.4870,1,3.2010,6.6680,6.1430
620425.4620,0,3.2230,6.6970,6.0910
620475.4390,2,3.1980,6.7090,6.0870
620525.4180,0,3.1920,6.7880,6.0620
620575.3940,1,3.2030,6.7480,6.1310
620625.3730,0,3.1820,6.7110,6.1200
620675.3510,2,3.1890,6.7220,6.0880
620725.3300,0,3.2060,6.7150,6.1190
620775.3090,1,3.1650,6.7070,6.0880
620825.2830,0,3.1560,6.7150,6.0810
620875.2620,2,3.2020,6.7640,6.0960
620925.2370,0,3.1920,6.7360,6.1440
620975.2140,1,3.2350,6.7290,6.0880
621025.1960,0,3.1810,6.6860,6.1080
621075.1700,2,3.2210,6.7320,6.0730
621125.1500,0,3.1800,6.6860,6.1540
621175.1280,1,3.1830,6.7220,6.0960
621225.1070,0,3.2200,6.7330,6.0720
621275.0850,2,3.1810,6.6800,6.1010
621325.0600,0,3.2020,6.6950,6.0920
621375.0380,1,3.1820,6.6760,6.1190
621425.0120,0,3.2010,6.6810,6.1330
621474.9960,2,3.2030,6.6670,6.1040
621524.9690,0,3.2030,6.6430,6.1470
621574.9470,1,3.2500,6.6380,6.1530
621624.9290,0,3.2160,6.6360,6.1460
621674.9040,2,3.2200,6.6600,6.1200
621724.8780,0,3.2140,6.7020,6.1110
621774.8580,1,3.2030,6.7150,6.1310
621824.8340,0,3.2440,6.6820,6.1230
621874.8120,2,3.2310,6.6770,6.0680
621924.7910,0,3.2200,6.7030,6.0910
621974.7670,1,3.2190,6.7080,6.1040
622024.7430,0,3.1600,6.7050,6.1380
622074.7240,2,3.1530,6.7230,6.0860
622124.7010,0,3.1820,6.6860,6.1000
622174.6770,1,3.1950,6.6170,6.1580
622224.6600,0,3.2380,6.6650,6.1090
622274.6350,2,3.2230,6.6590,6.1210
622324.6120,0,3.2210,6.6370,6.1220
622374.5870,1,3.1690,6.6580,6.0740
622424.5640,0,3.2040,6.6720,6.1190
622474.5470,2,3.2300,6.6430,6.1190
622524.5260,0,3.2220,6.6970,6.1250
622574.5020,1,3.2130,6.6630,6.1060
622624.4810,0,3.1770,6.6400,6.1030
622674.4570,2,3.2160,6.6510,6.1030
622724.4330,0,3.2110,6.6250,6.0980
622774.4090,1,3.2110,6.6870,6.0840
622824.3880,0,3.1880,6.6220,6.1390
622874.3680,2,3.1710,6.6490,6.0910
622924.3450,0,3.1970,6.6590,6.1260
622974.3230,1,3.2030,6.5970,6.1170
623024.3020,0,3.2040,6.6520,6.0860
623074.2790,2,3.2100,6.6350,6.1280
623124.2540,0,3.2370,6.6740,6.0840
623174.2320,1,3.2020,6.6620,6.1060
623224.2070,0,3.2000,6.6640,6.0710
623274.1850,2,3.1820,6.6400,6.0920
623324.1660,0,3.1970,6.6580,6.1130
623374.1400,1,3.2250,6.5900,6.1150
623424.1180,0,3.2160,6.6520,6.1420
623474.0980,2,3.2300,6.6180,6.0860
623524.0780,0,3.2030,6.6810,6.0920
623574.0540,1,3.2520,6.6330,6.1160
623624.0330,0,3.1810,6.6810,6.0970
623674.0120,2,3.1770,6.6770,6.1000
623723.9880,0,3.2160,6.6240,6.1110
623773.9640,1,3.2300,6.6180,6.1110
623823.9410,0,3.1630,6.6590,6.1530
623873.9190,2,3.2120,6.6640,6.1110
623923.8980,0,3.1930,6.6770,6.1120
623973.8770,1,3.2130,6.6730,6.0760
624023.8570,0,3.2240,6.6250,6.1840
624073.8320,2,3.2000,6.6450,6.1040
624123.8150,0,3.2390,6.6350,6.1110
624173.7920,1,3.2290,6.6540,6.1310
624223.7710,0,3.1880,6.6830,6.1030
624273.7440,2,3.2190,6.6950,6.0990
624323.7230,0,3.1960,6.6390,6.1130
624373.7020,1,3.2310,6.6230,6.0940
624423.6850,0,3.2250,6.6260,6.1070
624473.6590,2,3.1850,6.6610,6.1000
624523.6410,0,3.1950,6.6490,6.1160
624573.6160,1,3.1900,6.6620,6.1220
624623.5970,0,3.2060,6.6390,6.1010
624673.5720,2,3.2030,6.6820,6.0950
624723.5510,0,3.1910,6.6310,6.1090
624773.5330,1,3.1560,6.6520,6.0850
624823.5100,0,3.2300,6.6720,6.0980
624873.4840,2,3.2010,6.6330,6.0730
624923.4650,0,3.2250,6.6690,6.0620
624973.4450,1,3.2070,6.6650,6.1290
625023.4230,0,3.2200,6.7130,6.0910
625073.3970,2,3.2260,6.7290,6.0920
625123.3790,0,3.1780,6.7590,6.0320
625173.3560,1,3.1850,6.6820,6.0970
625223.3320,0,3.2030,6.7230,6.1420
625273.3140,2,3.2070,6.7080,6.1060
625323.2940,0,3.2460,6.6560,6.0750
625373.2710,1,3.1670,6.7320,6.1050
625423.2500,0,3.2180,6.7100,6.1630
625473.2240,2,3.1890,6.6680,6.0870
625523.2080,0,3.2010,6.6820,6.1150
625573.1840,1,3.1960,6.6820,6.1070
625623.1590,0,3.2320,6.6890,6.0980
625673.1430,2,3.2130,6.7030,6.0920
625723.1150,0,3.2200,6.7480,6.1340
625773.0980,1,3.2050,6.6910,6.0800
625823.0740,0,3.1570,6.7120,6.0930
625873.0550,2,3.1480,6.7430,6.1190
625923.0320,0,3.1740,6.7870,6.0690
625973.0080,1,3.1950,6.7560,6.1330
626022.9880,0,3.1930,6.7770,6.0790
626072.9630,2,3.1990,6.7910,6.1090
626122.9430,0,3.1890,6.7440,6.0940
626172.9240,1,3.1990,6.7190,6.1010
626222.8980,0,3.2230,6.6490,6.1180
626272.8780,2,3.2320,6.6740,6.1310
626322.8540,0,3.1530,6.6530,6.0540
626372.8390,1,3.2500,6.6860,6.1090
626422.8130,0,3.2130,6.6950,6.1090
626472.7940,2,3.2210,6.6790,6.1470
626522.7700,0,3.2220,6.6290,6.0740
626572.7460,1,3.1940,6.6430,6.1090
626622.7250,0,3.1910,6.6390,6.1220
626672.7050,2,3.1910,6.6570,6.0910
626722.6820,0,3.2260,6.6630,6.1240
626772.6630,1,3.2490,6.7180,6.0820
626822.6400,0,3.1680,6.6420,6.1410
626872.6220,2,3.1750,6.6290,6.0820
626922.5990,0,3.2310,6.6850,6.0620
626972.5760,1,3.1810,6.6960,6.1120
627022.5520,0,3.2300,6.7100,6.0430
627072.5290,2,3.2330,6.6200,6.1480
627122.5120,0,3.2290,6.6540,6.0770
627172.4890,1,3.2220,6.6430,6.1310
627222.4640,0,3.2310,6.6200,6.1210
627272.4440,2,3.1820,6.6460,6.1230
627322.4240,0,3.2310,6.6710,6.1220
627372.3990,1,3.1690,6.6870,6.0550
627422.3770,0,3.1920,6.7190,6.1100
627472.3570,2,3.2130,6.6850,6.1240
627522.3350,0,3.2010,6.7010,6.0830
627572.3140,1,3.1730,6.7080,6.1020
627622.2920,0,3.2050,6.7330,6.1440
627672.2740,2,3.2050,6.7510,6.1040
627722.2490,0,3.2520,6.7370,6.0960
627772.2310,1,3.1940,6.6920,6.0880
627822.2030,0,3.1710,6.6530,6.1010
627872.1850,2,3.2190,6.6970,6.0800
627922.1620,0,3.2660,6.7260,6.1220
627972.1430,1,3.2230,6.7320,6.0760
628022.1180,0,3.2270,6.7540,6.1670
628072.0950,2,3.1810,6.7990,6.1260
628122.0740,0,3.2570,6.7550,6.0890
628172.0560,1,3.1910,6.7640,6.1070
628222.0310,0,3.2050,6.7660,6.1180
628272.0090,2,3.1840,6.7460,6.1250
628321.9860,0,3.1960,6.7140,6.0880
628371.9710,1,3.1820,6.7340,6.0990
628421.9430,0,3.2420,6.7370,6.1040
628471.9270,2,3.1790,6.7440,6.1160
628521.9020,0,3.2240,6.7510,6.1400
628571.8770,1,3.1900,6.7190,6.0910
628621.8570,0,3.2010,6.7790,6.1210
628671.8390,2,3.2110,6.7530,6.1150
628721.8120,0,3.2170,6.7810,6.0950
628771.7940,1,3.2100,6.7670,6.1060
628821.7750,0,3.1680,6.7880,6.0900
628871.7530,2,3.2100,6.7760,6.0800
628921.7290,0,3.1770,6.8090,6.1000
628971.7100,1,3.1870,6.8080,6.1110
629021.6820,0,3.1850,6.7950,6.0970
629071.6630,2,3.1890,6.7800,6.1080
629121.6450,0,3.1850,6.8070,6.0890
629171.6190,1,3.2300,6.7700,6.1000
629221.5970,0,3.2110,6.7270,6.0840
629271.5780,2,3.2230,6.7530,6.0920
629321.5550,0,3.2010,6.6660,6.0940
629371.5350,1,3.1920,6.7230,6.0990
629421.5090,0,3.2280,6.7420,6.0950
629471.4920,2,3.2160,6.7660,6.0950
629521.4660,0,3.2200,6.7210,6.1370
629571.4500,1,3.2290,6.6660,6.1130
629621.4240,0,3.1980,6.7000,6.0820
629671.4060,2,3.2260,6.7040,6.1110
629721.3830,0,3.2190,6.7100,6.1020
629771.3590,1,3.2110,6.7700,6.1090
629821.3350,0,3.1890,6.7410,6.0990
629871.3190,2,3.1800,6.7650,6.1020
629921.2920,0,3.1830,6.7060,6.0880
629971.2740,1,3.2260,6.6760,6.1330
630021.2520,0,3.1700,6.7240,6.1290
630071.2270,2,3.2300,6.7790,6.1010
630121.2060,0,3.2020,6.7870,6.0920
630171.1860,1,3.2190,6.7490,6.0840
630221.1660,0,3.2230,6.7350,6.1210
630271.1420,2,3.2070,6.7210,6.0600
630321.1210,0,3.2090,6.7340,6.0690
630371.0990,1,3.1860,6.7210,6.1040
630421.0770,0,3.2140,6.7820,6.0630
630471.0560,2,3.1620,6.6860,6.0610
630521.0320,0,3.2000,6.7780,6.1130
630571.0090,1,3.2110,6.7880,6.1350
630620.9900,0,3.1830,6.7640,6.1220
630670.9710,2,3.1630,6.7770,6.0560
630720.9440,0,3.1850,6.7540,6.0920
630770.9270,1,3.1990,6.7870,6.0880
630820.9040,0,3.2220,6.8290,6.0960
630870.8850,2,3.2200,6.8200,6.1290
630920.8590,0,3.1810,6.7510,6.1030
630970.8420,1,3.1640,6.8380,6.1150
631020.8140,0,3.2190,6.7730,6.1270
631070.7960,2,3.1990,6.7780,6.0590
631120.7720,0,3.2010,6.8090,6.1050
631170.7490,1,3.2240,6.8090,6.0990
631220.7330,0,3.1990,6.8070,6.1130
631270.7060,2,3.2240,6.8050,6.1220
631320.6860,0,3.1940,6.7510,6.0570
631370.6630,1,3.1790,6.7340,6.1080
631420.6420,0,3.2020,6.7520,6.1150
631470.6230,2,3.2350,6.7430,6.1330
631520.5990,0,3.1750,6.7390,6.1150
631570.5790,1,3.1930,6.7560,6.1050
631620.5540,0,3.2300,6.7630,6.0940
631670.5370,2,3.2210,6.7930,6.0890
631720.5110,0,3.2410,6.7770,6.1930
631770.4930,1,3.2080,6.7560,6.0590
631820.4680,0,3.2190,6.7400,6.1040
631870.4470,2,3.1700,6.7150,6.1310
631920.4240,0,3.2030,6.7470,6.0810
631970.4030,1,3.2320,6.7590,6.0970
632020.3840,0,3.2170,6.7190,6.1030
632070.3620,2,3.2080,6.7340,6.1480
632120.3380,0,3.1840,6.7140,6.1410
632170.3210,1,3.2200,6.7390,6.0640
632220.2940,0,3.1810,6.7240,6.1210
632270.2730,2,3.1770,6.7300,6.0610
632320.2500,0,3.1820,6.6920,6.1610
632370.2320,1,3.1780,6.6840,6.0810
632420.2110,0,3.2040,6.6910,6.0830
632470.1860,2,3.2200,6.7480,6.1000
632520.1660,0,3.2090,6.7190,6.0990
632570.1410,1,3.2020,6.7750,6.1690
632620.1220,0,3.2400,6.7310,6.0980
632670.1040,2,3.2470,6.7830,6.0800
632720.0800,0,3.2240,6.7500,6.1090
632770.0570,1,3.2010,6.7350,6.1120
632820.0360,0,3.1940,6.7120,6.1210
632870.0110,2,3.2140,6.7100,6.1300
632919.9940,0,3.2010,6.7810,6.1260
632969.9720,1,3.1820,6.6950,6.0830
633019.9490,0,3.1960,6.7060,6.1020
633069.9260,2,3.2230,6.7360,6.0860
633119.9050,0,3.2120,6.7430,6.1530
633169.8850,1,3.1960,6.6740,6.1140
633219.8640,0,3.1710,6.6770,6.0910
633269.8420,2,3.2450,6.7240,6.1240
633319.8210,0,3.1890,6.6960,6.1420
633369.7960,1,3.2210,6.7150,6.1010
633419.7730,0,3.1740,6.7540,6.1260
633469.7560,2,3.2070,6.7110,6.1020
633519.7310,0,3.2170,6.7940,6.1110
633569.7090,1,3.2050,6.7510,6.1310
633619.6900,0,3.2040,6.7170,6.1180
633669.6640,2,3.2190,6.7200,6.1240
633719.6490,0,3.2030,6.6490,6.1150
633769.6230,1,3.1980,6.7060,6.1040
633819.6000,0,3.2070,6.7590,6.0930
633869.5770,2,3.1520,6.7840,6.0790
633919.5560,0,3.1870,6.8160,6.1000
633969.5400,1,3.2230,6.8030,6.0750
634019.5120,0,3.1490,6.8250,6.1270
634069.4930,2,3.2090,6.8010,6.0870
634119.4690,0,3.2110,6.7670,6.1130
634169.4480,1,3.1720,6.7920,6.0510
634219.4290,0,3.2000,6.7330,6.1140
634269.4090,2,3.2250,6.8060,6.0640
634319.3830,0,3.2080,6.8240,6.0650
634369.3600,1,3.1490,6.7980,6.0800
634419.3420,0,3.2110,6.7890,6.1050
634469.3180,2,3.1950,6.7720,6.1150
634519.2990,0,3.2270,6.7690,6.0500
634569.2730,1,3.2160,6.7580,6.1100
634619.2570,0,3.2120,6.7700,6.1080
634669.2340,2,3.2030,6.7630,6.1150
634719.2110,0,3.2120,6.7390,6.0640
634769.1920,1,3.1650,6.7320,6.1000
634819.1700,0,3.2110,6.7680,6.0860
634869.1490,2,3.2010,6.7570,6.1090
634919.1230,0,3.2310,6.8210,6.0630
634969.1050,1,3.1540,6.7690,6.0750
635019.0790,0,3.1220,6.7370,6.1060
635069.0620,2,3.1940,6.7580,6.0850
635119.0360,0,3.2380,6.7130,6.0630
635169.0190,1,3.2370,6.7060,6.1260
635218.9940,0,3.2290,6.7620,6.0970
635268.9760,2,3.1910,6.6850,6.1020
635318.9480,0,3.1870,6.7000,6.1500
635368.9310,1,3.1910,6.7520,6.1010
635418.9050,0,3.2120,6.6820,6.0880
635468.8860,2,3.1950,6.6910,6.0740
635518.8660,0,3.1920,6.6630,6.1400
635568.8450,1,3.2020,6.6320,6.1320
635618.8200,0,3.2010,6.6730,6.0820
635668.8010,2,3.1860,6.7450,6.0740
635718.7740,0,3.2030,6.7370,6.1490
635768.7530,1,3.2020,6.7580,6.0780
635818.7320,0,3.2090,6.7750,6.0780
635868.7090,2,3.2080,6.7610,6.0980
635918.6840,0,3.1910,6.7240,6.1080
635968.6640,1,3.2010,6.7580,6.1170
636018.6390,0,3.1740,6.7070,6.1060
636068.6220,2,3.1890,6.6850,6.0960
636118.5980,0,3.1900,6.6970,6.1170
636168.5760,1,3.2160,6.7420,6.1400
636218.5500,0,3.1970,6.7010,6.0820
636268.5300,2,3.1750,6.7310,6.1040
636318.5050,0,3.1980,6.6860,6.0890
636368.4870,1,3.2320,6.6690,6.0830
636418.4630,0,3.2050,6.6790,6.1110
636468.4390,2,3.2090,6.6840,6.1130
636518.4150,0,3.2020,6.7310,6.0790
636568.3930,1,3.2000,6.6900,6.0920
636618.3730,0,3.1990,6.6560,6.0730
636668.3520,2,3.2290,6.6640,6.0600
636718.3270,0,3.2160,6.6760,6.0880
636768.3070,1,3.1940,6.6750,6.0570
636818.2870,0,3.1610,6.6740,6.0860
636868.2590,2,3.2110,6.7070,6.0910
636918.2360,0,3.2210,6.6940,6.1370
636968.2180,1,3.2100,6.7360,6.1050
637018.1910,0,3.1620,6.7050,6.0700
637068.1740,2,3.2050,6.6780,6.1060
637118.1490,0,3.1880,6.6280,6.1400
637168.1250,1,3.1740,6.6850,6.1260
637218.1020,0,3.1980,6.7510,6.0940
637268.0790,2,3.1890,6.6760,6.0910
637318.0570,0,3.1870,6.6950,6.0710
637368.0340,1,3.1850,6.6930,6.1080
637418.0120,0,3.2190,6.6520,6.1010
637467.9950,2,3.1890,6.6610,6.1180
637517.9680,0,3.2090,6.5880,6.0760
637567.9440,1,3.1970,6.6790,6.1160
637617.9250,0,3.2430,6.7020,6.1180
637667.9050,0,3.2180,6.6760,6.1060
637717.8770,2,3.2070,6.6680,6.1180
637767.8590,1,3.1990,6.7010,6.0700
637817.8380,0,3.1680,6.6830,6.0810
637867.8120,0,3.2280,6.7160,6.0550
637917.7880,2,3.2340,6.6990,6.0750
637967.7700,1,3.2090,6.7280,6.1050
638017.7420,0,3.1860,6.6990,6.1320
638067.7190,0,3.2530,6.6470,6.0980
638117.7020,2,3.2260,6.6860,6.1280
638167.6810,0,3.2200,6.6760,6.0780
638217.6560,1,3.2020,6.6610,6.0660
638267.6360,0,3.2390,6.6760,6.0900
638317.6070,2,3.2400,6.6890,6.1290
638367.5880,0,3.2180,6.6760,6.0690
638417.5630,1,3.1790,6.6560,6.1060
638467.5430,0,3.2380,6.6480,6.1110
638517.5200,2,3.1950,6.6560,6.1140
638567.5000,0,3.2120,6.6950,6.1040
638617.4770,1,3.1980,6.6800,6.0740
638667.4560,0,3.1930,6.6360,6.1010
638717.4320,2,3.2090,6.6850,6.0850
638767.4060,0,3.2030,6.6480,6.1100
638817.3890,0,3.2190,6.6580,6.1070
638867.3630,0,3.2360,6.7050,6.0680
638917.3450,0,3.2180,6.6750,6.1320
638967.3180,0,3.2190,6.6270,6.1150
639017.2980,0,3.2590,6.6410,6.0950
639067.2760,0,3.2020,6.6530,6.0820
639117.2550,0,3.1690,6.7140,6.1180
639167.2300,0,3.2740,6.6680,6.1010
639217.2070,0,3.2300,6.7190,6.1220
639267.1850,0,3.2110,6.6740,6.0970
639317.1610,0,3.2270,6.6900,6.0730
639367.1370,0,3.2320,6.6210,6.1460
639417.1180,0,3.1920,6.6570,6.1190
639467.0920,0,3.2600,6.6590,6.0820
639517.0710,0,3.2110,6.6730,6.1110
639567.0480,0,3.2030,6.6560,6.1230
639617.0240,0,3.1850,6.7070,6.0970
639667.0050,0,3.2450,6.7060,6.1010
639716.9830,0,3.2170,6.6630,6.0990
639766.9630,0,3.2520,6.7600,6.0490
639816.9380,0,3.2380,6.6910,6.1200
639866.9180,0,3.1510,6.6750,6.1120
639916.8940,0,3.2090,6.6720,6.1110
639966.8710,0,3.1900,6.6810,6.1180
640016.8470,0,3.1890,6.6810,6.0470
640066.8280,0,3.2480,6.7370,6.1240
640116.8050,0,3.2090,6.6960,6.1180
640166.7780,0,3.1890,6.7100,6.1110
640216.7570,0,3.1590,6.6650,6.1430
640266.7350,0,3.1540,6.7590,6.0740
640316.7150,0,3.2060,6.7200,6.0890
640366.6880,0,3.1980,6.7190,6.1060
640416.6650,0,3.2020,6.7380,6.1030
640466.6460,0,3.2210,6.7180,6.0820
640516.6240,0,3.2110,6.6970,6.1070
640566.6030,0,3.2120,6.7130,6.1080
640616.5760,0,3.1850,6.7280,6.0960
640666.5550,0,3.2290,6.7090,6.1410
640716.5370,0,3.1940,6.6970,6.1220
640766.5120,0,3.2280,6.7310,6.0930
640816.4910,0,3.1870,6.6890,6.1230
640866.4690,0,3.2100,6.6790,6.1200
640916.4460,0,3.2190,6.6320,6.0750
640966.4250,0,3.1910,6.7060,6.0640
641016.4000,0,3.1810,6.6550,6.0930
641066.3780,0,3.2020,6.6790,6.0910
641116.3540,0,3.2370,6.6240,6.1290
641166.3320,0,3.1940,6.7280,6.0720
641216.3070,0,3.1970,6.6720,6.0900
641266.2880,0,3.1580,6.6720,6.0730
641316.2660,0,3.2100,6.6930,6.0850
641366.2450,0,3.1800,6.6840,6.1160
641416.2180,0,3.1750,6.6510,6.0950
641466.2000,0,3.2150,6.6290,6.1080
641516.1730,0,3.1970,6.6800,6.1040
641566.1500,0,3.2100,6.6370,6.1280
641616.1290,0,3.2060,6.6340,6.1130
641666.1080,0,3.2220,6.6290,6.0900
641716.0870,0,3.1800,6.6950,6.0930
641766.0600,0,3.2160,6.6780,6.1150
641816.0400,0,3.1860,6.6860,6.1010
641866.0200,0,3.1980,6.6630,6.1230
641915.9950,0,3.1800,6.6650,6.1070
641965.9730,0,3.2250,6.6300,6.0640
642015.9490,0,3.2260,6.6300,6.0760
642065.9290,0,3.2080,6.6440,6.0900
642115.9060,0,3.2080,6.6870,6.0890
642165.8810,0,3.2110,6.7080,6.0690
642215.8580,0,3.2250,6.7310,6.0760
642265.8420,0,3.2160,6.7010,6.0660
642315.8170,0,3.2090,6.7010,6.1120
642365.7920,0,3.1870,6.6690,6.1120
642415.7680,0,3.1960,6.7050,6.1100
642465.7460,0,3.2140,6.7100,6.0880
642515.7300,0,3.1890,6.6750,6.1140
642565.7020,0,3.2160,6.6530,6.0700
642615.6840,0,3.2200,6.6620,6.1110
642665.6590,0,3.2360,6.6320,6.0810
642715.6380,0,3.2430,6.6370,6.1000
642765.6150,0,3.1770,6.7040,6.0980
642815.5920,0,3.1910,6.6230,6.1080
642865.5700,0,3.1870,6.6380,6.0650
642915.5450,0,3.2180,6.6570,6.0910
642965.5250,0,3.1930,6.5930,6.0940
643015.5020,0,3.2240,6.6270,6.0780
643065.4780,0,3.1950,6.6180,6.1290
643115.4540,0,3.2220,6.6250,6.0870
643165.4320,0,3.2130,6.5920,6.1240
643215.4120,0,3.1830,6.6790,6.1160
643265.3870,0,3.2070,6.6590,6.1230
643315.3690,0,3.1910,6.6640,6.0680
643365.3450,0,3.1990,6.6630,6.1270
643415.3200,0,3.2160,6.7100,6.1130
643465.3020,0,3.2290,6.7230,6.1140
643515.2780,0,3.2180,6.7800,6.0890
643565.2590,0,3.2620,6.7810,6.1170
643615.2300,0,3.1980,6.7470,6.1090
643665.2120,0,3.1580,6.7430,6.0930
643715.1890,0,3.2630,6.7550,6.0990
643765.1640,0,3.2020,6.7830,6.0830
643815.1450,0,3.2090,6.8180,6.1150
643865.1190,0,3.2240,6.7890,6.0890
643915.0990,0,3.2310,6.8420,6.1090
643965.0790,0,3.1970,6.7520,6.1580
644015.0570,0,3.2320,6.7460,6.0680
644065.0310,0,3.1730,6.7260,6.0910
644115.0120,0,3.1720,6.7130,6.1250
644164.9890,0,3.1550,6.7500,6.1010
644214.9620,0,3.1820,6.7190,6.1080
644264.9440,0,3.1940,6.7080,6.0830
644314.9190,0,3.1980,6.6890,6.0740
644364.8940,0,3.2330,6.6740,6.1390
644414.8710,0,3.1870,6.6560,6.1050
644464.8510,0,3.1750,6.7710,6.1390
644514.8290,0,3.2030,6.7290,6.1350
644564.8040,0,3.2040,6.7570,6.0970
644614.7820,0,3.2010,6.7720,6.0950
644664.7590,0,3.1920,6.7270,6.0730
644714.7400,0,3.1860,6.7510,6.1040
644764.7160,0,3.1730,6.6790,6.0990
644814.6950,0,3.1750,6.6540,6.1010
644864.6710,0,3.1910,6.6610,6.0890
644914.6520,0,3.1980,6.7280,6.1190
644964.6310,0,3.1650,6.7280,6.0940
645014.6070,0,3.2120,6.7470,6.1390
645064.5820,0,3.2230,6.8050,6.0670
645114.5620,0,3.1970,6.7610,6.0430
645164.5410,0,3.2050,6.7680,6.0810
645214.5170,0,3.1900,6.7810,6.1220
645264.4940,0,3.2090,6.7420,6.0660
645314.4730,0,3.1760,6.7460,6.0890
645364.4500,0,3.1920,6.7490,6.1310
645414.4270,0,3.1580,6.7080,6.1150
645464.4060,0,3.2190,6.6940,6.0960
645514.3800,0,3.1640,6.7200,6.0940
645564.3550,0,3.1860,6.7060,6.1180
645614.3360,0,3.1900,6.6840,6.0990
645664.3130,0,3.1970,6.6570,6.0720
645714.2900,0,3.1640,6.7020,6.0790
645764.2710,0,3.2210,6.6620,6.1280
645814.2490,0,3.2230,6.6480,6.1190
645864.2250,0,3.2070,6.6430,6.1120
645914.2040,0,3.2420,6.6550,6.1020
645964.1820,0,3.2150,6.6110,6.1530
646014.1550,0,3.2540,6.6490,6.0720
646064.1350,0,3.2330,6.7200,6.0790
646114.1140,0,3.2120,6.6980,6.0850
646164.0870,0,3.2070,6.6970,6.1110
646214.0680,0,3.2170,6.6720,6.1250
646264.0460,0,3.1820,6.6650,6.1270
646314.0250,0,3.1780,6.6660,6.1380
646363.9980,0,3.1920,6.6500,6.0880
646413.9790,0,3.2370,6.6920,6.0770
646463.9560,0,3.1920,6.7540,6.1380
646513.9300,0,3.2230,6.7700,6.0890
646563.9130,0,3.1550,6.7980,6.0990
646613.8880,0,3.1830,6.7960,6.0710
646663.8650,0,3.2030,6.7780,6.0830
646713.8430,0,3.1860,6.7380,6.0420
646763.8220,0,3.1790,6.7410,6.1290
646813.7950,0,3.1830,6.7080,6.1110
646863.7720,0,3.2170,6.6760,6.1050
646913.7540,0,3.2140,6.7380,6.1120
646963.7290,0,3.2310,6.7920,6.0890
647013.7100,0,3.1960,6.7800,6.0870
647063.6870,0,3.1720,6.7870,6.0650
647113.6620,0,3.1780,6.7700,6.0860
647163.6400,0,3.1710,6.7650,6.1170
647213.6210,0,3.2040,6.7870,6.1300
647263.5930,0,3.1530,6.6980,6.1180
647313.5720,0,3.1950,6.7130,6.0810
647363.5520,0,3.1930,6.7620,6.0850
647413.5280,0,3.2250,6.6680,6.1030
647463.5040,0,3.1890,6.7510,6.0930
647513.4810,0,3.1950,6.7820,6.0950
647563.4640,0,3.2320,6.7740,6.0840
647613.4360,0,3.2590,6.7210,6.0600
647663.4130,0,3.2150,6.7230,6.0970
647713.3950,0,3.2140,6.6650,6.0890
647763.3740,0,3.2260,6.7150,6.0810
647813.3500,0,3.1560,6.7130,6.1370
647863.3280,0,3.2180,6.7420,6.1200
647913.3040,0,3.1910,6.7140,6.0930
647963.2820,0,3.2060,6.7380,6.0900
648013.2630,0,3.1880,6.7600,6.0970
648063.2350,0,3.2500,6.8330,6.1330
648113.2160,0,3.1760,6.8050,6.0890
648163.1950,0,3.1900,6.7820,6.1170
648213.1690,0,3.2110,6.7120,6.0410
648263.1500,0,3.2350,6.7700,6.0970
648313.1280,0,3.2110,6.7040,6.1270
648363.1060,0,3.2180,6.7440,6.1090
648413.0820,0,3.1660,6.7490,6.0870
648463.0590,0,3.2130,6.7120,6.0970
648513.0360,0,3.1850,6.6930,6.1160
648563.0190,0,3.1940,6.6500,6.1070
648612.9970,0,3.2190,6.6700,6.0940
648662.9710,0,3.1580,6.6270,6.1100
648712.9490,0,3.2250,6.6450,6.1010
648762.9270,0,3.1970,6.6370,6.1130
648812.9030,0,3.2110,6.6630,6.0690
648862.8830,0,3.1890,6.6600,6.0950
648912.8600,0,3.2070,6.7000,6.0790
648962.8390,0,3.2290,6.6550,6.0490
649012.8140,0,3.2420,6.6930,6.0370
649062.7940,0,3.2070,6.6020,6.0980
649112.7740,0,3.1990,6.6730,6.1040
649162.7470,0,3.2120,6.6700,6.0770
649212.7300,0,3.2330,6.6580,6.1210
649262.7080,0,3.2000,6.6540,6.1020
649312.6810,0,3.2430,6.5640,6.0700
649362.6630,0,3.2250,6.6540,6.1180
649412.6390,0,3.2420,6.6510,6.1010
649462.6170,0,3.1900,6.6920,6.1090
649512.5940,0,3.2310,6.6690,6.0970
649562.5710,0,3.1290,6.6280,6.1460
649612.5490,0,3.2240,6.6590,6.0740
649662.5300,0,3.1800,6.5970,6.0700
649712.5040,0,3.1830,6.6570,6.0710
649762.4860,0,3.1450,6.6450,6.1390
649812.4590,0,3.2030,6.6820,6.1400
649862.4370,0,3.2190,6.6180,6.1140
649912.4150,0,3.1970,6.6380,6.1580
649962.3960,0,3.2440,6.6980,6.1090
650012.3750,0,3.2120,6.6540,6.0940
650062.3520,0,3.2030,6.6010,6.1040
650112.3260,0,3.2200,6.6180,6.0940
650162.3060,0,3.1720,6.6740,6.0970
650212.2870,0,3.2110,6.6850,6.0800
650262.2610,0,3.2110,6.7200,6.1010
650312.2370,0,3.2260,6.7230,6.0950
650362.2160,0,3.2250,6.7020,6.0780
650412.1970,0,3.1900,6.7140,6.0590
650462.1720,0,3.1870,6.7430,6.1050
650512.1530,0,3.1900,6.7510,6.0790
650562.1270,0,3.1920,6.7060,6.1190
650612.1040,0,3.1820,6.6620,6.0710
650662.0840,0,3.2230,6.6960,6.0880
650712.0620,0,3.1900,6.7050,6.0970
650762.0430,0,3.2080,6.6800,6.1090
650812.0200,0,3.1960,6.7010,6.0780
650861.9990,0,3.1940,6.7240,6.1180
650911.9750,0,3.2140,6.7150,6.0880
650961.9490,0,3.1950,6.6600,6.0750
651011.9260,0,3.1850,6.6520,6.1040
651061.9040,0,3.1920,6.6650,6.1020
651111.8860,0,3.1720,6.6420,6.1030
651161.8630,0,3.1740,6.6630,6.0970
651211.8380,0,3.2190,6.6690,6.0800
651261.8190,0,3.1860,6.7210,6.0810
651311.7990,0,3.2080,6.7230,6.1360
651361.7770,0,3.2280,6.7480,6.0850
651411.7540,0,3.1990,6.7810,6.0930
651461.7320,0,3.1790,6.7950,6.0020
651511.7080,0,3.2070,6.8330,6.0850
651561.6820,0,3.2070,6.8670,6.0940
651611.6630,0,3.1910,6.8900,6.1020
651661.6420,0,3.1900,6.8810,6.1180
651711.6180,0,3.2050,6.8930,6.1060
651761.5970,0,3.2040,6.8600,6.0820
651811.5710,0,3.1890,6.8780,6.1000
651861.5510,0,3.1890,6.7880,6.1090
651911.5290,0,3.1630,6.8480,6.1020
651961.5110,0,3.1980,6.7420,6.1110
652011.4840,0,3.1980,6.7240,6.1100
652061.4610,0,3.1980,6.7070,6.0780
652111.4440,0,3.2140,6.6880,6.1180
652161.4160,0,3.2240,6.6860,6.1330
652211.3980,0,3.2020,6.7050,6.0700
652261.3730,0,3.2200,6.6940,6.0840
652311.3540,0,3.1810,6.6840,6.1410
652361.3330,0,3.2230,6.6750,6.0960
652411.3100,0,3.2450,6.6890,6.1110
652461.2850,0,3.1720,6.6470,6.1000
652511.2640,0,3.1900,6.6540,6.1070
652561.2440,0,3.1350,6.6760,6.1200
652611.2200,0,3.1660,6.6930,6.0570
652661.1940,0,3.1650,6.6700,6.1480
652711.1740,0,3.1760,6.6980,6.1020
652761.1510,0,3.2010,6.7210,6.1180
652811.1320,0,3.1830,6.7530,6.1220
652861.1100,0,3.1840,6.7430,6.0940
652911.0880,0,3.2270,6.7520,6.0740
652961.0650,0,3.1810,6.7390,6.0730
653011.0420,0,3.1740,6.7590,6.1310
653061.0170,0,3.1780,6.7260,6.0930
653111.0000,0,3.2130,6.7750,6.0670
653160.9750,0,3.1730,6.6970,6.0780
653210.9520,0,3.2090,6.7270,6.1190
653260.9270,0,3.1510,6.7340,6.1080
653310.9100,0,3.1630,6.7730,6.0910
653360.8840,0,3.1840,6.7030,6.1240
653410.8640,0,3.1770,6.7220,6.0780
653460.8420,0,3.2040,6.6960,6.1100
653510.8210,0,3.1950,6.7080,6.0930
653560.7960,0,3.1890,6.7110,6.1340
653610.7770,0,3.1900,6.6760,6.0750
653660.7540,0,3.2090,6.6870,6.1550
653710.7310,0,3.1820,6.7050,6.1080
653760.7070,0,3.2110,6.6810,6.0840
653810.6850,0,3.1780,6.7530,6.1080
653860.6670,0,3.2030,6.7170,6.1140
653910.6400,0,3.2000,6.7550,6.0960
653960.6220,0,3.1620,6.7330,6.0930
654010.5950,0,3.2030,6.7120,6.0930
654060.5790,0,3.2030,6.6970,6.0900
654110.5520,0,3.1640,6.6830,6.1010
654160.5300,0,3.2080,6.6820,6.1120
654210.5060,0,3.1890,6.7570,6.0930
654260.4890,0,3.2310,6.7860,6.1370
654310.4660,0,3.1830,6.7690,6.1300
654360.4430,0,3.1690,6.7520,6.0880
654410.4190,0,3.1820,6.7820,6.0590
654460.3990,0,3.1350,6.7850,6.0800
654510.3770,0,3.1660,6.7530,6.1110
654560.3550,0,3.2140,6.6860,6.1050
654610.3340,0,3.1580,6.7230,6.1210
654660.3090,0,3.2170,6.7220,6.1120
654710.2880,0,3.2100,6.7680,6.1240
654760.2640,0,3.2200,6.7710,6.1140
654810.2440,0,3.2170,6.8310,6.0720
654860.2220,0,3.1860,6.7490,6.1180
654910.2000,0,3.1520,6.7740,6.1040
654960.1730,0,3.2140,6.7830,6.0770
655010.1530,0,3.1860,6.7040,6.1050
655060.1290,0,3.1780,6.7340,6.1100
655110.1090,0,3.1880,6.7820,6.0640
655160.0890,0,3.2480,6.7200,6.1360
655210.0650,0,3.2260,6.6620,6.1200
655260.0450,0,3.1980,6.7100,6.1500
655310.0200,0,3.2070,6.6930,6.0850
655360.0000,0,3.1920,6.7070,6.1690
655409.9760,0,3.2300,6.7200,6.0880
655459.9540,0,3.1740,6.6250,6.1020
655509.9310,0,3.1820,6.7030,6.1020
655559.9120,0,3.2140,6.6780,6.1150
655609.8860,0,3.1980,6.7200,6.1220
655659.8650,0,3.1780,6.6440,6.0840
655709.8450,0,3.1780,6.6650,6.0970
655759.8170,0,3.1890,6.6460,6.0940
655809.8020,0,3.2140,6.6740,6.1020
655859.7760,0,3.1900,6.6760,6.0470
655909.7570,0,3.1800,6.6570,6.0960
655959.7350,0,3.2140,6.7260,6.0610
656009.7090,0,3.2030,6.6670,6.0760
656059.6890,0,3.1920,6.7190,6.0640
656109.6630,0,3.2160,6.7480,6.1070
656159.6450,0,3.2200,6.8150,6.0950
656209.6210,0,3.1800,6.7230,6.0520
656259.6000,0,3.2060,6.7520,6.1270
656309.5790,0,3.2100,6.7590,6.0840
656359.5560,0,3.2020,6.7730,6.1010
656409.5340,0,3.2000,6.7180,6.1000
656459.5120,0,3.2240,6.7440,6.0860
656509.4880,0,3.1850,6.7360,6.0810
656559.4650,0,3.2250,6.7360,6.1350
656609.4420,0,3.2310,6.7440,6.1070
656659.4200,0,3.2000,6.7780,6.1060
656709.3980,0,3.2080,6.8130,6.1290
656759.3770,0,3.2150,6.8250,6.0980
656809.3520,0,3.1640,6.8130,6.0910
656859.3310,0,3.2340,6.7660,6.1010
656909.3090,0,3.1740,6.8290,6.1080
656959.2900,0,3.1940,6.8250,6.0760
657009.2630,0,3.2070,6.8010,6.1190
657059.2430,0,3.2290,6.7900,6.1080
657109.2180,0,3.1430,6.8540,6.1160
657159.1970,0,3.2570,6.8110,6.0520
657209.1750,0,3.1700,6.8860,6.0850
657259.1570,0,3.1580,6.8500,6.0950
657309.1350,0,3.1430,6.9180,6.1040
657359.1120,0,3.2030,6.9150,6.0800
657409.0860,0,3.1300,6.9010,6.0870
657459.0700,0,3.1890,6.9550,6.0570
657509.0410,0,3.1730,6.9180,6.0950
657559.0190,0,3.1880,6.9680,6.1050
657609.0020,0,3.1720,6.9100,6.1110
657658.9760,0,3.2070,6.9380,6.1130
657708.9540,0,3.2120,6.8810,6.0650
657758.9360,0,3.1600,6.8830,6.1150
657808.9120,0,3.1660,6.9200,6.1220
657858.8900,0,3.1950,6.9610,6.0910
657908.8700,0,3.2190,6.9230,6.1220
657958.8410,0,3.2050,6.9360,6.0810
658008.8260,0,3.1670,6.9250,6.0850
658058.8010,0,3.1890,6.9200,6.1370
658108.7770,0,3.2160,6.8660,6.1300
658158.7520,0,3.1390,6.8830,6.1310
658208.7300,0,3.1610,6.8550,6.0880
658258.7090,0,3.1490,6.9110,6.0990
658308.6860,0,3.1950,6.8630,6.1200
658358.6690,0,3.2000,6.8410,6.1180
658408.6460,0,3.1890,6.7940,6.1350
658458.6240,0,3.1840,6.7940,6.1220
658508.6030,0,3.1750,6.8490,6.0750
658558.5770,0,3.2120,6.9270,6.1090
658608.5590,0,3.2110,6.9580,6.1150
658658.5360,0,3.2200,6.9320,6.0760
658708.5100,0,3.1760,6.9300,6.1080
658758.4890,0,3.1640,6.8830,6.0970
658808.4700,0,3.1650,6.9220,6.1170
658858.4470,0,3.1730,6.9380,6.1000
658908.4200,0,3.1730,6.9510,6.1260
658958.4030,0,3.1650,6.8930,6.1280
659008.3800,0,3.1620,6.9080,6.1140
659058.3530,0,3.2400,6.9370,6.1190
659108.3330,0,3.1650,6.8870,6.1240
659158.3130,0,3.1890,6.8630,6.0850
659208.2870,0,3.1560,6.8700,6.1180
659258.2680,0,3.1560,6.8580,6.1020
659308.2440,0,3.2080,6.8400,6.1000
659358.2200,0,3.1460,6.8310,6.1070
659408.2040,0,3.1930,6.8700,6.0810
659458.1780,0,3.1930,6.8560,6.1100
659508.1580,0,3.2190,6.8620,6.0860
659558.1320,0,3.2060,6.8870,6.0880
659608.1120,0,3.2030,6.8310,6.1040
659658.0880,0,3.1710,6.8540,6.0930
659708.0710,0,3.1790,6.9100,6.1020
659758.0470,0,3.1880,6.9040,6.1130
659808.0290,0,3.1430,6.9150,6.0800
659858.0040,0,3.1760,6.8890,6.0860
659907.9790,0,3.1870,6.8490,6.0910
659957.9590,0,3.1370,6.9460,6.1210
660007.9400,0,3.1920,6.9280,6.1490
660057.9210,0,3.1960,6.9060,6.0650
660107.8950,0,3.1740,6.8930,6.0730
660157.8740,0,3.1620,6.9280,6.0820
660207.8550,0,3.1880,6.9360,6.0690
660257.8330,0,3.1810,6.8790,6.0830
660307.8100,0,3.1480,6.8680,6.0790
660357.7870,0,3.1930,6.9340,6.0980
660407.7700,0,3.1780,6.8800,6.0610
660457.7430,0,3.1950,6.8840,6.0640
660507.7250,0,3.2160,6.8900,6.0300
660557.7000,0,3.1580,6.9300,6.1150
660607.6800,0,3.1830,6.9230,6.0730
660657.6570,0,3.1630,6.8630,6.1160
660707.6350,0,3.1800,6.8940,6.1370
660757.6180,0,3.1900,6.8650,6.0940
660807.5950,0,3.1950,6.8220,6.0780
660857.5760,0,3.2090,6.8930,6.1190
660907.5510,0,3.1980,6.8200,6.1080
660957.5320,0,3.2060,6.8220,6.1110
661007.5100,0,3.1810,6.8550,6.1010
661057.4900,0,3.1930,6.8460,6.1030
661107.4640,0,3.1530,6.8880,6.1300
661157.4420,0,3.1850,6.9570,6.0900
661207.4210,0,3.2050,6.8760,6.0720
661257.4040,0,3.1810,6.8870,6.1370
661307.3780,0,3.2060,6.8900,6.0520
661357.3610,0,3.1900,6.8820,6.0800
661407.3400,0,3.1530,6.9120,6.0900
661457.3180,0,3.2040,6.9800,6.0730
661507.2930,0,3.2340,6.9410,6.1220
661557.2750,0,3.2020,6.9400,6.0720
661607.2490,0,3.1480,6.9750,6.1200
661657.2330,0,3.2110,6.9680,6.1340
661707.2070,0,3.2050,6.9240,6.1030
661757.1830,0,3.1790,6.9350,6.1030
661807.1660,0,3.1800,6.8460,6.0600
661857.1410,0,3.1800,6.9340,6.0920
661907.1260,0,3.1760,6.8990,6.0900
661957.1030,0,3.1560,6.9240,6.0730
662007.0800,0,3.1810,6.9180,6.1350
662057.0570,0,3.1890,6.9030,6.1480
662107.0390,0,3.1680,6.9330,6.1310
662157.0160,0,3.1840,6.9070,6.0810
662206.9960,0,3.2150,6.9650,6.1420
662256.9730,0,3.1980,6.9860,6.0990
662306.9470,0,3.1420,6.9790,6.0930
662356.9300,0,3.1820,6.9820,6.1240
662406.9040,0,3.1920,6.9160,6.1240
662456.8860,0,3.1650,6.9140,6.1080
662506.8660,0,3.2030,6.9120,6.0440
662556.8420,0,3.1740,6.9170,6.0700
662606.8190,0,3.1870,6.9550,6.0950
662656.8020,0,3.1760,6.9110,6.0750
662706.7790,0,3.1870,6.9070,6.1290
662756.7580,0,3.1770,6.8940,6.1160
662806.7360,0,3.1480,6.9330,6.0660
662856.7160,0,3.1530,6.8850,6.0920
662906.6950,0,3.2150,6.9070,6.0610
662956.6690,0,3.1950,6.9490,6.0930
663006.6480,0,3.2090,6.9090,6.1170
663056.6310,0,3.1750,6.9290,6.0860
663106.6060,0,3.1740,6.9690,6.1180
663156.5840,0,3.1900,6.9420,6.1110
663206.5670,0,3.1810,6.9170,6.1040
663256.5440,0,3.1820,6.9070,6.0930
663306.5210,0,3.2050,6.9270,6.1170
663356.4980,0,3.2020,6.9400,6.0830
663406.4770,0,3.2140,6.9290,6.0900
663456.4580,0,3.1960,6.8850,6.1270
663506.4320,0,3.1390,6.9380,6.1330
663556.4160,0,3.2130,6.9420,6.0860
663606.3920,0,3.1640,6.9230,6.1290
663656.3730,0,3.1700,6.9110,6.0650
663706.3500,0,3.1770,6.9010,6.1140
663756.3300,0,3.1860,6.8890,6.1030
663806.3080,0,3.1880,6.8680,6.0680
663856.2850,0,3.2260,6.9180,6.0820
663906.2650,0,3.2010,6.8370,6.1310
663956.2420,0,3.1830,6.8980,6.0940
664006.2190,0,3.1890,6.9000,6.1310
664056.1990,0,3.1950,6.9180,6.1090
664106.1740,0,3.1580,6.8620,6.0890
664156.1540,0,3.1810,6.9000,6.1460
664206.1310,0,3.1620,6.8100,6.1270
664256.1100,0,3.1930,6.8340,6.1180
664306.0900,0,3.1780,6.8490,6.0730
664356.0730,0,3.1690,6.8660,6.1040
664406.0510,0,3.1760,6.7890,6.0920
664456.0280,0,3.1760,6.8310,6.0990
664506.0040,0,3.1310,6.8140,6.1180
664555.9830,0,3.1840,6.8430,6.0990
664605.9590,0,3.2270,6.8610,6.0970
664655.9400,0,3.1950,6.8550,6.0910
664705.9190,0,3.2150,6.8820,6.0620
664755.8980,0,3.1730,6.8850,6.1230
664805.8760,0,3.1470,6.8360,6.1320
664855.8550,0,3.1920,6.8350,6.0970
664905.8340,0,3.2180,6.8420,6.1120
664955.8090,0,3.1680,6.8560,6.0710
665005.7940,0,3.2250,6.8700,6.0690
665055.7660,0,3.1820,6.8960,6.0760
665105.7470,0,3.1890,6.8900,6.1030
665155.7220,0,3.1650,6.9450,6.1070
665205.7050,0,3.1710,6.9660,6.0600
665255.6820,0,3.1980,6.9100,6.0890
665305.6600,0,3.1750,6.9190,6.0990
665355.6400,0,3.1880,6.9530,6.1120
665405.6210,0,3.1500,6.8980,6.1000
665455.5940,0,3.1910,6.9220,6.0880
665505.5730,0,3.2120,6.9010,6.0640
665555.5550,0,3.1970,6.8930,6.1310
665605.5330,0,3.1840,6.8910,6.1340
665655.5130,0,3.1490,6.8320,6.0590
665705.4930,0,3.1990,6.8130,6.1090
665755.4660,0,3.2040,6.8420,6.0830
665805.4460,0,3.1770,6.8740,6.1080
665855.4210,0,3.2020,6.8560,6.0940
665905.4030,0,3.1920,6.8110,6.0970
665955.3850,0,3.1790,6.8990,6.0310
666005.3620,0,3.2160,6.9030,6.1170
666055.3380,0,3.1780,6.9120,6.0930
666105.3210,0,3.1760,6.8060,6.1090
666155.2980,0,3.1970,6.8190,6.0720
666205.2770,0,3.1540,6.8070,6.0930
666255.2550,0,3.1700,6.8270,6.1020
666305.2310,0,3.1750,6.8280,6.0790
666355.2130,0,3.2050,6.8050,6.0590
666405.1870,0,3.2030,6.7950,6.1100
666455.1690,0,3.1910,6.8210,6.1420
666505.1450,0,3.1840,6.7990,6.0850
666555.1270,0,3.1940,6.8050,6.1340
666605.1030,0,3.1580,6.8150,6.1230
666655.0790,0,3.1720,6.7970,6.1150
666705.0600,0,3.1770,6.8200,6.1120
666755.0400,0,3.1710,6.8470,6.0680
666805.0190,0,3.2050,6.7610,6.0730
666854.9960,0,3.1760,6.7820,6.0930
666904.9740,0,3.2340,6.7900,6.1210
666954.9510,0,3.1930,6.7740,6.1240
667004.9310,0,3.1830,6.7520,6.1110
667054.9120,0,3.2070,6.7770,6.1130
667104.8910,0,3.1510,6.7090,6.0710
667154.8650,0,3.1770,6.7470,6.1150
667204.8450,0,3.1660,6.8080,6.1130
667254.8260,0,3.1750,6.7840,6.0940
667304.8050,0,3.1630,6.7430,6.1060
667354.7770,0,3.1690,6.7320,6.1050
667404.7570,0,3.1610,6.7570,6.1000
667454.7380,0,3.2160,6.7510,6.0830
667504.7150,0,3.2020,6.7920,6.1190
667554.6950,0,3.1570,6.6840,6.0480
667604.6720,0,3.1980,6.7820,6.1230
667654.6530,0,3.1910,6.8080,6.0510
667704.6310,0,3.1820,6.7910,6.0990
667754.6100,0,3.2310,6.7460,6.0940
667804.5850,0,3.2060,6.7620,6.1080
667854.5650,0,3.1840,6.7410,6.0950
667904.5450,0,3.1990,6.7740,6.0950
667954.5240,0,3.2380,6.7100,6.1180
668004.5030,0,3.1570,6.7600,6.1020
668054.4800,0,3.1910,6.7500,6.0640
668104.4600,0,3.2170,6.7480,6.1260
668154.4330,0,3.1740,6.7570,6.1250
668204.4150,0,3.1580,6.7240,6.0760
668254.3950,0,3.2160,6.7510,6.1110
668304.3740,0,3.1930,6.7500,6.0900
668354.3530,0,3.1710,6.7660,6.0500
668404.3310,0,3.1800,6.7220,6.0850
668454.3050,0,3.2320,6.7040,6.1200
668504.2870,0,3.2220,6.6840,6.1010
668554.2680,0,3.1880,6.7150,6.1240
668604.2430,0,3.2110,6.7700,6.1020
668654.2220,0,3.1690,6.7260,6.0980
668704.2040,0,3.2010,6.7070,6.0760
668754.1800,1,3.2040,6.6890,6.1050
668804.1550,0,3.1740,6.6790,6.0530
668854.1380,2,3.1670,6.7650,6.0670
668904.1110,0,3.2110,6.7990,6.0810
668954.0920,1,3.1920,6.8100,6.1170
669004.0710,0,3.1490,6.8800,6.1420
669054.0510,2,3.1700,6.8130,6.1230
669104.0260,0,3.1750,6.8300,6.0780
669154.0080,1,3.2030,6.8550,6.0750
669203.9850,0,3.1700,6.8220,6.1000
669253.9640,2,3.2060,6.8510,6.1030
669303.9440,0,3.1350,6.8040,6.1030
669353.9190,1,3.2210,6.8590,6.0860
669403.8980,0,3.2100,6.8240,6.0720
669453.8750,2,3.1770,6.8240,6.0780
669503.8570,0,3.1980,6.8080,6.1020
669553.8320,1,3.1570,6.7750,6.0640
669603.8160,0,3.1670,6.7720,6.0710
669653.7950,2,3.2160,6.7440,6.0850
669703.7680,0,3.2360,6.7570,6.0950
669753.7500,1,3.1500,6.7410,6.1330
669803.7260,0,3.1880,6.7410,6.0820
669853.7050,2,3.1820,6.7410,6.0510
669903.6840,0,3.1580,6.7010,6.1460
669953.6620,1,3.1700,6.7900,6.1280
670003.6440,0,3.2120,6.7770,6.1440
670053.6210,2,3.1910,6.8000,6.0820
670103.6020,0,3.1720,6.7210,6.0820
670153.5760,1,3.1890,6.7740,6.1060
670203.5560,0,3.1680,6.6850,6.0810
670253.5350,2,3.1810,6.7390,6.1190
670303.5130,0,3.1940,6.6840,6.1030
670353.4890,1,3.2060,6.6790,6.1020
670403.4710,0,3.2110,6.7400,6.0990
670453.4470,2,3.2200,6.7090,6.1130
670503.4280,0,3.1590,6.7100,6.0970
670553.4050,1,3.2120,6.6950,6.0780
670603.3820,0,3.2330,6.7060,6.1360
670653.3600,2,3.1990,6.6730,6.1250
670703.3420,0,3.1800,6.7150,6.1340
670753.3200,1,3.1990,6.7350,6.0790
670803.3010,0,3.1810,6.7530,6.1210
670853.2790,2,3.1810,6.7370,6.1130
670903.2520,0,3.2020,6.7390,6.0940
670953.2350,1,3.2310,6.8090,6.0890
671003.2140,0,3.1800,6.8600,6.1490
671053.1920,2,3.1840,6.7770,6.0900
671103.1670,0,3.1600,6.7750,6.0800
671153.1470,1,3.2230,6.7440,6.1210
671203.1230,0,3.2170,6.7530,6.1190
671253.1020,2,3.1790,6.7620,6.1090
671303.0860,0,3.2000,6.8230,6.1030
671353.0590,1,3.2500,6.8300,6.1180
671403.0380,0,3.2420,6.7870,6.0760
671453.0180,2,3.1880,6.7490,6.0710
671502.9950,0,3.2120,6.7880,6.0510
671552.9790,1,3.1710,6.7480,6.1200
671602.9530,0,3.1870,6.7320,6.0730
671652.9310,2,3.1520,6.7100,6.1190
671702.9110,0,3.1720,6.7200,6.0440
671752.8900,1,3.2010,6.6890,6.0500
671802.8660,0,3.1990,6.7090,6.0790
671852.8410,2,3.1810,6.7080,6.1390
671902.8200,0,3.1760,6.6930,6.1280
671952.7970,1,3.1780,6.6950,6.1050
672002.7760,0,3.2100,6.6770,6.0980
672052.7540,2,3.1840,6.6890,6.1480
672102.7310,0,3.1750,6.7060,6.0590
672152.7120,1,3.2410,6.6690,6.1270
672202.6830,0,3.2090,6.6330,6.1190
672252.6620,2,3.1950,6.6660,6.1140
672302.6410,0,3.2030,6.6560,6.0680
672352.6190,1,3.1780,6.6980,6.0750
672402.5950,0,3.1860,6.6880,6.0770
672452.5730,2,3.1980,6.6950,6.1190
672502.5520,0,3.2140,6.6830,6.0840
672552.5290,1,3.2180,6.7030,6.0600
672602.5090,0,3.1830,6.6800,6.1160
672652.4830,2,3.2140,6.6580,6.0680
672702.4620,0,3.1840,6.6990,6.0830
672752.4420,1,3.2080,6.6810,6.0930
672802.4150,0,3.1780,6.7130,6.0750
672852.3940,2,3.1670,6.6770,6.0910
672902.3680,0,3.1700,6.7220,6.0870
672952.3500,1,3.2430,6.6970,6.1090
673002.3290,0,3.1910,6.6970,6.1050
673052.3000,2,3.1930,6.6460,6.0670
673102.2840,0,3.1930,6.7270,6.1430
673152.2570,1,3.2240,6.7070,6.0580
673202.2370,0,3.2160,6.6960,6.1060
673252.2110,2,3.1900,6.7090,6.1230
673302.1920,0,3.1910,6.7790,6.1020
673352.1690,1,3.1940,6.7080,6.1200
673402.1450,0,3.1990,6.7070,6.1470
673452.1240,2,3.1770,6.7090,6.0870
673502.1000,0,3.1400,6.7610,6.0620
673552.0820,1,3.1930,6.7000,6.0770
673602.0560,0,3.1890,6.7290,6.1300
673652.0320,2,3.2210,6.7460,6.0860
673702.0090,0,3.2110,6.6790,6.0790
673751.9910,1,3.1930,6.6950,6.1090
673801.9650,0,3.1510,6.6910,6.1310
673851.9420,2,3.2180,6.7030,6.0680
673901.9250,0,3.2020,6.7150,6.1080
673951.9020,1,3.1960,6.7430,6.1030
674001.8750,0,3.2120,6.6870,6.1460
674051.8560,2,3.1930,6.7020,6.0750
674101.8350,0,3.2090,6.6940,6.1040
674151.8130,1,3.1540,6.6750,6.0800
674201.7900,0,3.2220,6.7280,6.0980
674251.7620,2,3.1800,6.7080,6.0850
674301.7400,0,3.1740,6.7650,6.0620
674351.7200,1,3.1740,6.7650,6.0930
674401.6960,0,3.1800,6.7490,6.0700
674451.6770,2,3.1780,6.7740,6.1080
674501.6510,0,3.1600,6.6550,6.0550
674551.6260,1,3.1800,6.6930,6.0950
674601.6080,0,3.1690,6.7430,6.1050
674651.5880,2,3.1600,6.7230,6.1380
674701.5630,0,3.1880,6.7470,6.1000
674751.5410,1,3.1750,6.7760,6.0790
674801.5180,0,3.1890,6.7760,6.1320
674851.4950,2,3.1730,6.7330,6.1010
674901.4710,0,3.2090,6.7840,6.0800
674951.4480,1,3.1660,6.7880,6.0540
675001.4300,0,3.1950,6.7050,6.0940
675051.4040,2,3.2020,6.6880,6.1050
675101.3810,0,3.1960,6.6730,6.1270
675151.3570,1,3.1630,6.7120,6.1120
675201.3370,0,3.2230,6.6900,6.0790
675251.3160,2,3.1930,6.6270,6.1170
675301.2910,0,3.2100,6.6910,6.0910
675351.2680,1,3.1780,6.6540,6.1200
675401.2460,0,3.2410,6.6830,6.0910
675451.2250,2,3.1960,6.6550,6.1160
675501.2010,0,3.1830,6.6630,6.0640
675551.1790,1,3.1540,6.7040,6.0740
675601.1580,0,3.2250,6.6870,6.0830
675651.1330,2,3.2000,6.6750,6.1200
675701.1100,0,3.2140,6.6620,6.0880
675751.0890,1,3.1840,6.7230,6.1190
675801.0660,0,3.1750,6.7190,6.1140
675851.0480,2,3.1950,6.6720,6.0740
675901.0260,0,3.2110,6.6950,6.0770
675951.0030,1,3.2020,6.7020,6.1200
676000.9780,0,3.1970,6.7090,6.1580
676050.9560,2,3.2200,6.6930,6.1230
676100.9310,0,3.1900,6.6900,6.1200
676150.9070,1,3.1960,6.6770,6.1030
676200.8880,0,3.1880,6.6920,6.1030
676250.8670,2,3.1780,6.7060,6.0750
676300.8460,0,3.1940,6.6610,6.1350
676350.8200,1,3.2210,6.6670,6.0990
676400.7950,0,3.2190,6.7300,6.0750
676450.7730,2,3.1420,6.6420,6.1230
676500.7560,0,3.1590,6.6490,6.1450
676550.7330,1,3.1670,6.6690,6.1070
676600.7080,0,3.2300,6.7240,6.0840
676650.6840,2,3.2150,6.7770,6.1000
676700.6610,0,3.1970,6.7170,6.0750
676750.6400,1,3.2220,6.6840,6.0990
676800.6150,0,3.2390,6.6930,6.1020
676850.5960,2,3.1690,6.6370,6.1200
676900.5720,0,3.2150,6.6240,6.0670
676950.5520,1,3.2020,6.6660,6.1030
677000.5280,0,3.2030,6.6750,6.0780
677050.5030,2,3.2250,6.6520,6.0730
677100.4830,0,3.1900,6.6950,6.0990
677150.4620,1,3.1820,6.7280,6.0880
677200.4390,0,3.1910,6.7080,6.0900
677250.4130,2,3.1920,6.7000,6.1250
677300.3910,0,3.2060,6.6970,6.1260
677350.3710,1,3.2030,6.6960,6.1090
677400.3460,0,3.2190,6.6320,6.0680
677450.3260,2,3.2430,6.6720,6.1120
677500.3070,0,3.2460,6.6250,6.0670
677550.2780,1,3.2140,6.6490,6.0680
677600.2600,0,3.2040,6.6850,6.0910
677650.2370,2,3.2040,6.6530,6.1010
677700.2160,0,3.1930,6.6880,6.0620
677750.1890,1,3.2290,6.6300,6.0650
677800.1710,0,3.1730,6.6500,6.0930
677850.1490,2,3.1890,6.7170,6.0930
677900.1220,0,3.2000,6.6630,6.0610
677950.1030,1,3.2250,6.6950,6.1040
678000.0760,0,3.1560,6.6440,6.1150
678050.0560,2,3.2000,6.6640,6.0960
678100.0320,0,3.2200,6.6500,6.0640
678150.0090,1,3.2240,6.6580,6.0580
678199.9900,0,3.2010,6.6980,6.0600
678249.9660,2,3.1950,6.6800,6.1070
678299.9460,0,3.1680,6.6700,6.0830
678349.9220,1,3.1630,6.7100,6.0660
678399.9020,0,3.2310,6.6400,6.1000
678449.8740,2,3.1950,6.6150,6.0930
678499.8510,0,3.2280,6.6250,6.0880
678549.8300,1,3.1650,6.6390,6.1030
678599.8100,0,3.1430,6.6070,6.1130
678649.7890,2,3.2280,6.6500,6.0890
678699.7660,0,3.1960,6.6270,6.0930
678749.7410,1,3.2020,6.7100,6.1180
678799.7200,0,3.2110,6.7260,6.1030
678849.6980,2,3.1980,6.7240,6.0960
678899.6710,0,3.1400,6.7100,6.0970
678949.6540,1,3.1800,6.6660,6.1390
678999.6290,0,3.2290,6.6900,6.1090
679049.6060,2,3.1790,6.7070,6.0850
679099.5820,0,3.1800,6.6700,6.1030
679149.5630,1,3.2160,6.6530,6.0490
679199.5410,0,3.1870,6.7020,6.1040
679249.5190,2,3.1730,6.7120,6.0650
679299.4950,0,3.1800,6.6820,6.1350
679349.4720,1,3.1770,6.7200,6.0860
679399.4500,0,3.2050,6.7130,6.1100
679449.4300,2,3.1970,6.6530,6.0560
679499.4070,0,3.1690,6.6540,6.1240
679549.3840,1,3.1850,6.6380,6.1080
679599.3570,0,3.1930,6.6620,6.0970
679649.3360,2,3.1910,6.7000,6.0260
679699.3110,0,3.1540,6.6790,6.1150
679749.2910,1,3.1830,6.6860,6.1140
679799.2680,0,3.2420,6.7100,6.0950
679849.2460,2,3.1780,6.7390,6.1010
679899.2220,0,3.1850,6.7170,6.1130
679949.2030,1,3.1750,6.6870,6.0910
679999.1790,0,3.2100,6.6820,6.0820
680049.1540,2,3.1850,6.6780,6.0930
680099.1350,0,3.1610,6.6340,6.0810
680149.1140,1,3.2080,6.6250,6.1000
680199.0930,0,3.2070,6.6820,6.1460
680249.0680,2,3.1860,6.7030,6.1150
680299.0420,0,3.2160,6.6920,6.1140
680349.0240,1,3.1960,6.6550,6.0930
680398.9970,0,3.2130,6.6650,6.0880
680448.9770,2,3.1770,6.6720,6.1110
680498.9520,0,3.2010,6.6290,6.0900
680548.9320,1,3.1860,6.6460,6.0620
680598.9070,0,3.2030,6.6590,6.1170
680648.8840,2,3.1730,6.6140,6.0870
680698.8620,0,3.1600,6.6760,6.0820
680748.8420,1,3.2180,6.6100,6.1060
680798.8230,0,3.1870,6.6200,6.1370
680848.7960,2,3.1940,6.6590,6.0770
680898.7730,0,3.2140,6.7140,6.0930
680948.7550,1,3.2060,6.6500,6.0990
680998.7260,0,3.1670,6.7120,6.1230
681048.7080,2,3.2010,6.6450,6.0710
681098.6870,0,3.2100,6.6740,6.0940
681148.6590,1,3.2020,6.6780,6.1620
681198.6400,0,3.1500,6.7120,6.0880
681248.6150,2,3.1980,6.6060,6.0860
681298.5950,0,3.1620,6.7220,6.1080
681348.5740,1,3.1830,6.6790,6.1060
681398.5520,0,3.1910,6.6160,6.0520
681448.5300,2,3.1930,6.7030,6.0990
681498.5060,0,3.1730,6.6900,6.0780
681548.4830,1,3.1970,6.6870,6.1170
681598.4600,0,3.1660,6.6600,6.1300
681648.4350,2,3.2230,6.6830,6.1010
681698.4130,0,3.2450,6.6910,6.0600
681748.3950,1,3.1740,6.6620,6.0950
681798.3690,0,3.1930,6.6390,6.1000
681848.3470,2,3.2010,6.6110,6.0760
681898.3230,0,3.1910,6.6390,6.0550
681948.2990,1,3.1820,6.6390,6.0820
681998.2760,0,3.2320,6.6440,6.1090
682048.2570,2,3.1680,6.5690,6.1340
682098.2360,0,3.1850,6.5970,6.1210
682148.2110,1,3.2070,6.5840,6.1010
682198.1920,0,3.1880,6.6180,6.0760
682248.1650,2,3.1820,6.6450,6.0870
682298.1450,0,3.1960,6.6230,6.0890
682348.1240,1,3.1910,6.6570,6.0480
682398.0990,0,3.1650,6.6320,6.0990
682448.0750,2,3.2100,6.6460,6.0880
682498.0520,0,3.1670,6.6350,6.0870
682548.0360,1,3.1670,6.6500,6.1250
682598.0130,0,3.1600,6.6800,6.0970
682647.9900,2,3.1900,6.6750,6.0390
682697.9660,0,3.1800,6.6660,6.0890
682747.9400,1,3.1790,6.6640,6.0680
682797.9170,0,3.2200,6.7140,6.0600
682847.8960,2,3.2200,6.6830,6.0900
682897.8750,0,3.2080,6.7300,6.1080
682947.8530,1,3.2250,6.7020,6.0850
682997.8280,0,3.2050,6.6940,6.0890
683047.8070,2,3.1980,6.6760,6.1350
683097.7860,0,3.1640,6.6210,6.0850
683147.7650,1,3.1840,6.6720,6.0840
683197.7400,0,3.2140,6.6760,6.0980
683247.7190,2,3.1660,6.6920,6.0930
683297.6930,0,3.1650,6.7230,6.0550
683347.6710,1,3.1950,6.7330,6.1060
683397.6470,0,3.1960,6.7310,6.0800
683447.6250,2,3.1800,6.7320,6.0840
683497.6050,0,3.1750,6.7320,6.0880
683547.5840,1,3.2010,6.6680,6.1050
683597.5600,0,3.1750,6.6750,6.0820
683647.5380,2,3.2210,6.6360,6.1010
683697.5160,0,3.1600,6.6390,6.0780
683747.4960,1,3.2000,6.6420,6.0740
683797.4700,0,3.2040,6.6340,6.1240
683847.4510,2,3.1890,6.6410,6.1240
683897.4260,0,3.1610,6.6020,6.0580
683947.4040,1,3.1970,6.6360,6.0790
683997.3830,0,3.2380,6.6930,6.1090
684047.3620,2,3.1780,6.6570,6.0930
684097.3410,0,3.1610,6.6620,6.0870
684147.3170,1,3.1930,6.6600,6.0390
684197.2950,0,3.1430,6.6150,6.0980
684247.2750,2,3.2030,6.6510,6.1260
684297.2500,0,3.1900,6.6510,6.0870
684347.2300,1,3.1840,6.6440,6.1290
684397.2070,0,3.2020,6.6980,6.0460
684447.1880,2,3.2120,6.7230,6.1120
684497.1670,0,3.2200,6.6730,6.0890
684547.1390,1,3.2380,6.6720,6.1040
684597.1200,0,3.1780,6.6580,6.1130
684647.0960,2,3.1890,6.6720,6.1100
684697.0720,0,3.2000,6.6410,6.1390
684747.0550,1,3.1970,6.6490,6.0900
684797.0320,0,3.2120,6.6480,6.1080
684847.0110,2,3.2050,6.6730,6.0650
684896.9850,0,3.1880,6.6780,6.0880
684946.9640,1,3.2190,6.7040,6.1190
684996.9410,0,3.1910,6.7210,6.0680
685046.9240,2,3.1860,6.7860,6.1300
685096.8960,0,3.1780,6.6700,6.1130
685146.8780,1,3.2080,6.7340,6.1190
685196.8570,0,3.1830,6.6930,6.1280
685246.8300,2,3.1980,6.6900,6.0430
685296.8130,0,3.1910,6.6210,6.1130
685346.7890,1,3.1920,6.7240,6.0820
685396.7650,0,3.2280,6.6700,6.1170
685446.7440,0,3.2110,6.7000,6.0760
685496.7240,2,3.1780,6.6130,6.0920
685546.7020,1,3.1840,6.6160,6.1060
685596.6800,0,3.2020,6.6050,6.1510
685646.6600,2,3.1730,6.6720,6.0980
685696.6320,0,3.1820,6.6610,6.0750
685746.6150,1,3.1860,6.6970,6.0370
685796.5880,0,3.1780,6.6570,6.1200
685846.5690,0,3.1790,6.6490,6.1060
685896.5490,2,3.2330,6.6390,6.1000
685946.5240,1,3.2110,6.6540,6.0690
685996.5040,0,3.1770,6.6760,6.1080
686046.4790,2,3.1820,6.6400,6.0610
686096.4590,0,3.2130,6.6870,6.0920
686146.4360,1,3.1700,6.7080,6.1030
686196.4130,0,3.2150,6.7190,6.1240
686246.3940,0,3.2360,6.6750,6.1220
686296.3680,2,3.2160,6.7090,6.1260
686346.3470,1,3.2260,6.7400,6.0750
686396.3230,0,3.1810,6.7200,6.0810
686446.3020,2,3.2000,6.7050,6.1050
686496.2810,0,3.1900,6.7130,6.0910
686546.2570,1,3.1760,6.6860,6.0760
686596.2400,0,3.1740,6.6400,6.0690
686646.2130,0,3.1790,6.5870,6.1090
686696.1970,2,3.1920,6.6400,6.1010
686746.1730,1,3.2140,6.6750,6.0690
686796.1480,0,3.1630,6.7000,6.0680
686846.1270,2,3.1640,6.6720,6.1320
686896.1050,0,3.1920,6.7110,6.0810
686946.0820,1,3.2170,6.6450,6.0700
686996.0590,0,3.2360,6.6320,6.0580
687046.0420,0,3.1870,6.6510,6.0890
687096.0150,2,3.2080,6.7380,6.1050
687145.9930,1,3.1850,6.6960,6.0700
687195.9710,0,3.1850,6.7340,6.0870
687245.9520,2,3.1970,6.7510,6.0350
687295.9320,0,3.1970,6.7940,6.1050
687345.9080,1,3.2260,6.7250,6.1120
687395.8880,0,3.1830,6.7530,6.1090
687445.8610,0,3.2670,6.7250,6.1420
687495.8410,2,3.2450,6.6820,6.0920
687545.8180,1,3.1510,6.6840,6.0600
687595.8000,0,3.1690,6.6620,6.1230
687645.7770,2,3.2160,6.6750,6.1070
687695.7540,0,3.2040,6.7320,6.0770
687745.7310,0,3.2230,6.7120,6.0970
687795.7090,1,3.1770,6.6810,6.0730
687845.6890,0,3.1960,6.6880,6.1000
687895.6650,2,3.1910,6.7360,6.0860
687945.6440,1,3.1740,6.7620,6.1240
687995.6190,0,3.2130,6.6680,6.1240
688045.6010,2,3.1870,6.7090,6.0360
688095.5790,0,3.1710,6.5940,6.0760
688145.5550,0,3.2300,6.6860,6.1470
688195.5340,1,3.2090,6.6540,6.0770
688245.5120,0,3.1900,6.6400,6.0770
688295.4860,2,3.2300,6.6850,6.0860
688345.4690,1,3.1930,6.6920,6.1110
688395.4430,0,3.1920,6.6870,6.1010
688445.4260,2,3.1960,6.6860,6.1080
688495.3980,0,3.2220,6.6970,6.1510
688545.3760,0,3.1730,6.6580,6.1160
688595.3540,1,3.1780,6.6810,6.1470
688645.3350,0,3.2110,6.6450,6.0810
688695.3160,2,3.1920,6.6760,6.1040
688745.2890,1,3.2510,6.6410,6.1120
688795.2670,0,3.2420,6.6480,6.0590
688845.2460,0,3.1960,6.6560,6.0700
688895.2270,2,3.1860,6.6350,6.0890
688945.2020,0,3.1760,6.6990,6.0940
688995.1790,1,3.2050,6.7780,6.1060
689045.1590,0,3.1590,6.8170,6.0900
689095.1400,2,3.1650,6.7980,6.0520
689145.1180,1,3.1920,6.8010,6.0780
689195.0930,0,3.1920,6.7280,6.1060
689245.0680,0,3.1980,6.7180,6.1400
689295.0490,2,3.2130,6.7550,6.1130
689345.0270,0,3.1900,6.7860,6.1070
689395.0020,1,3.2090,6.8080,6.1190
689444.9820,0,3.1800,6.8360,6.1250
689494.9580,2,3.1890,6.7970,6.1190
689544.9410,1,3.1900,6.8260,6.0670
689594.9140,0,3.1870,6.8110,6.0880
689644.8930,0,3.2130,6.8340,6.1030
689694.8710,2,3.2120,6.7650,6.1370
689744.8480,0,3.1420,6.7610,6.0950
689794.8290,1,3.1740,6.7480,6.1380
689844.8060,0,3.1990,6.6850,6.1160
689894.7860,2,3.1910,6.7130,6.0950
689944.7630,1,3.2060,6.6370,6.0870
689994.7420,0,3.2030,6.6710,6.1090
690044.7200,0,3.2090,6.6960,6.1140
690094.6990,2,3.2220,6.6540,6.0770
690144.6760,0,3.1900,6.7130,6.0870
690194.6520,1,3.1770,6.6910,6.0500
690244.6300,0,3.1990,6.6980,6.0870
690294.6060,2,3.1760,6.7030,6.0880
690344.5890,1,3.1600,6.6670,6.0860
690394.5620,0,3.1960,6.6780,6.0900
690444.5450,0,3.1880,6.6770,6.1100
690494.5210,2,3.2120,6.6690,6.0760
690544.4980,0,3.2190,6.6880,6.0740
690594.4740,1,3.1840,6.6750,6.1490
690644.4510,0,3.2210,6.6560,6.1170
690694.4330,2,3.2230,6.6290,6.0840
690744.4120,0,3.1980,6.6350,6.0390
690794.3880,1,3.1610,6.6700,6.1190
690844.3670,0,3.2030,6.6810,6.0940
690894.3440,2,3.2000,6.6410,6.1070
690944.3250,0,3.2050,6.6160,6.0690
690994.3010,1,3.2000,6.6640,6.1060
691044.2740,0,3.1720,6.6330,6.1060
691094.2560,2,3.2050,6.6180,6.0820
691144.2350,0,3.1480,6.5890,6.0970
691194.2090,1,3.1850,6.5970,6.0930
691244.1920,0,3.1760,6.6920,6.0740
691294.1640,2,3.2080,6.6690,6.1150
691344.1420,0,3.2370,6.6400,6.0820
691394.1210,1,3.1690,6.6900,6.0530
691444.1030,0,3.1850,6.6950,6.0580
691494.0800,2,3.1620,6.6720,6.0950
691544.0580,0,3.1660,6.6340,6.1170
691594.0320,1,3.2020,6.6740,6.0910
691644.0150,0,3.2190,6.6550,6.0930
691693.9940,2,3.2200,6.6280,6.1070
691743.9710,0,3.1910,6.6530,6.0630
691793.9460,1,3.1600,6.6920,6.1180
691843.9280,2,3.1590,6.6760,6.0920
691893.9010,0,3.1970,6.6390,6.1190
691943.8790,0,3.2200,6.7030,6.0820
691993.8610,1,3.1710,6.6970,6.1050
692043.8360,0,3.1820,6.6930,6.0910
692093.8130,2,3.2020,6.7030,6.1080
692143.7940,0,3.1790,6.6810,6.0860
692193.7740,1,3.1680,6.7130,6.1030
692243.7500,0,3.2130,6.7050,6.1290
692293.7260,2,3.1900,6.7250,6.0910
692343.7070,0,3.1890,6.7190,6.1120
692393.6810,1,3.2210,6.7610,6.0640
692443.6630,0,3.1810,6.7730,6.1260
692493.6410,2,3.1910,6.7610,6.0620
692543.6150,0,3.2190,6.7560,6.0450
692593.5930,1,3.1950,6.7700,6.1170
692643.5750,0,3.1490,6.6870,6.1150
692693.5530,2,3.2260,6.7070,6.0590
692743.5310,0,3.2010,6.7350,6.0520
692793.5060,1,3.1770,6.7640,6.0620
692843.4860,0,3.1980,6.6900,6.0930
692893.4600,2,3.1690,6.7130,6.1070
692943.4430,0,3.2070,6.7230,6.1020
692993.4190,1,3.2100,6.7020,6.1000
693043.3970,0,3.1970,6.7290,6.1060
693093.3760,2,3.1980,6.7360,6.1490
693143.3560,0,3.1530,6.7200,6.1470
693193.3290,1,3.1900,6.7080,6.1370
693243.3060,0,3.1710,6.6930,6.0910
693293.2830,2,3.2020,6.7070,6.0540
693343.2620,0,3.2180,6.6880,6.0790
693393.2450,1,3.1800,6.6670,6.0680
693443.2220,0,3.1830,6.6840,6.1280
693493.1960,2,3.1340,6.6940,6.1000
693543.1740,0,3.1860,6.6850,6.0790
693593.1560,1,3.1430,6.6920,6.1210
693643.1300,0,3.2020,6.7340,6.1120
693693.1110,2,3.2130,6.6490,6.0930
693743.0910,0,3.2200,6.6190,6.1320
693793.0630,1,3.2090,6.6980,6.1020
693843.0430,0,3.1860,6.6870,6.1330
693893.0200,2,3.2260,6.6370,6.1390
693943.0020,0,3.2050,6.6300,6.0840
693992.9770,1,3.2150,6.6420,6.0710
694042.9590,0,3.1770,6.6590,6.1030
694092.9360,2,3.1990,6.6460,6.0810
694142.9110,0,3.2100,6.6180,6.0980
694192.8890,1,3.1860,6.6580,6.0940
694242.8660,0,3.2070,6.6750,6.1260
694292.8440,2,3.2220,6.6590,6.1090
694342.8260,0,3.1740,6.6790,6.1380
694392.8020,1,3.1670,6.7150,6.0730
694442.7770,0,3.1720,6.7120,6.0970
694492.7600,2,3.2220,6.7120,6.0590
694542.7390,0,3.1860,6.6520,6.0790
694592.7140,1,3.2100,6.7040,6.0800
694642.6930,0,3.2140,6.6410,6.0830
694692.6680,2,3.1340,6.6810,6.1210
694742.6480,0,3.2190,6.7100,6.0920
694792.6230,1,3.2070,6.6490,6.1250
694842.6010,0,3.2000,6.6520,6.0540
694892.5830,2,3.1740,6.6680,6.1260
694942.5560,0,3.2030,6.7230,6.0890
694992.5380,1,3.2150,6.7020,6.0750
695042.5150,0,3.1470,6.7650,6.1120
695092.4940,2,3.1780,6.7330,6.1000
695142.4710,0,3.1330,6.7220,6.0830
695192.4470,1,3.1730,6.7200,6.0800
695242.4280,0,3.1960,6.6910,6.0930
695292.4040,2,3.1830,6.6770,6.0770
695342.3860,0,3.2020,6.6820,6.0670
695392.3620,1,3.1810,6.7070,6.0940
695442.3360,0,3.1350,6.6640,6.1160
695492.3140,2,3.1860,6.6660,6.0980
695542.2950,0,3.1760,6.6920,6.0590
695592.2730,1,3.1860,6.6260,6.0380
695642.2480,0,3.1860,6.6250,6.1120
695692.2300,2,3.1870,6.6250,6.1020
695742.2080,0,3.1800,6.6280,6.0840
695792.1860,1,3.2200,6.6640,6.0900
695842.1640,0,3.1920,6.7140,6.1100
695892.1410,2,3.2680,6.6190,6.0960
695942.1160,0,3.2230,6.6400,6.1130
695992.0950,1,3.2040,6.6610,6.1300
696042.0720,0,3.1640,6.6430,6.0640
696092.0490,2,3.2010,6.5850,6.1180
696142.0280,0,3.1910,6.6720,6.0600
696192.0070,1,3.2350,6.6560,6.0960
696241.9860,0,3.1980,6.6110,6.1010
696291.9620,2,3.1940,6.6220,6.0700
696341.9390,0,3.1900,6.6090,6.1120
696391.9220,1,3.1920,6.6160,6.0630
696441.8950,0,3.1720,6.6080,6.0590
696491.8760,2,3.2060,6.6020,6.0730
696541.8550,0,3.1380,6.6110,6.0520
696591.8310,1,3.1740,6.5610,6.1030
696641.8110,0,3.2220,6.5340,6.0710
696691.7880,2,3.2260,6.6450,6.0920
696741.7660,0,3.2420,6.6680,6.0710
696791.7390,1,3.2010,6.6400,6.0630
696841.7180,0,3.1710,6.6140,6.0300
696891.6980,2,3.1780,6.6220,6.0700
696941.6770,0,3.2200,6.5900,6.0670
696991.6540,1,3.2310,6.6160,6.0550
697041.6320,0,3.2280,6.6400,6.1070
697091.6120,2,3.2110,6.6400,6.0770
697141.5870,0,3.1540,6.6380,6.1380
697191.5670,1,3.1660,6.6460,6.0870
697241.5410,0,3.1900,6.6210,6.0800
697291.5220,2,3.1700,6.6260,6.0870
697341.5000,0,3.1770,6.6070,6.1300
697391.4770,1,3.2070,6.6010,6.0630
697441.4500,0,3.1750,6.6570,6.1320
697491.4330,2,3.1930,6.6410,6.1130
697541.4060,0,3.1930,6.6720,6.0810
697591.3840,1,3.2020,6.6460,6.1190
697641.3670,0,3.1640,6.7040,6.0950
697691.3460,2,3.1870,6.6980,6.0920
697741.3200,0,3.1760,6.6990,6.0870
697791.2970,1,3.1730,6.6930,6.0760
697841.2760,0,3.1930,6.6440,6.1230
697891.2540,2,3.1960,6.6580,6.0950
697941.2310,0,3.1850,6.6640,6.1500
697991.2090,1,3.2050,6.7200,6.1140
698041.1860,0,3.2180,6.7140,6.0620
698091.1650,2,3.2140,6.6750,6.1260
698141.1400,0,3.1750,6.7290,6.0990
698191.1230,1,3.1850,6.7890,6.1200
698241.1020,0,3.1560,6.7140,6.0980
698291.0760,2,3.1920,6.6870,6.0750
698341.0550,0,3.1770,6.7200,6.1040
698391.0350,1,3.1710,6.7040,6.0780
698441.0070,0,3.1760,6.7150,6.0760
698490.9900,2,3.1850,6.6930,6.0610
698540.9630,0,3.1690,6.6590,6.1410
698590.9410,1,3.1690,6.7510,6.0900
698640.9250,0,3.2030,6.7230,6.0890
698690.9010,2,3.1800,6.7430,6.0950
698740.8800,0,3.1650,6.7990,6.0880
698790.8590,0,3.1930,6.7440,6.0680
698840.8360,0,3.1810,6.7680,6.0500
698890.8080,0,3.1490,6.7060,6.0460
698940.7910,0,3.1690,6.6920,6.0500
698990.7640,0,3.1760,6.7170,6.1480
699040.7420,0,3.1990,6.7070,6.0550
699090.7230,0,3.2020,6.7230,6.0990
699140.7000,0,3.1900,6.7310,6.0770
699190.6760,0,3.1730,6.6760,6.0670
699240.6560,0,3.1960,6.6950,6.1170
699290.6340,0,3.1810,6.7160,6.1010
699340.6120,0,3.2080,6.7020,6.0790
699390.5910,0,3.1850,6.7100,6.1210
699440.5650,0,3.1750,6.6970,6.0690
699490.5450,0,3.2000,6.6860,6.0520
699540.5200,0,3.2080,6.6860,6.1250
699590.5040,0,3.1620,6.6810,6.0890
699640.4790,0,3.2000,6.7020,6.1300
699690.4550,0,3.2000,6.7090,6.1300
699740.4320,0,3.1830,6.7140,6.0580
699790.4110,0,3.1610,6.7270,6.0940
699840.3900,0,3.1640,6.7570,6.1460
699890.3710,0,3.2000,6.8250,6.1320
699940.3440,0,3.2200,6.7940,6.1090
699990.3220,0,3.1750,6.8420,6.0760
700040.3020,0,3.2220,6.8330,6.1320
700090.2780,0,3.1940,6.8550,6.0770
700140.2590,0,3.1930,6.8240,6.1120
700190.2360,0,3.1690,6.8010,6.0760
700240.2170,0,3.1600,6.7450,6.1050
700290.1890,0,3.1880,6.7780,6.0910
700340.1720,0,3.2550,6.7570,6.1210
700390.1470,0,3.1830,6.7800,6.0620
700440.1280,0,3.1890,6.7420,6.0710
700490.1030,0,3.2250,6.7530,6.0670
700540.0810,0,3.2230,6.7090,6.1040
700590.0550,0,3.1620,6.7050,6.0900
700640.0350,0,3.1760,6.6450,6.1090
700690.0140,0,3.1580,6.7230,6.0870
700739.9890,0,3.1820,6.6920,6.1040
700789.9680,0,3.2170,6.6570,6.0790
700839.9470,0,3.1710,6.6700,6.0890
700889.9260,0,3.1920,6.6340,6.1130
700939.9030,0,3.2090,6.7040,6.0590
700989.8820,0,3.1610,6.7530,6.0760
701039.8600,0,3.1840,6.6770,6.0790
701089.8400,0,3.1810,6.7100,6.0720
701139.8160,0,3.1600,6.6910,6.0870
701189.7950,0,3.2080,6.6700,6.0730
701239.7730,0,3.2000,6.7020,6.1000
701289.7480,0,3.1750,6.6330,6.0740
701339.7260,0,3.1840,6.7350,6.1110
701389.7020,0,3.2170,6.6530,6.1110
701439.6790,0,3.1950,6.6720,6.1270
701489.6620,0,3.1930,6.7290,6.1400
701539.6400,0,3.2180,6.7230,6.0910
701589.6170,0,3.1980,6.6730,6.1060
701639.5940,0,3.1980,6.6920,6.0710
701689.5680,0,3.1960,6.6840,6.1000
701739.5480,0,3.2000,6.6990,6.0990
701789.5280,0,3.1860,6.7020,6.1160
701839.5020,0,3.2020,6.7320,6.0560
701889.4820,0,3.1960,6.6870,6.0640
701939.4590,0,3.1590,6.7050,6.0800
701989.4380,0,3.1940,6.7240,6.1170
702039.4170,0,3.1760,6.7520,6.1370
702089.3940,0,3.2190,6.7670,6.0930
702139.3730,0,3.1760,6.7770,6.1080
702189.3500,0,3.1580,6.8110,6.0570
702239.3270,0,3.1870,6.7680,6.0820
702289.3060,0,3.2220,6.7520,6.0990
702339.2790,0,3.1390,6.8550,6.0910
702389.2590,0,3.2430,6.9140,6.0690
702439.2420,0,3.1970,6.9130,6.1030
702489.2170,0,3.1620,6.8890,6.0980
702539.1970,0,3.1420,6.8800,6.0770
702589.1720,0,3.1640,6.8730,6.0450
702639.1530,0,3.1820,6.9270,6.0700
702689.1260,0,3.2240,6.8650,6.0210
702739.1080,0,3.1570,6.8950,6.1070
702789.0840,0,3.1550,6.9080,6.0640
702839.0610,0,3.2080,6.9000,6.1070
702889.0400,0,3.1720,6.8590,6.1000
702939.0190,0,3.2060,6.8770,6.0740
702988.9980,0,3.2110,6.8610,6.1020
703038.9740,0,3.1950,6.8730,6.1190
703088.9490,0,3.1530,6.8480,6.1090
703138.9290,0,3.1770,6.8430,6.0920
703188.9080,0,3.2110,6.8270,6.0710
703238.8830,0,3.1690,6.8560,6.0820
703288.8580,0,3.1760,6.8030,6.1280
703338.8390,0,3.1370,6.8210,6.1240
703388.8160,0,3.1640,6.8230,6.1540
703438.7970,0,3.2030,6.8600,6.0700
703488.7730,0,3.1570,6.8110,6.0720
703538.7540,0,3.2170,6.8690,6.1070
703588.7320,0,3.1600,6.8780,6.1330
703638.7070,0,3.1480,6.8600,6.1120
703688.6830,0,3.2080,6.8840,6.0890
703738.6640,0,3.1830,6.8560,6.1080
703788.6390,0,3.1690,6.8610,6.0880
703838.6200,0,3.1640,6.8530,6.0660
703888.5960,0,3.1850,6.8310,6.1050
703938.5770,0,3.2160,6.8310,6.0750
703988.5490,0,3.1710,6.8540,6.0830
704038.5300,0,3.1510,6.8610,6.0760
704088.5090,0,3.1960,6.7860,6.0990
704138.4820,0,3.2070,6.8370,6.1320
704188.4630,0,3.1790,6.8660,6.0840
704238.4430,0,3.1640,6.8660,6.0800
704288.4170,0,3.2090,6.8010,6.0660
704338.3940,0,3.1490,6.7950,6.0940
704388.3770,0,3.2010,6.7810,6.0920
704438.3500,0,3.1440,6.8320,6.0180
704488.3330,0,3.2040,6.8160,6.0910
704538.3070,0,3.1710,6.8380,6.0870
704588.2890,0,3.1400,6.8040,6.0750
704638.2610,0,3.1600,6.8670,6.1270
704688.2440,0,3.1810,6.7980,6.0990
704738.2180,0,3.1980,6.7960,6.0690
704788.1990,0,3.1650,6.8280,6.1310
704838.1750,0,3.1790,6.8310,6.0810
704888.1520,0,3.1880,6.8400,6.0710
704938.1300,0,3.1780,6.8890,6.0830
704988.1080,0,3.1740,6.8760,6.1050
705038.0830,0,3.1830,6.8930,6.0780
705088.0660,0,3.2050,6.8520,6.0570
705138.0350,0,3.1820,6.8430,6.0710
705188.0190,0,3.1490,6.8860,6.0920
705237.9980,0,3.1660,6.9160,6.1090
705287.9760,0,3.1960,6.9040,6.0570
705337.9540,0,3.1530,6.8890,6.0940
705387.9330,0,3.1620,6.9400,6.0540
705437.9100,0,3.1530,6.9140,6.0750
705487.8900,0,3.1940,6.9890,6.1250
705537.8680,0,3.1450,6.9990,6.1070
705587.8400,0,3.1940,6.9990,6.0870
705637.8190,0,3.1690,6.9990,6.0800
705687.7970,0,3.1830,7.0050,6.1270
705737.7740,0,3.1570,7.0160,6.1040
705787.7560,0,3.1160,6.9860,6.0820
705837.7360,0,3.1840,6.9770,6.0670
705887.7080,0,3.1400,6.9520,6.1330
705937.6890,0,3.1580,6.9460,6.1130
705987.6680,0,3.1500,6.9180,6.0900
706037.6430,0,3.1720,6.9680,6.0840
706087.6230,0,3.1770,6.9440,6.0880
706137.5980,0,3.1470,6.9230,6.0750
706187.5790,0,3.1260,6.8970,6.0900
706237.5540,0,3.1550,6.9120,6.1410
706287.5310,0,3.2090,6.9010,6.0540
706337.5130,0,3.1770,6.9240,6.1030
706387.4910,0,3.1970,6.9100,6.1140
706437.4680,0,3.1500,6.9270,6.1130
706487.4470,0,3.1440,6.9120,6.1390
706537.4190,0,3.1780,6.8910,6.1050
706587.4020,0,3.1550,6.9240,6.0910
706637.3800,0,3.1810,6.8970,6.1150
706687.3580,0,3.1390,6.8760,6.0840
706737.3350,0,3.1790,6.9420,6.0880
706787.3130,0,3.1860,6.9090,6.1180
706837.2900,0,3.1600,6.9210,6.0730
706887.2640,0,3.1980,6.9020,6.0650
706937.2460,0,3.1880,6.8710,6.1070
706987.2190,0,3.1870,6.8830,6.0910
707037.1980,0,3.1820,6.9140,6.0950
707087.1750,0,3.1620,6.9130,6.1280
707137.1580,0,3.1540,6.9290,6.0670
707187.1340,0,3.1920,6.8960,6.0980
707237.1100,0,3.1500,6.8950,6.0640
707287.0920,0,3.1700,6.8730,6.0660
707337.0640,0,3.1900,6.8770,6.0690
707387.0440,0,3.2010,6.8760,6.1100
707437.0210,0,3.1820,6.8270,6.0470
707486.9980,0,3.1720,6.8740,6.0960
707536.9790,0,3.1670,6.8560,6.0910
707586.9600,0,3.1910,6.8880,6.0670
707636.9320,0,3.1570,6.8340,6.0900
707686.9150,0,3.1420,6.8370,6.0970
707736.8900,0,3.1860,6.8230,6.1120
707786.8720,0,3.1750,6.8470,6.0900
707836.8460,0,3.2030,6.8320,6.0860
707886.8250,0,3.1490,6.8210,6.0380
707936.8010,0,3.1460,6.7840,6.0770
707986.7830,0,3.1910,6.8090,6.1240
708036.7590,0,3.2320,6.7730,6.0760
708086.7340,0,3.1700,6.7620,6.0970
708136.7150,0,3.1410,6.7290,6.1270
708186.6900,0,3.1400,6.7240,6.0690
708236.6710,0,3.2000,6.8020,6.1250
708286.6450,0,3.1950,6.7880,6.0640
708336.6270,0,3.1800,6.7910,6.1150
708386.6050,0,3.1980,6.7950,6.0850
708436.5810,0,3.1890,6.8070,6.1270
708486.5600,0,3.1630,6.8240,6.1000
708536.5340,0,3.1940,6.8160,6.1290
708586.5120,0,3.1690,6.7970,6.0710
708636.4920,0,3.1550,6.8060,6.1100
708686.4680,0,3.1810,6.8010,6.0820
708736.4480,0,3.1670,6.7440,6.1040
708786.4280,0,3.2010,6.7380,6.0970
708836.4020,0,3.1770,6.7760,6.0870
708886.3820,0,3.1680,6.7920,6.0650
708936.3590,0,3.1710,6.7860,6.0600
708986.3410,0,3.2070,6.7710,6.1050
709036.3150,0,3.2340,6.7630,6.0850
709086.2920,0,3.1730,6.7610,6.1010
709136.2720,0,3.1890,6.7490,6.0540
709186.2500,0,3.1950,6.7160,6.1140
709236.2290,0,3.1590,6.7660,6.0760
709286.2030,0,3.1850,6.7060,6.0710
709336.1850,0,3.1440,6.7120,6.1050
709386.1590,0,3.1990,6.6970,6.0960
709436.1400,0,3.1700,6.7530,6.0750
709486.1170,0,3.1670,6.7780,6.0680
709536.0910,0,3.2040,6.7570,6.0800
709586.0690,0,3.1680,6.7500,6.0970
709636.0490,0,3.1810,6.7230,6.1090
709686.0310,0,3.1980,6.7350,6.1430
709736.0080,0,3.1930,6.7300,6.1210
709785.9830,0,3.2000,6.7170,6.0880
709835.9630,0,3.1730,6.7440,6.0960
709885.9410,0,3.2050,6.7450,6.0580
709935.9150,0,3.2210,6.7520,6.0940
709985.8970,0,3.2070,6.7390,6.0520
710035.8760,0,3.1630,6.7600,6.0780
710085.8520,0,3.1930,6.8270,6.0390
710135.8300,0,3.1910,6.8040,6.0890
710185.8100,0,3.1650,6.7730,6.0830
710235.7870,0,3.2300,6.7720,6.1480
710285.7620,0,3.1610,6.7390,6.1120
710335.7400,0,3.1740,6.7060,6.1160
710385.7160,0,3.2050,6.7410,6.0900
710435.7000,0,3.2000,6.7680,6.0770
710485.6740,0,3.2110,6.7180,6.1140
710535.6550,0,3.1900,6.7190,6.0670
710585.6290,0,3.1720,6.7860,6.0550
710635.6070,0,3.1620,6.7290,6.1740
710685.5840,0,3.1620,6.7920,6.0830
710735.5650,0,3.1900,6.7170,6.0990
710785.5450,0,3.1590,6.7310,6.1030
710835.5180,0,3.1760,6.7500,6.1170
710885.4960,0,3.2030,6.7210,6.0620
710935.4740,0,3.1890,6.7500,6.1020
710985.4500,0,3.1690,6.7290,6.0970
711035.4340,0,3.2030,6.7590,6.1140
711085.4080,0,3.1930,6.7130,6.1020
711135.3880,0,3.1890,6.7300,6.1290
711185.3660,0,3.1750,6.7330,6.0950
711235.3400,0,3.1990,6.6730,6.0910
711285.3190,0,3.1520,6.7110,6.0810
711335.2980,0,3.1930,6.7560,6.0590
711385.2760,0,3.1650,6.7540,6.0620
711435.2520,0,3.1910,6.7260,6.1000
711485.2310,0,3.2040,6.7220,6.0980
711535.2130,0,3.2150,6.7080,6.1220
711585.1870,0,3.2000,6.6900,6.1110
711635.1650,0,3.1760,6.7030,6.1110
711685.1430,0,3.1940,6.7280,6.0880
711735.1200,0,3.2040,6.7230,6.0700
711785.1000,0,3.1770,6.6950,6.1140
711835.0750,0,3.1920,6.6470,6.0900
711885.0560,0,3.1900,6.7310,6.0920
711935.0300,0,3.2090,6.7580,6.0880
711985.0130,0,3.2080,6.7890,6.1580
712034.9850,0,3.1880,6.8010,6.0450
712084.9690,0,3.2130,6.8240,6.1150
712134.9450,0,3.1560,6.7460,6.1200
712184.9210,0,3.2060,6.7580,6.1060
712234.9010,0,3.1470,6.7210,6.1120
712284.8780,0,3.1770,6.7440,6.1190
712334.8540,0,3.2080,6.7320,6.0980
712384.8340,0,3.2200,6.7120,6.0990
712434.8130,0,3.1870,6.7120,6.0690
712484.7900,0,3.1600,6.7200,6.0980
712534.7660,0,3.1930,6.7230,6.1210
712584.7480,0,3.2230,6.6940,6.1120
712634.7250,0,3.1800,6.6190,6.1230
712684.7010,0,3.1640,6.6810,6.0640
712734.6820,0,3.1870,6.6880,6.0790
712784.6560,0,3.1790,6.6980,6.1090
712834.6380,0,3.1680,6.7060,6.0800
712884.6100,0,3.1760,6.7330,6.1040
712934.5930,0,3.2200,6.6910,6.0540
712984.5690,0,3.2140,6.6890,6.0740
713034.5460,0,3.1680,6.7070,6.0920
713084.5220,0,3.1720,6.7030,6.0910
713134.5010,0,3.1920,6.6510,6.0900
713184.4770,0,3.1960,6.6770,6.1160
713234.4600,0,3.2080,6.6820,6.1090
713284.4360,0,3.1950,6.7000,6.1270
713334.4160,0,3.1750,6.7070,6.1110
713384.3920,0,3.1600,6.6630,6.1030
713434.3680,0,3.1840,6.6470,6.0700
713484.3460,0,3.1630,6.7410,6.1050
713534.3220,0,3.2020,6.6840,6.1570
713584.3030,0,3.1920,6.6790,6.0980
713634.2790,0,3.1760,6.7450,6.0880
713684.2620,0,3.2000,6.7510,6.0790
713734.2400,0,3.1640,6.8070,6.0710
713784.2140,0,3.2110,6.7930,6.0760
713834.1960,0,3.1680,6.8640,6.0970
713884.1720,0,3.1510,6.8260,6.1050
713934.1450,0,3.1760,6.7930,6.0830
713984.1290,0,3.1790,6.8100,6.1000
714034.1030,0,3.1440,6.8460,6.1070
714084.0810,0,3.2090,6.7890,6.1140
714134.0630,0,3.2110,6.7630,6.0640
714184.0400,0,3.2100,6.7580,6.0600
714234.0130,0,3.1670,6.7670,6.1280
714283.9970,0,3.1990,6.6570,6.0790
714333.9680,0,3.1960,6.6440,6.0890
714383.9460,0,3.1740,6.6720,6.0650
714433.9290,0,3.1870,6.6690,6.0820
714483.9060,0,3.1850,6.6490,6.0910
714533.8850,0,3.1690,6.6440,6.0980
714583.8640,0,3.1880,6.6960,6.0920
714633.8420,0,3.1560,6.6420,6.0930
714683.8140,0,3.1820,6.6800,6.0970
714733.7930,0,3.1780,6.6410,6.0860
714783.7730,0,3.1960,6.7320,6.1190
714833.7470,0,3.1590,6.6710,6.1140
714883.7300,0,3.1690,6.6920,6.1060
714933.7030,0,3.1450,6.6670,6.0680
714983.6810,0,3.1870,6.6320,6.1040
715033.6650,0,3.2100,6.6100,6.1590
715083.6420,0,3.1690,6.6370,6.0890
715133.6200,0,3.1960,6.6190,6.0940
715183.5990,0,3.1870,6.6280,6.1060
715233.5750,0,3.2290,6.6300,6.0970
715283.5490,0,3.1740,6.6450,6.0920
715333.5270,0,3.1720,6.6820,6.1030
715383.5100,0,3.1500,6.6650,6.0890
715433.4830,0,3.1870,6.6400,6.0790
715483.4630,0,3.1680,6.6730,6.0580
715533.4440,0,3.1870,6.7280,6.0600
715583.4180,0,3.1960,6.7280,6.0800
715633.3950,0,3.1830,6.6540,6.0920
715683.3770,0,3.1790,6.7550,6.0890
715733.3540,0,3.1880,6.7150,6.0880
715783.3270,0,3.1870,6.6890,6.1040
715833.3110,0,3.1920,6.6500,6.0830
715883.2880,0,3.1810,6.6830,6.0750
715933.2670,0,3.2150,6.6930,6.0990
715983.2450,0,3.1880,6.6500,6.0860
716033.2180,0,3.1880,6.6510,6.1430
716083.1960,0,3.2000,6.6510,6.0860
716133.1780,0,3.2250,6.6480,6.1060
716183.1530,0,3.1780,6.6410,6.1100
716233.1340,0,3.1730,6.6570,6.1040
716283.1070,0,3.1870,6.6490,6.0750
716333.0900,0,3.2150,6.7190,6.0820
716383.0680,0,3.1420,6.6910,6.0750
716433.0430,0,3.2020,6.7090,6.1040
716483.0180,0,3.1910,6.6730,6.0520
716533.0000,0,3.1800,6.7030,6.0640
716582.9740,0,3.1530,6.6370,6.0690
716632.9530,0,3.2120,6.6320,6.0980
716682.9330,0,3.2010,6.6430,6.0760
716732.9080,0,3.2290,6.6750,6.0970
716782.8850,0,3.1830,6.6620,6.1150
716832.8640,0,3.1700,6.6620,6.0800
716882.8420,0,3.2070,6.6110,6.1030
716932.8230,0,3.1790,6.6590,6.1090
716982.8010,0,3.1880,6.6510,6.0720
717032.7810,0,3.2040,6.6220,6.0940
717082.7520,0,3.2320,6.6450,6.1010
717132.7360,0,3.1580,6.6560,6.1150
717182.7120,0,3.1770,6.5980,6.1050
717232.6860,0,3.2070,6.5660,6.0850
717282.6640,0,3.2170,6.5880,6.0490
717332.6480,0,3.1640,6.6080,6.0720
717382.6220,0,3.2310,6.6640,6.0740
717432.6020,0,3.1960,6.5760,6.0920
717482.5770,0,3.1930,6.6130,6.0480
717532.5540,0,3.1770,6.6210,6.1010
717582.5320,0,3.1580,6.5880,6.0160
717632.5090,0,3.1620,6.6310,6.1010
717682.4930,0,3.1320,6.6170,6.0780
717732.4690,0,3.1640,6.6310,6.0810
717782.4430,0,3.1450,6.6290,6.1020
717832.4220,0,3.2010,6.6880,6.1120
717882.4010,0,3.2230,6.6430,6.0950
717932.3800,0,3.2030,6.6220,6.0680
717982.3590,0,3.1830,6.6770,6.0900
718032.3370,0,3.1990,6.6400,6.1130
718082.3120,0,3.2120,6.6020,6.0880
718132.2920,0,3.1670,6.6250,6.0680
718182.2670,0,3.1740,6.5860,6.1000
718232.2450,0,3.1810,6.6060,6.1000
718282.2240,0,3.2050,6.6560,6.1040
718332.2060,0,3.1900,6.6180,6.1180
718382.1820,0,3.1880,6.6050,6.1100
718432.1580,0,3.2230,6.6020,6.0620
718482.1360,0,3.2190,6.6100,6.1200
718532.1150,0,3.1980,6.6370,6.0940
718582.0930,0,3.1540,6.6450,6.0690
718632.0690,0,3.1710,6.6530,6.0560
718682.0460,0,3.1910,6.6550,6.1140
718732.0240,0,3.1750,6.6890,6.0740
718782.0020,0,3.1910,6.7150,6.0520
718831.9790,0,3.1790,6.6970,6.1100
718881.9600,0,3.1280,6.6960,6.0630
718931.9350,0,3.1930,6.6620,6.1060
718981.9140,0,3.1900,6.5850,6.0780
719031.8960,0,3.1660,6.6950,6.0700
719081.8730,0,3.1820,6.6530,6.1150
719131.8490,0,3.2050,6.7230,6.0850
719181.8290,0,3.1820,6.7750,6.0860
719231.8020,0,3.2340,6.8100,6.1010
719281.7830,0,3.1840,6.7790,6.0830
719331.7620,0,3.1760,6.7600,6.1130
719381.7410,0,3.1610,6.7600,6.0880
719431.7190,0,3.2030,6.7660,6.1090
719481.6930,0,3.1810,6.7620,6.1220
719531.6750,0,3.2080,6.7360,6.1010
719581.6520,0,3.1940,6.8100,6.1000
719631.6260,0,3.1760,6.8260,6.1030
719681.6090,0,3.1590,6.8300,6.0500
719731.5870,0,3.1930,6.8940,6.1040
719781.5600,0,3.1440,6.9720,6.1030
719831.5420,0,3.1910,6.9930,6.0500
719881.5220,0,3.1590,7.0190,6.0340
719931.4960,0,3.1260,6.9950,6.0850
719981.4740,0,3.1440,6.9840,6.1130
720031.4510,0,3.1700,6.9630,6.0970
720081.4280,0,3.1790,6.9360,6.0850
720131.4060,0,3.2010,6.9320,6.0970
720181.3880,0,3.2160,6.9230,6.0720
720231.3650,0,3.1440,6.8750,6.0920
720281.3440,0,3.1640,6.9170,6.0850
720331.3180,0,3.2180,6.9030,6.1090
720381.3010,0,3.1740,6.9350,6.0830
720431.2780,0,3.1190,6.8960,6.1210
720481.2560,0,3.1790,6.8760,6.1010
720531.2330,0,3.1760,6.8990,6.0780
720581.1970,0,3.1780,6.8620,6.0960
720631.1870,0,3.1930,6.8200,6.1130
720681.1710,0,3.1580,6.8570,6.1310
720731.1450,0,3.1390,6.7810,6.0740
720781.1270,0,3.1790,6.8290,6.0670
720831.1040,0,3.1750,6.8040,6.0750
720881.0790,0,3.1750,6.8170,6.0310
720931.0580,0,3.1960,6.7910,6.0710
720981.0360,0,3.2210,6.7770,6.0910
721031.0130,0,3.1180,6.8070,6.1550
721080.9940,0,3.2050,6.7640,6.0930
721130.9710,0,3.1690,6.7160,6.1020
721180.9500,0,3.2000,6.7340,6.1090
721230.9250,0,3.1780,6.7520,6.0830
721280.9050,0,3.1730,6.7940,6.1070
721330.8860,0,3.1940,6.7120,6.0530
721380.8610,0,3.1990,6.7270,6.0900
721430.8370,0,3.1450,6.7570,6.1510
721480.8140,0,3.1530,6.7630,6.1020
721530.7970,0,3.1560,6.7300,6.0690
721580.7760,0,3.1580,6.7080,6.0710
721630.7500,0,3.1440,6.7530,6.1050
721680.7320,0,3.1850,6.7640,6.0950
721730.7110,0,3.1610,6.7470,6.0890
721780.6860,0,3.1970,6.7860,6.0790
721830.6660,0,3.1890,6.7640,6.1090
721880.6430,0,3.1930,6.7700,6.0710
721930.6210,0,3.2070,6.7290,6.0860
721980.5970,0,3.1650,6.7200,6.0880
722030.5750,0,3.1730,6.7520,6.1250
722080.5570,0,3.1710,6.7190,6.1020
722130.5310,0,3.2040,6.6930,6.1070
722180.5140,0,3.1860,6.6570,6.1240
722230.4870,0,3.1750,6.6810,6.0700
722280.4690,0,3.1850,6.6840,6.1150
722330.4460,0,3.1500,6.6860,6.0950
722380.4240,0,3.2030,6.7150,6.0940
722430.4000,0,3.1740,6.7110,6.1450
722480.3800,0,3.1830,6.7120,6.0850
722530.3590,0,3.2140,6.7630,6.0330
722580.3340,0,3.1620,6.7640,6.0510
722630.3130,0,3.2470,6.7040,6.1030
722680.2900,0,3.1840,6.7460,6.1120
722730.2700,0,3.1600,6.7200,6.0820
722780.2460,0,3.1900,6.7100,6.1280
722830.2280,0,3.2330,6.6620,6.1330
722880.2050,0,3.1980,6.6970,6.0650
722930.1790,0,3.1750,6.6750,6.1160
722980.1640,0,3.1820,6.7150,6.0940
723030.1370,0,3.1790,6.6870,6.0980
723080.1180,0,3.1670,6.6580,6.0300
723130.0930,0,3.2020,6.6400,6.0490
723180.0710,0,3.1990,6.7070,6.0910
723230.0490,0,3.1650,6.7000,6.0760
723280.0260,0,3.1420,6.6650,6.0810
723330.0070,0,3.1180,6.7130,6.0690
723379.9850,0,3.2100,6.7450,6.0540
723429.9670,0,3.2140,6.6700,6.0770
723479.9450,0,3.2160,6.6180,6.1310
723529.9210,0,3.1580,6.6760,6.1360
723579.9010,0,3.1740,6.6000,6.1230
723629.8790,0,3.1640,6.6040,6.1180
723679.8540,0,3.1960,6.6520,6.0770
723729.8360,0,3.1380,6.6270,6.0780
723779.8140,0,3.2020,6.7160,6.1280
723829.7870,0,3.1760,6.6890,6.0990
723879.7640,0,3.2240,6.6760,6.0760
723929.7440,0,3.1600,6.7020,6.1110
723979.7240,0,3.2100,6.6870,6.0770
724029.7010,0,3.2260,6.6970,6.1040
724079.6780,0,3.1800,6.6850,6.0680
724129.6580,0,3.1700,6.6470,6.0830
724179.6350,0,3.1830,6.7060,6.0840
724229.6140,0,3.1980,6.6860,6.0950
724279.5940,0,3.1490,6.7360,6.0770
724329.5710,0,3.1530,6.7350,6.0580
724379.5450,0,3.1780,6.7210,6.0670
724429.5280,0,3.1980,6.6900,6.0880
724479.5040,0,3.1990,6.6540,6.0980
724529.4820,0,3.2170,6.6950,6.0640
724579.4600,0,3.1780,6.6770,6.1330
724629.4400,0,3.2270,6.7360,6.0860
724679.4190,0,3.1730,6.7370,6.0560
724729.3970,0,3.1630,6.7250,6.0820
724779.3750,0,3.2120,6.7420,6.0870
724829.3540,0,3.1560,6.7070,6.0880
724879.3320,0,3.1650,6.7010,6.0640
724929.3090,0,3.1830,6.6860,6.0700
724979.2860,0,3.1940,6.6930,6.0750
725029.2660,0,3.1780,6.7140,6.1010
725079.2440,0,3.2040,6.7260,6.0890
725129.2160,0,3.2010,6.7240,6.0750
725179.1990,0,3.1680,6.7530,6.1030
725229.1780,0,3.1670,6.7960,6.0870
725279.1520,0,3.1800,6.7600,6.0430
725329.1330,0,3.2160,6.7930,6.0680
725379.1090,0,3.1420,6.7580,6.0740
725429.0880,0,3.1770,6.7250,6.0750
725479.0680,0,3.1860,6.7460,6.0960
725529.0430,0,3.1900,6.7670,6.0990
725579.0230,0,3.1850,6.7250,6.0930
725629.0010,0,3.1200,6.6920,6.0820
725678.9820,0,3.1760,6.6420,6.0900
725728.9570,0,3.1930,6.6800,6.1070
725778.9320,0,3.1900,6.7250,6.0800
725828.9130,0,3.1710,6.6370,6.1200
725878.8920,0,3.1910,6.7170,6.0920
725928.8690,0,3.1110,6.7490,6.0640
725978.8490,0,3.1830,6.7100,6.0950
726028.8280,0,3.1600,6.6630,6.0800
726078.8010,0,3.2070,6.6710,6.0620
726128.7790,0,3.1860,6.6270,6.0720
726178.7580,0,3.1870,6.6270,6.0830
726228.7400,0,3.1720,6.6320,6.1050
726278.7180,0,3.1920,6.6220,6.0760
726328.6920,0,3.1890,6.6120,6.1360
726378.6740,0,3.2010,6.5570,6.0840
726428.6490,0,3.2280,6.6090,6.1080
726478.6290,0,3.2260,6.6830,6.0940
726528.6070,0,3.1910,6.7910,6.0890
726578.5880,0,3.1740,6.8630,6.0870
726628.5610,0,3.1500,6.9700,6.0540
726678.5420,0,3.1770,6.9720,6.0860
726728.5190,0,3.1810,6.9810,6.1040
726778.4950,0,3.1390,6.9540,6.0860
726828.4760,0,3.1470,6.9620,6.0810
726878.4510,0,3.1400,6.9770,6.0500
726928.4350,0,3.1530,6.8970,6.1060
726978.4080,0,3.1940,6.8950,6.0900
727028.3880,0,3.1630,6.8610,6.1050
727078.3640,0,3.1670,6.8490,6.1280
727128.3410,0,3.1420,6.8250,6.0860
727178.3240,0,3.1780,6.8430,6.1340
727228.2980,0,3.1580,6.8170,6.0730
727278.2800,0,3.1540,6.8050,6.0850
727328.2590,0,3.1740,6.8240,6.0730
727378.2350,0,3.1910,6.8540,6.0410
727428.2110,0,3.2200,6.8770,6.0840
727478.1930,0,3.1920,6.8820,6.0680
727528.1660,0,3.1430,6.8850,6.1160
727578.1460,0,3.1570,6.8600,6.0980
727628.1280,0,3.1910,6.8730,6.0570
727678.1030,0,3.1810,6.7930,6.0570
727728.0800,0,3.2070,6.7710,6.0840
727778.0570,0,3.1790,6.7670,6.0900
727828.0350,0,3.1620,6.7790,6.1100
727878.0140,0,3.1820,6.7970,6.1150
727927.9910,0,3.2270,6.7910,6.0680
727977.9730,0,3.1670,6.7490,6.1020
728027.9510,0,3.1640,6.7460,6.0770
728077.9260,0,3.1910,6.8120,6.0740
728127.9060,0,3.1420,6.8060,6.0420
728177.8870,0,3.1140,6.7740,6.1380
728227.8650,0,3.1250,6.7380,6.0810
728277.8430,0,3.2140,6.7390,6.0970
728327.8200,0,3.1960,6.7470,6.0700
728377.8000,0,3.1850,6.7690,6.0740
728427.7720,0,3.1840,6.8650,6.1240
728477.7560,0,3.1850,6.7880,6.0510
728527.7290,0,3.1520,6.7770,6.0660
728577.7120,0,3.2120,6.8180,6.0460
728627.6880,0,3.1600,6.7800,6.0850
728677.6630,0,3.1640,6.7240,6.0490
728727.6430,1,3.2060,6.6830,6.1370
728777.6230,0,3.1630,6.7160,6.0930
728827.6010,2,3.2190,6.6970,6.0730
728877.5780,0,3.1830,6.7170,6.0380
728927.5570,1,3.1890,6.7690,6.0870
728977.5360,0,3.2280,6.7410,6.0880
729027.5150,2,3.1660,6.7650,6.0800
729077.4920,0,3.2450,6.7520,6.1010
729127.4700,1,3.2220,6.8010,6.0960
729177.4470,0,3.1630,6.7320,6.0930
729227.4230,2,3.1880,6.7500,6.0970
729277.4030,0,3.1740,6.8020,6.0830
729327.3790,1,3.1960,6.7830,6.0870
729377.3600,0,3.1610,6.7770,6.1240
729427.3350,2,3.1560,6.7400,6.0540
729477.3130,0,3.1850,6.7670,6.0600
729527.2950,1,3.2000,6.7650,6.1310
729577.2690,0,3.1630,6.7040,6.1120
729627.2480,2,3.1810,6.7110,6.1190
729677.2250,0,3.2070,6.7500,6.0740
729727.2040,1,3.1490,6.6850,6.1030
729777.1850,0,3.2080,6.6540,6.0280
729827.1590,2,3.2050,6.6670,6.1110
729877.1380,0,3.2170,6.6560,6.1090
729927.1190,1,3.1520,6.6850,6.0720
729977.0940,0,3.1850,6.6800,6.1090
730027.0740,2,3.1790,6.6770,6.1040
730077.0500,0,3.1510,6.6510,6.1030
730127.0330,1,3.2450,6.6200,6.0620
730177.0100,0,3.1800,6.6280,6.1080
730226.9900,2,3.1430,6.6780,6.0960
730276.9680,0,3.1680,6.6330,6.1310
730326.9420,1,3.1590,6.6490,6.0750
730376.9200,0,3.1660,6.6630,6.0820
730426.9000,2,3.2100,6.6340,6.1230
730476.8780,0,3.1900,6.6810,6.0810
730526.8590,1,3.2110,6.5950,6.0700
730576.8350,0,3.2090,6.5930,6.0700
730626.8090,2,3.1780,6.6320,6.0860
730676.7890,0,3.1800,6.6160,6.0850
730726.7660,1,3.2170,6.7080,6.0370
730776.7440,0,3.1410,6.6340,6.0380
730826.7230,2,3.2050,6.6560,6.0830
730876.7040,0,3.1810,6.6800,6.1130
730926.6780,1,3.1810,6.6870,6.1000
730976.6620,0,3.2160,6.7040,6.0910
731026.6340,2,3.2210,6.6770,6.0720
731076.6170,0,3.1800,6.6540,6.1460
731126.5930,1,3.1740,6.6630,6.0550
731176.5700,0,3.1620,6.6050,6.0800
731226.5510,2,3.1910,6.6550,6.0500
731276.5250,0,3.1930,6.6880,6.1310
731326.5050,1,3.2010,6.6820,6.0800
731376.4810,0,3.1500,6.6350,6.1180
731426.4610,2,3.1390,6.6270,6.0890
731476.4410,0,3.1990,6.6510,6.0760
731526.4170,1,3.1520,6.6500,6.0930
731576.3940,0,3.2000,6.6320,6.1190
731626.3770,2,3.1620,6.6160,6.1150
731676.3540,0,3.1860,6.6610,6.0860
731726.3330,1,3.2430,6.6310,6.0820
731776.3090,0,3.2050,6.6070,6.0760
731826.2870,2,3.1990,6.5970,6.0780
731876.2650,0,3.2450,6.6130,6.1010
731926.2440,1,3.2190,6.6360,6.0870
731976.2160,0,3.1960,6.6430,6.0870
732026.1940,2,3.2070,6.6180,6.1150
732076.1720,0,3.1890,6.6310,6.0720
732126.1520,1,3.1920,6.6360,6.1000
732176.1270,0,3.1940,6.6150,6.1040
732226.1050,2,3.1760,6.6230,6.0890
732276.0860,0,3.1930,6.6510,6.0810
732326.0620,0,3.2090,6.6060,6.0890
732376.0400,1,3.1680,6.5800,6.0870
732426.0170,2,3.1900,6.6140,6.0900
732475.9970,0,3.1600,6.6720,6.0720
732525.9720,1,3.1890,6.5940,6.1000
732575.9490,0,3.1920,6.6060,6.0800
732625.9280,2,3.1970,6.6610,6.0910
732675.9110,0,3.1430,6.6130,6.0730
732725.8830,1,3.1510,6.5970,6.0650
732775.8660,0,3.2390,6.5950,6.1470
732825.8400,2,3.1870,6.5790,6.0250
732875.8160,0,3.1730,6.5920,6.1240
732925.8000,1,3.1490,6.5250,6.1350
732975.7770,0,3.2190,6.5490,6.0750
733025.7550,2,3.1890,6.5490,6.0570
733075.7330,0,3.1960,6.5550,6.1310
733125.7060,1,3.1680,6.5860,6.1170
733175.6830,0,3.1820,6.5750,6.0570
733225.6650,2,3.1470,6.5900,6.0400
733275.6410,0,3.2000,6.6010,6.1060
733325.6210,1,3.2000,6.6210,6.0740
733375.5960,0,3.2130,6.6090,6.1080
733425.5730,0,3.1910,6.6540,6.0470
733475.5510,2,3.1970,6.6380,6.0920
733525.5320,1,3.1530,6.6150,6.0820
733575.5060,0,3.2080,6.6180,6.1240
733625.4890,2,3.1760,6.5910,6.1210
733675.4630,0,3.1650,6.7130,6.0680
733725.4430,1,3.2090,6.7200,6.1130
733775.4190,0,3.1680,6.7670,6.1240
733825.3940,0,3.1810,6.7140,6.1140
733875.3720,2,3.2050,6.6670,6.1050
733925.3560,1,3.2470,6.7170,6.0990
733975.3290,0,3.2400,6.6570,6.0890
734025.3090,2,3.1790,6.6960,6.1130
734075.2860,0,3.2210,6.6590,6.0840
734125.2610,1,3.1630,6.6100,6.0950
734175.2410,0,3.1990,6.6940,6.1060
734225.2190,0,3.2210,6.6380,6.0450
734275.1960,2,3.1790,6.6820,6.0960
734325.1720,1,3.1600,6.6120,6.0970
734375.1520,0,3.1760,6.6330,6.0840
734425.1290,2,3.1910,6.6330,6.0540
734475.1080,0,3.1990,6.6910,6.0950
734525.0870,1,3.1580,6.6400,6.0890
734575.0640,0,3.1550,6.7040,6.0720
734625.0390,0,3.1610,6.7270,6.0900
734675.0160,2,3.1830,6.7460,6.0700
734724.9990,1,3.2030,6.7590,6.0550
734774.9760,0,3.1850,6.6960,6.1150
734824.9520,2,3.1980,6.6780,6.1030
734874.9290,0,3.1870,6.7220,6.0760
734924.9070,1,3.1410,6.7460,6.0660
734974.8870,0,3.1550,6.8570,6.0670
735024.8660,0,3.2200,6.8280,6.0580
735074.8390,2,3.1360,6.8600,6.0570
735124.8160,1,3.2140,6.7910,6.1170
735174.7940,0,3.1860,6.7770,6.0850
735224.7710,2,3.1880,6.7880,6.0750
735274.7530,0,3.1800,6.7060,6.0750
735324.7340,1,3.1710,6.7180,6.0860
735374.7100,0,3.2060,6.6770,6.0870
735424.6850,0,3.1790,6.7100,6.0720
735474.6610,2,3.2020,6.6710,6.1170
735524.6410,1,3.2030,6.6910,6.1000
735574.6220,0,3.1740,6.6750,6.0840
735624.5960,0,3.1750,6.7190,6.0810
735674.5740,2,3.1570,6.7240,6.0720
735724.5510,0,3.1730,6.7270,6.0990
735774.5310,1,3.1510,6.7460,6.1420
735824.5100,2,3.1690,6.7290,6.1080
735874.4850,0,3.1580,6.6870,6.1080
735924.4620,1,3.2000,6.6820,6.0870
735974.4420,0,3.1790,6.6530,6.0790
736024.4210,0,3.1760,6.6840,6.0750
736074.3960,2,3.2000,6.6590,6.0980
736124.3720,0,3.1730,6.6740,6.0720
736174.3540,1,3.1670,6.6690,6.0910
736224.3280,2,3.1870,6.6590,6.0820
736274.3080,0,3.2270,6.6840,6.0690
736324.2890,1,3.1910,6.6730,6.0780
736374.2620,0,3.1810,6.6390,6.0580
736424.2450,0,3.2160,6.6840,6.0850
736474.2180,2,3.1460,6.6940,6.0840
736524.1960,0,3.2390,6.6870,6.0930
736574.1770,1,3.2020,6.6860,6.1310
736624.1540,2,3.1640,6.7590,6.0630
736674.1310,0,3.1910,6.6630,6.0950
736724.1110,1,3.1490,6.7590,6.1160
736774.0840,0,3.1870,6.6990,6.0780
736824.0640,0,3.1720,6.6710,6.0930
736874.0440,2,3.1820,6.7400,6.1040
736924.0200,0,3.2220,6.6930,6.1320
736973.9980,1,3.2040,6.6490,6.0980
737023.9720,2,3.1580,6.6910,6.0370
737073.9500,0,3.1880,6.6730,6.0820
737123.9320,1,3.1930,6.6320,6.0630
737173.9110,0,3.1870,6.6500,6.0860
737223.8830,0,3.1960,6.6950,6.1350
737273.8610,2,3.1820,6.6440,6.0920
737323.8440,0,3.1640,6.6830,6.0740
737373.8190,1,3.1880,6.6980,6.1160
737423.8000,2,3.1630,6.6810,6.0660
737473.7760,0,3.2040,6.7000,6.1040
737523.7530,0,3.2290,6.7160,6.0440
737573.7320,1,3.1680,6.6750,6.1250
737623.7070,0,3.1200,6.7370,6.0550
737673.6840,2,3.2230,6.7280,6.0950
737723.6650,0,3.1630,6.6670,6.0820
737773.6420,1,3.2030,6.6930,6.0460
737823.6180,0,3.1660,6.6490,6.0630
737873.5950,2,3.1970,6.6890,6.0520
737923.5730,0,3.1760,6.6830,6.1110
737973.5550,1,3.2130,6.7070,6.1180
738023.5280,0,3.1780,6.6920,6.1140
738073.5090,2,3.1900,6.7200,6.1460
738123.4850,1,3.2610,6.6480,6.0500
738173.4660,0,3.1730,6.6830,6.0710
738223.4400,0,3.2010,6.7310,6.1060
738273.4180,2,3.1950,6.6710,6.0520
738323.3970,0,3.1450,6.6590,6.0550
738373.3740,1,3.1550,6.6610,6.0990
738423.3550,0,3.2030,6.6320,6.1180
738473.3320,2,3.2020,6.6990,6.0640
738523.3100,1,3.1650,6.7400,6.0810
738573.2860,0,3.1990,6.7070,6.0750
738623.2640,0,3.1970,6.7970,6.0930
738673.2410,2,3.1720,6.7490,6.0660
738723.2210,0,3.1720,6.7760,6.0820
738773.2010,1,3.1570,6.7750,6.1260
738823.1770,0,3.1900,6.8150,6.1000
738873.1520,2,3.1740,6.8130,6.0570
738923.1290,1,3.1470,6.7780,6.0680
738973.1110,0,3.2020,6.7670,6.0880
739023.0900,0,3.1610,6.6990,6.0760
739073.0650,2,3.2270,6.7040,6.0740
739123.0410,0,3.2200,6.7190,6.0870
739173.0170,1,3.1890,6.6870,6.1120
739222.9980,0,3.1570,6.7150,6.1100
739272.9740,2,3.2040,6.6980,6.1110
739322.9520,0,3.2210,6.6830,6.0650
739372.9310,1,3.1670,6.6940,6.0830
739422.9090,0,3.1910,6.6900,6.0790
739472.8860,2,3.1760,6.6940,6.0890
739522.8640,0,3.2130,6.6560,6.0680
739572.8420,1,3.1920,6.6430,6.1230
739622.8200,0,3.1710,6.6510,6.1140
739672.8010,2,3.2030,6.6420,6.1060
739722.7770,0,3.1640,6.6210,6.1140
739772.7510,1,3.1530,6.5940,6.0310
739822.7280,0,3.1940,6.6180,6.0920
739872.7080,2,3.1960,6.6120,6.0930
739922.6850,0,3.1710,6.6220,6.0670
739972.6660,1,3.1720,6.6620,6.0490
740022.6420,0,3.2310,6.7030,6.0980
740072.6170,2,3.1700,6.6670,6.0330
740122.5950,0,3.1600,6.6860,6.0860
740172.5760,1,3.2150,6.7010,6.0750
740222.5530,0,3.1410,6.6770,6.0720
740272.5290,2,3.2120,6.7320,6.0840
740322.5090,0,3.1940,6.7570,6.0680
740372.4870,1,3.1600,6.7110,6.0800
740422.4650,0,3.1730,6.7380,6.1400
740472.4450,2,3.2020,6.7190,6.0390
740522.4230,0,3.1680,6.6550,6.0700
740572.3970,1,3.2110,6.7130,6.0940
740622.3780,0,3.2000,6.7090,6.0820
740672.3560,2,3.1730,6.7120,6.0930
740722.3330,0,3.1480,6.6810,6.0790
740772.3060,1,3.1790,6.7300,6.0980
740822.2870,0,3.1780,6.7200,6.0610
740872.2670,2,3.1950,6.7440,6.0910
740922.2420,0,3.1580,6.7470,6.0800
740972.2230,1,3.1880,6.7080,6.0800
741022.2000,0,3.1750,6.6710,6.0970
741072.1730,2,3.2350,6.6660,6.0930
741122.1500,0,3.1680,6.6670,6.0940
741172.1300,1,3.1920,6.6830,6.1210
741222.1100,0,3.1670,6.7180,6.0740
741272.0860,2,3.1480,6.7900,6.0560
741322.0620,0,3.1480,6.7330,6.0660
741372.0410,1,3.2180,6.7260,6.0860
741422.0180,0,3.1870,6.7540,6.0960
741472.0010,2,3.1630,6.7780,6.1030
741521.9730,0,3.1790,6.7560,6.1130
741571.9520,1,3.1930,6.7600,6.1100
741621.9290,0,3.1930,6.7640,6.0460
741671.9120,2,3.1530,6.7740,6.1370
741721.8890,0,3.1890,6.8050,6.0970
741771.8630,1,3.1500,6.8170,6.1110
741821.8440,0,3.1610,6.7570,6.0660
741871.8220,2,3.1590,6.7850,6.0820
741921.7960,0,3.1980,6.7870,6.0690
741971.7780,1,3.1850,6.7530,6.0860
742021.7500,0,3.1620,6.7630,6.1190
742071.7290,2,3.1540,6.7770,6.0320
742121.7060,0,3.1770,6.7690,6.0540
742171.6840,1,3.1740,6.7550,6.0770
742221.6610,0,3.1840,6.7440,6.0900
742271.6460,2,3.1930,6.7790,6.1080
742321.6180,0,3.1920,6.7420,6.0570
742371.5950,1,3.1730,6.7270,6.0830
742421.5780,0,3.1260,6.7180,6.0990
742471.5560,2,3.1830,6.7490,6.0930
742521.5300,0,3.1480,6.7190,6.0930
742571.5090,1,3.1980,6.6710,6.0780
742621.4840,0,3.1540,6.6990,6.0500
742671.4670,2,3.1540,6.7090,6.0810
742721.4400,0,3.1800,6.6920,6.1460
742771.4200,1,3.1600,6.6690,6.0600
742821.4000,0,3.1430,6.7120,6.1070
742871.3720,2,3.1700,6.6820,6.1010
742921.3510,0,3.1430,6.6970,6.1040
742971.3290,1,3.1790,6.6330,6.1080
743021.3060,0,3.1900,6.6980,6.0620
743071.2860,2,3.1610,6.7300,6.0360
743121.2630,0,3.2000,6.6290,6.0350
743171.2440,1,3.2150,6.6370,6.0810
743221.2200,0,3.1610,6.7220,6.1040
743271.2000,2,3.1690,6.6740,6.0840
743321.1770,0,3.1870,6.6730,6.0830
743371.1510,1,3.1350,6.6800,6.0360
743421.1290,0,3.1430,6.6710,6.0790
743471.1110,2,3.1780,6.6440,6.1270
743521.0880,0,3.2010,6.6680,6.0940
743571.0670,1,3.2070,6.6940,6.1260
743621.0440,0,3.1760,6.6610,6.0640
743671.0170,2,3.2070,6.6440,6.0760
743720.9950,0,3.1960,6.6690,6.0900
743770.9730,1,3.1800,6.6230,6.1250
743820.9550,0,3.1750,6.6230,6.0710
743870.9330,2,3.1920,6.6160,6.0930
743920.9090,0,3.2260,6.6030,6.0910
743970.8890,1,3.1720,6.5950,6.0880
744020.8670,0,3.2120,6.5650,6.0790
744070.8440,2,3.1810,6.6230,6.1150
744120.8220,0,3.1610,6.6030,6.0620
744170.7980,1,3.1570,6.6510,6.0780
744220.7770,0,3.1770,6.7020,6.0560
744270.7520,2,3.2260,6.6370,6.0990
744320.7330,0,3.2050,6.6610,6.0650
744370.7130,1,3.1750,6.6240,6.0800
744420.6890,0,3.1470,6.5570,6.0490
744470.6650,2,3.2040,6.6170,6.1010
744520.6420,0,3.1670,6.6580,6.1120
744570.6250,1,3.1630,6.6550,6.1030
744620.6020,0,3.1530,6.6540,6.0850
744670.5770,2,3.1530,6.6410,6.1060
744720.5540,0,3.2040,6.7100,6.0730
744770.5330,1,3.1750,6.6270,6.1070
744820.5110,0,3.1870,6.6600,6.0610
744870.4890,2,3.1870,6.6360,6.0610
744920.4670,0,3.1890,6.6330,6.0530
744970.4450,1,3.1780,6.6450,6.0920
745020.4250,0,3.1960,6.6570,6.1220
745070.4050,2,3.2130,6.5920,6.1010
745120.3810,0,3.1940,6.6020,6.1070
745170.3600,1,3.1810,6.6430,6.0800
745220.3380,0,3.1960,6.6860,6.0800
745270.3170,2,3.1960,6.6460,6.0560
745320.2910,0,3.1730,6.7170,6.0770
745370.2700,1,3.1690,6.7610,6.0610
745420.2500,0,3.1590,6.7020,6.1060
745470.2280,2,3.1560,6.7910,6.0750
745520.2040,0,3.1460,6.7580,6.1000
745570.1850,1,3.1800,6.7800,6.0540
745620.1570,0,3.1550,6.7420,6.1390
745670.1380,2,3.1770,6.7230,6.0570
745720.1180,0,3.1940,6.7170,6.0770
745770.0970,1,3.1610,6.7130,6.0620
745820.0690,0,3.1680,6.6300,6.0830
745870.0530,2,3.2170,6.6980,6.0940
745920.0300,0,3.1640,6.6440,6.0760
745970.0080,1,3.1720,6.6750,6.0930
746019.9800,0,3.2230,6.6760,6.1130
746069.9640,2,3.1910,6.6350,6.0480
746119.9420,0,3.1860,6.6360,6.0880
746169.9140,1,3.1820,6.6380,6.0670
746219.8940,0,3.1330,6.6380,6.0730
746269.8760,2,3.1730,6.6340,6.1210
746319.8500,0,3.1820,6.6410,6.0720
746369.8280,1,3.1940,6.6520,6.0740
746419.8070,0,3.2030,6.6190,6.0740
746469.7880,2,3.1700,6.5760,6.1100
746519.7610,0,3.2020,6.6260,6.1020
746569.7420,1,3.1630,6.6110,6.1220
746619.7160,0,3.1560,6.6100,6.0950
746669.6990,2,3.2260,6.6540,6.0790
746719.6750,0,3.1560,6.6290,6.0740
746769.6520,1,3.1920,6.6820,6.0800
746819.6320,0,3.1580,6.6970,6.0850
746869.6090,2,3.1680,6.7380,6.1090
746919.5890,0,3.1680,6.6720,6.0710
746969.5660,1,3.2280,6.7010,6.1290
747019.5430,0,3.1690,6.6580,6.0300
747069.5180,2,3.1930,6.6210,6.0730
747119.4950,0,3.1670,6.6190,6.0970
747169.4750,1,3.2340,6.6450,6.1230
747219.4540,0,3.1550,6.6330,6.1030
747269.4300,2,3.1910,6.6040,6.0870
747319.4080,0,3.2150,6.6240,6.0820
747369.3870,1,3.1870,6.6530,6.0770
747419.3650,0,3.1900,6.6980,6.0470
747469.3450,2,3.2230,6.7010,6.0900
747519.3230,0,3.1940,6.7030,6.0540
747569.2980,1,3.1860,6.7470,6.0800
747619.2760,0,3.1860,6.7170,6.1140
747669.2560,2,3.2130,6.6940,6.1070
747719.2330,0,3.1990,6.6520,6.0860
747769.2110,1,3.2080,6.6880,6.1130
747819.1920,0,3.1520,6.6670,6.0890
747869.1670,2,3.2220,6.6770,6.0990
747919.1470,0,3.1820,6.6520,6.1430
747969.1220,1,3.1480,6.6640,6.1020
748019.0990,0,3.1750,6.6620,6.0720
748069.0790,2,3.1610,6.6600,6.0000
748119.0560,0,3.1910,6.7100,6.0760
748169.0330,1,3.1730,6.6600,6.1080
748219.0130,0,3.2110,6.6700,6.0970
748268.9940,2,3.1330,6.6230,6.0950
748318.9720,0,3.1930,6.6510,6.0830
748368.9460,1,3.2020,6.6360,6.1010
748418.9220,0,3.1840,6.6450,6.0860
748468.8990,2,3.1490,6.6490,6.1020
748518.8800,0,3.2130,6.6570,6.1050
748568.8590,1,3.1910,6.6460,6.0780
748618.8380,0,3.2050,6.6860,6.0850
748668.8160,2,3.1660,6.6080,6.1130
748718.7920,0,3.1520,6.6590,6.0830
748768.7690,1,3.1840,6.6790,6.0510
748818.7480,0,3.2070,6.6680,6.0620
748868.7230,2,3.1810,6.7200,6.0550
748918.7050,0,3.1850,6.7150,6.0650
748968.6830,1,3.1680,6.6410,6.1130
749018.6580,0,3.1530,6.7580,6.0960
749068.6380,2,3.1650,6.6770,6.0860
749118.6130,0,3.2000,6.7470,6.0530
749168.5960,1,3.1640,6.6840,6.0630
749218.5720,0,3.1780,6.7290,6.1000
749268.5520,2,3.1790,6.7150,6.0810
749318.5300,0,3.1930,6.7140,6.0330
749368.5020,1,3.1670,6.6900,6.0500
749418.4840,0,3.2070,6.7540,6.0930
749468.4600,2,3.2060,6.7530,6.0890
749518.4420,0,3.1680,6.7160,6.0680
749568.4170,1,3.1770,6.7290,6.1280
749618.3960,0,3.2010,6.7580,6.0960
749668.3720,2,3.2250,6.6870,6.1080
749718.3510,0,3.1950,6.7150,6.0890
749768.3320,1,3.1900,6.7170,6.1360
749818.3100,0,3.1840,6.6980,6.0560
749868.2880,2,3.2080,6.7270,6.0600
749918.2660,0,3.1790,6.7400,6.0600
749968.2420,1,3.1760,6.7080,6.0840
750018.2210,0,3.1780,6.7180,6.0700
750068.1960,2,3.2090,6.7180,6.0950
750118.1740,0,3.1790,6.6440,6.1030
750168.1510,1,3.1880,6.6580,6.1010
750218.1310,0,3.1620,6.7320,6.0710
750268.1110,2,3.2070,6.7690,6.0340
750318.0890,0,3.1500,6.7300,6.0660
750368.0670,1,3.1490,6.7120,6.0790
750418.0450,0,3.1750,6.6560,6.0420
750468.0180,2,3.1730,6.6360,6.1030
750517.9950,0,3.1660,6.6940,6.0730
750567.9760,1,3.1380,6.6520,6.0810
750617.9550,0,3.1960,6.6540,6.1070
750667.9300,2,3.1680,6.5930,6.0710
750717.9080,0,3.2060,6.5600,6.0580
750767.8870,1,3.1820,6.6050,6.0800
750817.8650,0,3.1950,6.6730,6.0810
750867.8420,2,3.1690,6.6100,6.0840
750917.8200,0,3.1690,6.6770,6.0630
750967.8000,1,3.1540,6.6910,6.0840
751017.7800,0,3.2030,6.6570,6.0890
751067.7560,2,3.2050,6.6970,6.0880
751117.7300,0,3.2180,6.6580,6.1010
751167.7080,1,3.1840,6.6700,6.0940
751217.6880,0,3.1990,6.7060,6.0750
751267.6670,2,3.1670,6.7130,6.0820
751317.6420,0,3.1960,6.6450,6.0700
751367.6240,1,3.2110,6.6950,6.0860
751417.5980,0,3.2270,6.6810,6.0730
751467.5800,2,3.2110,6.6710,6.0760
751517.5540,0,3.1530,6.6320,6.0640
751567.5380,1,3.1700,6.6130,6.0690
751617.5110,0,3.1800,6.6600,6.0910
751667.4900,2,3.1650,6.6680,6.0530
751717.4700,0,3.1540,6.6990,6.0910
751767.4500,1,3.1980,6.6260,6.0940
751817.4280,0,3.1920,6.6830,6.0450
751867.4050,2,3.2000,6.6940,6.1000
751917.3810,0,3.1540,6.6170,6.0920
751967.3610,1,3.1780,6.6630,6.0790
752017.3390,0,3.1740,6.5740,6.0790
752067.3130,2,3.1800,6.6630,6.0870
752117.2940,0,3.1790,6.6680,6.0880
752167.2710,1,3.2020,6.6490,6.0460
752217.2510,0,3.1260,6.6330,6.0820
752267.2290,2,3.1600,6.6070,6.1450
752317.2010,0,3.1570,6.6110,6.1190
752367.1840,1,3.1940,6.6080,6.0240
752417.1410,0,3.1730,6.6030,6.1080
752467.1400,2,3.1620,6.5950,6.0910
752517.1170,0,3.2110,6.6030,6.0800
752567.0970,1,3.1880,6.5840,6.1120
752617.0710,0,3.1370,6.5790,6.1110
752667.0510,2,3.1600,6.6300,6.0820
752717.0260,0,3.1740,6.6100,6.0900
752767.0040,1,3.1860,6.5930,6.1210
752816.9840,0,3.2000,6.6170,6.0940
752866.9590,2,3.1780,6.6030,6.0850
752916.9380,0,3.2020,6.6080,6.0720
752966.9140,1,3.2000,6.6230,6.1260
753016.8930,0,3.2060,6.6110,6.0750
753066.8760,2,3.1480,6.6140,6.0560
753116.8500,0,3.1900,6.5830,6.0680
753166.8300,1,3.1950,6.6130,6.0960
753216.8080,0,3.1920,6.6050,6.0970
753266.7830,2,3.1830,6.6280,6.1140
753316.7600,0,3.2250,6.6350,6.0590
753366.7420,1,3.1980,6.6050,6.0550
753416.7200,0,3.1870,6.6210,6.1110
753466.6970,2,3.2040,6.6220,6.0690
753516.6730,0,3.1670,6.6540,6.1020
753566.6520,1,3.1470,6.5950,6.1000
753616.6310,0,3.1500,6.6440,6.0310
753666.6070,2,3.1880,6.6310,6.0920
753716.5860,0,3.1780,6.6140,6.0780
753766.5680,1,3.1770,6.6200,6.0940
753816.5400,0,3.1850,6.5900,6.0460
753866.5220,2,3.2070,6.6150,6.0940
753916.4990,0,3.1680,6.6110,6.0890
753966.4780,1,3.2050,6.6300,6.1020
754016.4540,0,3.2180,6.6200,6.1150
754066.4340,2,3.1850,6.6300,6.0930
754116.4130,0,3.1630,6.6290,6.0540
754166.3860,1,3.1550,6.6810,6.0700
754216.3630,0,3.2130,6.5930,6.0580
754266.3410,2,3.2230,6.6530,6.0770
754316.3190,0,3.1690,6.6760,6.0790
754366.3020,1,3.1990,6.5870,6.0920
754416.2750,0,3.1800,6.5930,6.0880
754466.2540,2,3.1750,6.5690,6.0760
754516.2330,0,3.1660,6.6390,6.1410
754566.2140,1,3.1730,6.6520,6.0740
754616.1910,0,3.1790,6.6600,6.0750
754666.1640,2,3.2170,6.7470,6.0990
754716.1480,0,3.1970,6.6760,6.1080
754766.1250,1,3.1470,6.6940,6.0810
754816.0990,0,3.1890,6.7070,6.0530
754866.0760,2,3.2270,6.7140,6.0920
754916.0550,0,3.1510,6.6750,6.0970
754966.0370,1,3.1790,6.6190,6.0790
755016.0150,0,3.1690,6.6410,6.1210
755065.9930,2,3.1720,6.6260,6.1170
755115.9680,0,3.1900,6.6870,6.1230
755165.9500,1,3.1860,6.6190,6.1210
755215.9220,0,3.1760,6.5880,6.1150
755265.9030,2,3.1640,6.5830,6.0850
755315.8780,0,3.2350,6.5750,6.1110
755365.8600,1,3.1750,6.6710,6.0930
755415.8390,0,3.1790,6.5930,6.1010
755465.8140,2,3.1590,6.6480,6.0720
755515.7930,0,3.1840,6.6070,6.0410
755565.7740,1,3.1530,6.6110,6.0490
755615.7490,0,3.1810,6.6240,6.0620
755665.7260,2,3.2050,6.5660,6.1270
755715.7070,0,3.1710,6.6120,6.1000
755765.6810,1,3.1910,6.6440,6.0710
755815.6620,0,3.1720,6.6160,6.0640
755865.6410,2,3.2120,6.5960,6.0690
755915.6120,0,3.1920,6.6080,6.0440
755965.5900,1,3.2240,6.5980,6.0550
756015.5740,0,3.1890,6.5730,6.1020
756065.5480,2,3.1910,6.5980,6.1220
756115.5280,0,3.2230,6.5610,6.0790
756165.5070,1,3.1630,6.6030,6.0330
756215.4810,0,3.2400,6.6210,6.0850
756265.4590,2,3.2160,6.6050,6.1040
756315.4360,0,3.2120,6.6470,6.0880
756365.4140,1,3.2110,6.6840,6.0710
756415.3930,0,3.1890,6.6150,6.0870
756465.3750,2,3.1990,6.6900,6.0710
756515.3500,0,3.1940,6.6650,6.0970
756565.3240,1,3.2180,6.7230,6.0650
756615.3040,0,3.2280,6.7560,6.0520
756665.2840,2,3.1930,6.6900,6.1080
756715.2590,0,3.1400,6.7210,6.0690
756765.2410,1,3.1620,6.6500,6.1050
756815.2200,0,3.1730,6.6640,6.1130
756865.1970,2,3.1700,6.7190,6.0690
756915.1700,0,3.1880,6.7150,6.1060
756965.1530,1,3.1640,6.7210,6.0960
757015.1280,0,3.2210,6.7200,6.0710
757065.1050,2,3.1750,6.7110,6.0720
757115.0810,0,3.1910,6.6640,6.0750
757165.0620,0,3.1510,6.6720,6.0550
757215.0390,1,3.2190,6.6650,6.1130
757265.0190,2,3.1970,6.6370,6.0760
757314.9910,0,3.1750,6.5780,6.0990
757364.9740,1,3.2150,6.5930,6.0780
757414.9480,0,3.2070,6.6550,6.0740
757464.9250,2,3.2120,6.6140,6.0950
757514.9080,0,3.1550,6.6470,6.0740
757564.8840,0,3.1640,6.6900,6.0970
757614.8590,1,3.1690,6.7080,6.0560
757664.8410,2,3.1580,6.6850,6.1320
757714.8190,0,3.2000,6.6420,6.1200
757764.7970,1,3.1930,6.6690,6.1120
757814.7740,0,3.1590,6.6750,6.0670
757864.7540,2,3.1410,6.6600,6.0450
757914.7320,0,3.1610,6.6190,6.0850
757964.7100,0,3.1750,6.6300,6.0930
758014.6820,1,3.1990,6.6030,6.0620
758064.6610,2,3.1710,6.6470,6.0900
758114.6410,0,3.2360,6.6740,6.0730
758164.6180,1,3.2040,6.6650,6.0980
758214.5980,0,3.2110,6.7280,6.0380
758264.5750,0,3.1810,6.6830,6.0810
758314.5520,2,3.1440,6.6730,6.0710
758364.5300,1,3.1800,6.6890,6.0780
758414.5080,0,3.2110,6.7170,6.0420
758464.4860,2,3.1740,6.7290,6.1010
758514.4640,0,3.1540,6.6220,6.1130
758564.4440,1,3.1790,6.6450,6.1110
758614.4160,0,3.1600,6.6600,6.1050
758664.3940,0,3.2020,6.6250,6.0970
758714.3720,2,3.1940,6.6380,6.1220
758764.3520,0,3.1350,6.6260,6.1200
758814.3300,0,3.1480,6.6280,6.0490
758864.3080,0,3.2020,6.5800,6.0760
758914.2840,0,3.1950,6.6480,6.0320
758964.2630,0,3.2210,6.6780,6.0350
759014.2440,0,3.1590,6.6790,6.0350
759064.2200,0,3.1930,6.7150,6.1080
759114.1990,0,3.1760,6.6530,6.0840
759164.1760,0,3.1820,6.6470,6.0850
759214.1560,0,3.1530,6.6510,6.0500
759264.1330,0,3.1700,6.6450,6.0690
759314.1110,0,3.1570,6.6070,6.0880
759364.0890,0,3.1480,6.6230,6.0520
759414.0630,0,3.1630,6.6720,6.0340
759464.0420,0,3.1800,6.7370,6.0990
759514.0210,0,3.1870,6.6370,6.1020
759564.0010,0,3.1910,6.6780,6.0760
759613.9750,0,3.1830,6.6640,6.0850
759663.9500,0,3.1880,6.6500,6.0720
759713.9350,0,3.1610,6.6700,6.0490
759763.9090,0,3.1740,6.6530,6.0650
759813.8880,0,3.1980,6.6580,6.0760
759863.8680,0,3.1930,6.6640,6.0780
759913.8440,0,3.2060,6.6910,6.0900
759963.8180,0,3.1720,6.6370,6.0710
760013.7990,0,3.1840,6.6420,6.0520
760063.7770,0,3.1960,6.7390,6.0970
760113.7550,0,3.1930,6.6750,6.0940
760163.7310,0,3.1760,6.6450,6.1060
760213.7120,0,3.1430,6.6520,6.0610
760263.6870,0,3.1820,6.6530,6.0850
760313.6630,0,3.1950,6.6530,6.1030
760363.6460,0,3.1860,6.6310,6.0890
760413.6210,0,3.2080,6.6620,6.0750
760463.5970,0,3.1830,6.6680,6.0440
760513.5780,0,3.2050,6.6160,6.0800
760563.5540,0,3.1920,6.6580,6.0850
760613.5340,0,3.1790,6.6510,6.0760
760663.5110,0,3.2190,6.6670,6.0690
760713.4870,0,3.1730,6.6820,6.0480
760763.4650,0,3.1760,6.6290,6.0930
760813.4440,0,3.1910,6.6580,6.1080
760863.4220,0,3.2320,6.6550,6.0500
760913.3990,0,3.1970,6.6360,6.0730
760963.3770,0,3.2070,6.6360,6.0790
761013.3520,0,3.2010,6.5780,6.1310
761063.3320,0,3.1980,6.6230,6.0670
761113.3140,0,3.1870,6.6040,6.0600
761163.2910,0,3.2090,6.6440,6.0940
761213.2650,0,3.1700,6.7280,6.0590
761263.2460,0,3.1900,6.6620,6.0930
761313.2220,0,3.1660,6.6720,6.1080
761363.1980,0,3.1520,6.6410,6.0790
761413.1780,0,3.1780,6.6480,6.0940
761463.1550,0,3.2060,6.6740,6.0910
761513.1320,0,3.2240,6.6410,6.1110
761563.1100,0,3.1660,6.6000,6.0740
761613.0880,0,3.1800,6.5890,6.1170
761663.0670,0,3.2080,6.6150,6.0950
761713.0480,0,3.1830,6.6030,6.0550
761763.0260,0,3.1910,6.6670,6.0930
761812.9990,0,3.2080,6.6450,6.0670
761862.9800,0,3.1920,6.6860,6.0710
761912.9570,0,3.1740,6.6180,6.0930
761962.9360,0,3.1740,6.5950,6.0360
762012.9120,0,3.1950,6.5770,6.0770
762062.8870,0,3.1560,6.5830,6.1400
762112.8660,0,3.1530,6.5990,6.0810
762162.8470,0,3.1830,6.6780,6.0570
762212.8220,0,3.1950,6.6270,6.0580
762262.8040,0,3.1540,6.6630,6.0780
762312.7800,0,3.1910,6.6710,6.1010
762362.7590,0,3.2280,6.6370,6.0960
762412.7370,0,3.1220,6.6040,6.0790
762462.7140,0,3.1890,6.5860,6.0530
762512.6910,0,3.2000,6.5870,6.0850
762562.6670,0,3.1520,6.6450,6.0760
762612.6490,0,3.1720,6.6220,6.0910
762662.6270,0,3.2020,6.6370,6.0930
762712.6010,0,3.2060,6.6920,6.1070
762762.5820,0,3.2110,6.6870,6.0840
762812.5600,0,3.1760,6.6590,6.0830
762862.5380,0,3.1450,6.7090,6.0710
762912.5110,0,3.2330,6.7160,6.0770
762962.4940,0,3.1530,6.7290,6.0930
763012.4680,0,3.1660,6.6590,6.1190
763062.4460,0,3.1790,6.6580,6.0830
763112.4250,0,3.1980,6.6080,6.0720
763162.4060,0,3.1820,6.6190,6.1030
763212.3820,0,3.1680,6.6420,6.1050
763262.3620,0,3.1480,6.7090,6.1080
763312.3400,0,3.1870,6.7390,6.0690
763362.3130,0,3.1390,6.7190,6.0810
763412.2940,0,3.1650,6.6900,6.0830
763462.2710,0,3.1850,6.6850,6.1110
763512.2470,0,3.1910,6.6460,6.0950
763562.2230,0,3.1480,6.6050,6.1090
763612.2060,0,3.2050,6.6140,6.0720
763662.1800,0,3.1900,6.6550,6.0770
763712.1590,0,3.1830,6.5920,6.0230
763762.1400,0,3.1630,6.6290,6.0790
763812.1130,0,3.1980,6.5620,6.0640
763862.0910,0,3.1760,6.5570,6.1220
763912.0730,0,3.1900,6.6130,6.0910
763962.0480,0,3.2030,6.5910,6.1010
764012.0230,0,3.1750,6.5520,6.0930
764062.0040,0,3.2100,6.5960,6.1070
764111.9810,0,3.2030,6.6020,6.0750
764161.9580,0,3.1850,6.6460,6.1520
764211.9370,0,3.1820,6.5830,6.0550
764261.9150,0,3.2140,6.6190,6.0880
764311.8900,0,3.1490,6.6240,6.0900
764361.8730,0,3.2050,6.6110,6.1220
764411.8460,0,3.1870,6.5950,6.0810
764461.8290,0,3.2010,6.5980,6.0900
764511.8080,0,3.1990,6.5720,6.0930
764561.7810,0,3.1820,6.5950,6.0820
764611.7590,0,3.1620,6.5430,6.1070
764661.7380,0,3.1790,6.5390,6.0740
764711.7150,0,3.1630,6.5810,6.1140
764761.6960,0,3.1790,6.5810,6.0850
764811.6730,0,3.1990,6.5800,6.0350
764861.6490,0,3.1510,6.6110,6.0690
764911.6300,0,3.2060,6.6060,6.1110
764961.6020,0,3.2080,6.5900,6.0970
765011.5830,0,3.2150,6.6220,6.0780
765061.5620,0,3.1750,6.5730,6.1090
765111.5410,0,3.1960,6.6050,6.0760
765161.5180,0,3.2070,6.6520,6.1190
765211.4970,0,3.1670,6.6590,6.0950
765261.4760,0,3.1810,6.6130,6.0640
765311.4520,0,3.1940,6.6280,6.0820
765361.4290,0,3.1570,6.6420,6.1120
765411.4060,0,3.1990,6.6880,6.0660
765461.3840,0,3.2190,6.6090,6.0820
765511.3630,0,3.2110,6.6070,6.1180
765561.3390,0,3.1970,6.5940,6.0820
765611.3200,0,3.1690,6.6070,6.1070
765661.2920,0,3.1870,6.6230,6.0500
765711.2720,0,3.1430,6.6030,6.1280
765761.2540,0,3.2190,6.6180,6.0370
765811.2260,0,3.1780,6.6410,6.0880
765861.2070,0,3.1710,6.6590,6.0970
765911.1830,0,3.1570,6.6060,6.0530
765961.1650,0,3.1600,6.6270,6.0730
766011.1380,0,3.2040,6.6470,6.0470
766061.1160,0,3.1220,6.5830,6.0870
766111.0980,0,3.2050,6.6330,6.0950
766161.0720,0,3.1670,6.6410,6.1140
766211.0520,0,3.1810,6.6140,6.0600
766261.0300,0,3.1970,6.6220,6.0270
766311.0090,0,3.2060,6.6580,6.0500
766360.9840,0,3.2090,6.6320,6.0890
766410.9630,0,3.1780,6.6050,6.0740
766460.9420,0,3.1870,6.5920,6.0660
766510.9210,0,3.1560,6.6320,6.0610
766560.8960,0,3.1600,6.6240,6.1140
766610.8770,0,3.2120,6.6040,6.1400
766660.8550,0,3.2360,6.6660,6.0850
766710.8320,0,3.1920,6.6640,6.0940
766760.8100,0,3.1510,6.6500,6.0660
766810.7860,0,3.2260,6.6320,6.0600
766860.7620,0,3.1880,6.6500,6.0850
766910.7420,0,3.1690,6.6210,6.0920
766960.7210,0,3.2120,6.6660,6.0750
767010.6980,0,3.2110,6.6220,6.0640
767060.6720,0,3.2110,6.5950,6.0810
767110.6530,0,3.1670,6.6200,6.0870
767160.6320,0,3.1590,6.6540,6.0690
767210.6060,0,3.1620,6.5990,6.0630
767260.5850,0,3.2030,6.5740,6.1100
767310.5630,0,3.1830,6.6060,6.1050
767360.5440,0,3.2020,6.5970,6.0580
767410.5220,0,3.1560,6.6360,6.0560
767460.4980,0,3.2220,6.6470,6.0790
767510.4780,0,3.2130,6.6430,6.0860
767560.4550,0,3.1830,6.6290,6.0640
767610.4330,0,3.2120,6.6370,6.1200
767660.4110,0,3.1860,6.6050,6.0730
767710.3850,0,3.1940,6.5670,6.0410
767760.3640,0,3.1770,6.6320,6.1190
767810.3440,0,3.2010,6.6530,6.0730
767860.3190,0,3.1620,6.6350,6.0610
767910.2970,0,3.2240,6.6390,6.1130
767960.2740,0,3.1860,6.5960,6.0740
768010.2570,0,3.2160,6.6170,6.0820
768060.2330,0,3.1720,6.6220,6.0640
768110.2140,0,3.1860,6.5930,6.1360
768160.1850,0,3.2160,6.5510,6.0690
768210.1680,0,3.1880,6.5850,6.0800
768260.1440,0,3.1850,6.5140,6.0470
768310.1240,0,3.1760,6.5730,6.0580
768360.1040,0,3.2440,6.6120,6.0850
768410.0760,0,3.2000,6.5870,6.0710
768460.0530,0,3.1560,6.6700,6.0870
768510.0320,0,3.2170,6.6060,6.0960
768560.0110,0,3.2370,6.6020,6.1060
768609.9920,0,3.2150,6.5950,6.0920
768659.9680,0,3.1560,6.6180,6.0800
768709.9490,0,3.1780,6.6360,6.1330
768759.9240,0,3.1970,6.6750,6.0520
768809.9010,0,3.1750,6.6230,6.0760
768859.8810,0,3.1920,6.6330,6.0840
768909.8570,0,3.2320,6.6220,6.0920
768959.8370,0,3.1840,6.6670,6.0560
769009.8110,0,3.2040,6.6860,6.1130
769059.7930,0,3.1860,6.6730,6.1030
769109.7710,0,3.1900,6.6810,6.0530
769159.7470,0,3.1750,6.6410,6.1140
769209.7260,0,3.1540,6.6590,6.0700
769259.7000,0,3.1600,6.6680,6.0980
769309.6820,0,3.1600,6.6610,6.0580
769359.6590,0,3.2120,6.6680,6.0650
769409.6350,0,3.1610,6.6230,6.0910
769459.6170,0,3.1850,6.6590,6.0910
769509.5920,0,3.1750,6.7010,6.0750
769559.5690,0,3.1380,6.7260,6.0770
769609.5520,0,3.1970,6.6800,6.1230
769659.5240,0,3.1670,6.6520,6.0880
769709.5050,0,3.1600,6.6480,6.0780
769759.4850,0,3.1990,6.6930,6.0880
769809.4590,0,3.1630,6.6910,6.0510
769859.4410,0,3.1760,6.6250,6.0590
769909.4180,0,3.1800,6.6170,6.0320
769959.3970,0,3.2090,6.6200,6.0880
770009.3710,0,3.2390,6.6170,6.0870
770059.3510,0,3.2090,6.6120,6.0710
770109.3320,0,3.1780,6.6080,6.1320
770159.3080,0,3.1750,6.6130,6.1220
770209.2880,0,3.1900,6.6650,6.1050
770259.2600,0,3.1960,6.7100,6.0550
770309.2440,0,3.1490,6.8060,6.0770
770359.2200,0,3.1550,6.7460,6.0520
770409.1950,0,3.1400,6.7430,6.0970
770459.1710,0,3.2050,6.7200,6.0720
770509.1540,0,3.1570,6.7030,6.0730
770559.1300,0,3.1510,6.6980,6.0830
770609.1080,0,3.2020,6.6840,6.0760
770659.0880,0,3.1310,6.6760,6.0510
770709.0640,0,3.2180,6.6790,6.1110
770759.0420,0,3.2030,6.6740,6.0530
770809.0190,0,3.1860,6.6620,6.0750
770858.9990,0,3.1540,6.6560,6.1190
770908.9770,0,3.2130,6.6580,6.1030
770958.9520,0,3.1470,6.6590,6.0830
771008.9340,0,3.1700,6.6400,6.0870
771058.9120,0,3.1900,6.6140,6.0740
771108.8860,0,3.1800,6.6030,6.0950
771158.8690,0,3.1520,6.6470,6.1040
771208.8450,0,3.1670,6.6340,6.1300
771258.8210,0,3.1810,6.6630,6.0540
771308.8010,0,3.2180,6.5850,6.0440
771358.7800,0,3.2090,6.6040,6.0470
771408.7550,0,3.1890,6.6210,6.0350
771458.7360,0,3.2050,6.6000,6.0790
771508.7100,0,3.1890,6.6150,6.1260
771558.6910,0,3.2070,6.6380,6.0760
771608.6650,0,3.1730,6.6020,6.0930
771658.6430,0,3.1550,6.6140,6.0790
771708.6210,0,3.1920,6.6280,6.0800
771758.6000,0,3.1850,6.6000,6.0700
771808.5780,0,3.1940,6.5920,6.0980
771858.5560,0,3.2160,6.5900,6.0510
771908.5380,0,3.1840,6.6480,6.0720
771958.5130,0,3.1800,6.6650,6.1100
772008.4880,0,3.1760,6.7090,6.0700
772058.4660,0,3.1830,6.6950,6.0540
772108.4450,0,3.1720,6.7130,6.0810
772158.4250,0,3.1900,6.6210,6.0460
772208.4000,0,3.1860,6.6520,6.0940
772258.3810,0,3.2120,6.6660,6.0750
772308.3620,0,3.1640,6.6870,6.0730
772358.3370,0,3.1960,6.7510,6.0710
772408.3120,0,3.2020,6.7190,6.0820
772458.2910,0,3.2090,6.7440,6.0020
772508.2730,0,3.1760,6.7870,6.1000
772558.2480,0,3.1690,6.7560,6.0900
772608.2300,0,3.2150,6.7620,6.0900
772658.2020,0,3.1380,6.7670,6.0690
772708.1840,0,3.1770,6.7220,6.0810
772758.1600,0,3.1610,6.6950,6.0720
772808.1400,0,3.1710,6.7110,6.0350
772858.1160,0,3.2160,6.7040,6.1240
772908.0950,0,3.1860,6.6640,6.0910
772958.0730,0,3.1710,6.7160,6.0700
773008.0530,0,3.1880,6.6650,6.0960
773058.0310,0,3.1890,6.6680,6.0790
773108.0070,0,3.1650,6.6570,6.1020
773157.9870,0,3.1850,6.6440,6.0940
773207.9600,0,3.1950,6.6710,6.0430
773257.9400,0,3.1280,6.6950,6.0770
773307.9150,0,3.1560,6.6830,6.0540
773357.8990,0,3.2090,6.6770,6.1020
773407.8760,0,3.1660,6.6850,6.0620
773457.8490,0,3.2320,6.6690,6.0790
773507.8310,0,3.1670,6.6630,6.0790
773557.8050,0,3.2000,6.6790,6.0980
773607.7840,0,3.1640,6.7230,6.0690
773657.7620,0,3.1830,6.7020,6.0670
773707.7400,0,3.1740,6.6600,6.1020
773757.7190,0,3.1940,6.6750,6.0950
773807.6960,0,3.1900,6.6910,6.1110
773857.6780,0,3.1940,6.6940,6.0500
773907.6570,0,3.1730,6.6850,6.0620
773957.6320,0,3.1820,6.6810,6.0660
774007.6080,0,3.1830,6.6610,6.1250
774057.5860,0,3.1680,6.6630,6.1310
774107.5670,0,3.1580,6.6590,6.1120
774157.5420,0,3.1570,6.6660,6.0740
774207.5210,0,3.1740,6.6740,6.0880
774257.4980,0,3.2270,6.6450,6.0940
774307.4760,0,3.1820,6.6610,6.0340
774357.4550,0,3.1700,6.6520,6.1020
774407.4330,0,3.1760,6.6870,6.0850
774457.4110,0,3.1770,6.6340,6.1260
774507.3910,0,3.1640,6.7370,6.0760
774557.3680,0,3.1640,6.7140,6.1120
774607.3450,0,3.1380,6.7030,6.0750
774657.3200,0,3.2140,6.6380,6.0530
774707.3030,0,3.2020,6.6650,6.0840
774757.2800,0,3.1930,6.7060,6.0660
774807.2590,0,3.1460,6.7200,6.1010
774857.2360,0,3.1840,6.6970,6.0820
774907.2100,0,3.1630,6.7310,6.0920
774957.1890,0,3.2040,6.7000,6.0440
775007.1670,0,3.1360,6.7110,6.0390
775057.1460,0,3.1980,6.7860,6.0900
775107.1270,0,3.1480,6.7450,6.0820
775157.1000,0,3.2270,6.7070,6.0690
775207.0810,0,3.1940,6.7190,6.0840
775257.0620,0,3.1870,6.6660,6.0920
775307.0340,0,3.1760,6.7360,6.1160
775357.0130,0,3.1930,6.6990,6.1120
775406.9920,0,3.2090,6.7210,6.0510
775456.9710,0,3.1570,6.7150,6.0960
775506.9490,0,3.1670,6.7380,6.0480
775556.9250,0,3.1620,6.6800,6.0820
775606.9020,0,3.1670,6.6960,6.0910
775656.8850,0,3.1970,6.6890,6.1060
775706.8620,0,3.1650,6.7170,6.0730
775756.8400,0,3.1950,6.7050,6.1050
775806.8180,0,3.1570,6.7360,6.1050
775856.7920,0,3.1670,6.7350,6.1090
775906.7690,0,3.1720,6.8150,6.1100
775956.7510,0,3.1680,6.7720,6.0850
776006.7280,0,3.1780,6.7290,6.0520
776056.7080,0,3.1800,6.8110,6.0760
776106.6850,0,3.1400,6.7650,6.1110
776156.6610,0,3.1700,6.7870,6.0870
776206.6380,0,3.2140,6.8050,6.0920
776256.6170,0,3.1590,6.8440,6.1270
776306.5930,0,3.1890,6.8460,6.1060
776356.5770,0,3.1330,6.8050,6.0800
776406.5540,0,3.1490,6.8380,6.0890
776456.5330,0,3.1920,6.8440,6.0940
776506.5090,0,3.1790,6.8350,6.1140
776556.4880,0,3.1500,6.8580,6.1110
776606.4650,0,3.1610,6.8350,6.0940
776656.4430,0,3.1470,6.8170,6.1270
776706.4160,0,3.2060,6.8180,6.1060
776756.3940,0,3.1600,6.7750,6.0390
776806.3770,0,3.1800,6.8320,6.0810
776856.3510,0,3.1530,6.8510,6.0540
776906.3310,0,3.1930,6.8760,6.1100
776956.3060,0,3.1670,6.8660,6.0680
777006.2880,0,3.1620,6.8890,6.0820
777056.2630,0,3.1630,6.8540,6.0810
777106.2410,0,3.1970,6.8690,6.0850
777156.2190,0,3.1650,6.8780,6.1230
777206.2020,0,3.1600,6.8590,6.0960
777256.1760,0,3.1760,6.8780,6.1040
777306.1540,0,3.1680,6.8680,6.0820
777356.1360,0,3.1500,6.8460,6.0770
777406.1070,0,3.1990,6.8590,6.0610
777456.0920,0,3.1450,6.8780,6.0620
777506.0650,0,3.1470,6.8890,6.0640
777556.0410,0,3.1050,6.8550,6.0720
777606.0260,0,3.1850,6.8720,6.0570
777656.0020,0,3.1640,6.8970,6.1230
777705.9810,0,3.1870,6.8700,6.1030
777755.9580,0,3.1680,6.8680,6.0750
777805.9320,0,3.1860,6.8500,6.0500
777855.9090,0,3.2000,6.8340,6.0740
777905.8910,0,3.1390,6.8770,6.0980
777955.8690,0,3.1340,6.8380,6.0650
778005.8480,0,3.1490,6.8200,6.1120
778055.8250,0,3.1410,6.8540,6.0540
778105.8030,0,3.1750,6.8550,6.0930
778155.7780,0,3.1440,6.8440,6.0380
778205.7580,0,3.1470,6.8470,6.1080
778255.7340,0,3.1450,6.8730,6.1050
778305.7170,0,3.1370,6.8680,6.1220
778355.6920,0,3.1650,6.8500,6.0850
778405.6700,0,3.1390,6.7930,6.0910
778455.6490,0,3.1850,6.7940,6.0540
778505.6270,0,3.1500,6.8350,6.0970
778555.6020,0,3.1680,6.8440,6.0560
778605.5840,0,3.1650,6.9060,6.0810
778655.5610,0,3.1650,6.8130,6.0510
778705.5390,0,3.1620,6.7990,6.1010
778755.5140,0,3.1560,6.8880,6.0780
778805.4960,0,3.1740,6.8120,6.0630
778855.4680,0,3.1450,6.8240,6.0940
778905.4540,0,3.1580,6.8650,6.0600
778955.4290,0,3.1890,6.8880,6.0760
779005.4070,0,3.1690,6.8890,6.1010
779055.3810,0,3.1200,6.8820,6.0930
779105.3600,0,3.1460,6.9120,6.0840
779155.3380,0,3.1630,6.9120,6.0930
779205.3200,0,3.1680,6.8930,6.0750
779255.2980,0,3.1490,6.9020,6.0780
779305.2710,0,3.1280,6.8730,6.1390
779355.2510,0,3.1490,6.8070,6.0710
779405.2290,0,3.1340,6.8150,6.0240
779455.2080,0,3.1870,6.7180,6.1110
779505.1830,0,3.1560,6.7850,6.1000
779555.1660,0,3.1440,6.7830,6.0670
779605.1430,0,3.1890,6.8330,6.1260
779655.1210,0,3.2030,6.8090,6.1120
779705.0960,0,3.1450,6.8560,6.0890
779755.0730,0,3.1550,6.8210,6.0500
779805.0500,0,3.1620,6.8340,6.1010
779855.0320,0,3.1830,6.8130,6.0650
779905.0070,0,3.1650,6.8100,6.1140
779954.9860,0,3.1800,6.8270,6.0550
780004.9640,0,3.1700,6.8220,6.0830
780054.9380,0,3.1410,6.8230,6.0830
780104.9200,0,3.1870,6.8200,6.0840
780154.8980,0,3.2160,6.8070,6.1320
780204.8740,0,3.1630,6.7760,6.1080
780254.8510,0,3.1940,6.7540,6.0780
780304.8330,0,3.1800,6.8330,6.0880
780354.8070,0,3.1710,6.9110,6.0920
780404.7830,0,3.2370,6.8840,6.0980
780454.7610,0,3.1560,6.8240,6.0480
780504.7430,0,3.1610,6.8870,6.0420
780554.7210,0,3.1500,6.8540,6.1240
780604.6950,0,3.1800,6.8100,6.1330
780654.6780,0,3.1940,6.8310,6.0470
780704.6550,0,3.1640,6.7830,6.0680
780754.6280,0,3.1620,6.8360,6.0970
780804.6090,0,3.1860,6.8460,6.0610
780854.5850,0,3.1780,6.8710,6.0300
780904.5650,0,3.1870,6.8170,6.1040
780954.5460,0,3.1590,6.8130,6.0860
781004.5200,0,3.1450,6.8530,6.0510
781054.4960,0,3.1840,6.8650,6.0700
781104.4760,0,3.1770,6.8620,6.0810
781154.4510,0,3.1750,6.8890,6.0560
781204.4320,0,3.1530,6.8770,6.0880
781254.4120,0,3.1700,6.9040,6.0910
781304.3900,0,3.1470,6.9060,6.0890
781354.3650,0,3.1920,6.9050,6.0660
781404.3420,0,3.1530,6.8680,6.0390
781454.3200,0,3.1700,6.8720,6.0380
781504.3000,0,3.1720,6.8630,6.0650
781554.2770,0,3.1760,6.8370,6.0430
781604.2580,0,3.1310,6.8300,6.0840
781654.2310,0,3.1780,6.7820,6.0310
781704.2130,0,3.1470,6.7850,6.0800
781754.1880,0,3.1800,6.8240,6.0700
781804.1670,0,3.1520,6.7540,6.0950
781854.1440,0,3.1680,6.7540,6.0550
781904.1190,0,3.1450,6.7930,6.0870
781954.1030,0,3.2100,6.7480,6.0970
782004.0800,0,3.1730,6.7510,6.0590
782054.0530,0,3.1680,6.7010,6.0780
782104.0330,0,3.1250,6.7710,6.0760
782154.0080,0,3.1780,6.7420,6.0680
782203.9920,0,3.1520,6.7180,6.0410
782253.9670,0,3.1810,6.6530,6.0410
782303.9430,0,3.1970,6.7630,6.0540
782353.9200,0,3.1820,6.7600,6.0940
782403.8990,0,3.1390,6.7630,6.0610
782453.8800,0,3.1460,6.7750,6.1240
782503.8560,0,3.1680,6.8000,6.0610
782553.8310,0,3.1830,6.7520,6.0910
782603.8130,0,3.1550,6.7780,6.1090
782653.7910,0,3.1760,6.7640,6.0550
782703.7650,0,3.1820,6.7610,6.0430
782753.7470,0,3.1450,6.7220,6.1050
782803.7210,0,3.1860,6.7390,6.0770
782853.7020,0,3.1880,6.7330,6.1290
782903.6780,0,3.1750,6.6950,6.0860
782953.6570,0,3.1610,6.7470,6.0670
783003.6370,0,3.1780,6.8110,6.1000
783053.6150,0,3.1340,6.7800,6.1030
783103.5870,0,3.1630,6.8380,6.0950
783153.5680,0,3.1430,6.8360,6.0400
783203.5430,0,3.1580,6.8520,6.1050
783253.5220,0,3.1410,6.8610,6.0120
783303.5020,0,3.1250,6.8870,6.0850
783353.4790,0,3.1360,6.8830,6.0700
783403.4590,0,3.1540,6.8320,6.0870
783453.4330,0,3.1710,6.8440,6.1020
783503.4140,0,3.1210,6.8280,6.0840
783553.3920,0,3.1860,6.8280,6.0530
783603.3710,0,3.1660,6.9070,6.0460
783653.3480,0,3.1570,6.9300,6.0840
783703.3260,0,3.1480,6.8780,6.1190
783753.3000,0,3.1460,6.9470,6.0800
783803.2790,0,3.1220,6.9290,6.0820
783853.2560,0,3.1350,6.9330,6.0620
783903.2390,0,3.1660,6.9060,6.0600
783953.2130,0,3.1370,6.9910,6.0720
784003.1930,0,3.1410,6.9110,6.0690
784053.1690,0,3.1980,6.9200,6.0160
784103.1500,0,3.1240,6.9450,6.0400
784153.1230,0,3.1460,6.8980,6.0400
784203.1050,0,3.1390,6.8960,6.0460
784253.0840,0,3.1910,6.9130,6.1270
784303.0610,0,3.1670,6.9580,6.0820
784353.0400,0,3.1630,6.9160,6.0660
784403.0150,0,3.1840,6.8660,6.0640
784452.9940,0,3.1360,6.8540,6.0910
784502.9690,0,3.1520,6.8870,6.0620
784552.9460,0,3.1480,6.8330,6.0810
784602.9250,0,3.1720,6.8650,6.0730
784652.9030,0,3.1490,6.8890,6.0250
784702.8850,0,3.1770,6.9100,6.1010
784752.8590,0,3.1400,6.8660,6.0420
784802.8400,0,3.1590,6.8290,6.0790
784852.8180,0,3.1620,6.8710,6.0660
784902.7920,0,3.1340,6.8230,6.1040
784952.7730,0,3.1670,6.8020,6.1070
785002.7500,0,3.1720,6.8180,6.0540
785052.7260,0,3.1030,6.7930,6.0970
785102.7040,0,3.1370,6.8300,6.0970
785152.6810,0,3.1400,6.8260,6.0900
785202.6630,0,3.1530,6.8570,6.1240
785252.6410,0,3.1410,6.8410,6.0340
785302.6190,0,3.1200,6.8500,6.0880
785352.5950,0,3.1200,6.8300,6.1060
785402.5690,0,3.1590,6.8600,6.0910
785452.5480,0,3.1480,6.8120,6.0300
785502.5280,0,3.1240,6.8470,6.0850
785552.5080,0,3.0750,6.8730,6.1170
785602.4840,0,3.1450,6.7700,6.1140
785652.4630,0,3.1660,6.8450,6.1110
785702.4360,0,3.1550,6.8640,6.0730
785752.4130,0,3.1500,6.8430,6.0730
785802.3910,0,3.1760,6.8380,6.0710
785852.3740,0,3.1490,6.8320,6.0580
785902.3490,0,3.1530,6.8370,6.1000
785952.3290,0,3.1780,6.8350,6.1040
786002.3050,0,3.1650,6.8790,6.0490
786052.2860,0,3.1810,6.8330,6.0330
786102.2600,0,3.1480,6.8790,6.0610
786152.2380,0,3.1910,6.8830,6.0580
786202.2190,0,3.1320,6.8520,6.0700
786252.1970,0,3.1340,6.8810,6.0690
786302.1720,0,3.1280,6.9030,6.0930
786352.1510,0,3.1590,6.8700,6.0580
786402.1290,0,3.1510,6.8210,6.0400
786452.1070,0,3.1320,6.8550,6.0640
786502.0850,0,3.1580,6.8560,6.0770
786552.0600,0,3.1350,6.8400,6.0760
786602.0410,0,3.1430,6.8060,6.1000
786652.0170,0,3.1210,6.8710,6.0970
786701.9990,0,3.1590,6.8600,6.0680
786751.9740,0,3.1660,6.8560,6.1070
786801.9520,0,3.2050,6.8720,6.0780
786851.9300,0,3.1880,6.8390,6.0650
786901.9090,0,3.1540,6.7910,6.0680
786951.8850,0,3.1350,6.7730,6.0530
787001.8610,0,3.1560,6.7570,6.0900
787051.8390,0,3.1070,6.8310,6.1010
787101.8210,0,3.1620,6.8350,6.0410
787151.7940,0,3.1580,6.8270,6.0620
787201.7770,0,3.1480,6.8510,6.1030
787251.7540,0,3.1560,6.8270,6.0860
787301.7330,0,3.1330,6.8270,6.0830
787351.7070,0,3.1690,6.8060,6.0800
787401.6840,0,3.1850,6.8100,6.0950
787451.6620,0,3.1590,6.7620,6.0480
787501.6380,0,3.2020,6.7930,6.0830
787551.6170,0,3.1800,6.7050,6.0390
787601.5940,0,3.1330,6.7420,6.0520
787651.5770,0,3.1830,6.7070,6.0500
787701.5500,0,3.1910,6.6950,6.1040
787751.5320,0,3.1510,6.7340,6.0890
787801.5090,0,3.1750,6.7420,6.1050
787851.4890,0,3.1600,6.7070,6.0950
787901.4660,0,3.1880,6.7550,6.0390
787951.4390,0,3.1520,6.7240,6.0680
788001.4200,0,3.1870,6.7600,6.0710
788051.4010,0,3.2040,6.7270,6.1120
788101.3720,0,3.1760,6.7480,6.0980
788151.3510,0,3.1860,6.7260,6.0760
788201.3300,0,3.1500,6.7120,6.0830
788251.3090,0,3.1940,6.7380,6.0490
788301.2850,0,3.1940,6.7010,6.0900
788351.2620,0,3.1370,6.6680,6.0580
788401.2430,0,3.1540,6.7470,6.0960
788451.2180,0,3.1990,6.7590,6.0600
788501.1950,0,3.1800,6.7070,6.1030
788551.1760,0,3.1660,6.7420,6.0850
788601.1550,0,3.1130,6.7380,6.0690
788651.1280,0,3.2070,6.7460,6.0590
788701.1080,0,3.1760,6.7190,6.0720
788751.0840,1,3.1800,6.7150,6.0050
788801.0640,0,3.1710,6.7630,6.0460
788851.0410,2,3.1600,6.7520,6.0680
788901.0220,0,3.1830,6.7550,6.0680
788950.9990,1,3.1360,6.7620,6.0880
789000.9750,0,3.1940,6.7720,6.0760
789050.9550,2,3.1950,6.7890,6.0750
789100.9310,0,3.1750,6.7740,6.1050
789150.9110,1,3.1990,6.8040,6.0440
789200.8900,0,3.1690,6.8230,6.1100
789250.8650,2,3.1580,6.7760,6.0340
789300.8420,0,3.1640,6.7500,6.0330
789350.8250,1,3.2050,6.8400,6.0730
789400.7960,0,3.2030,6.8380,6.0640
789450.7760,2,3.1990,6.8110,6.0550
789500.7570,0,3.2210,6.7680,6.0880
789550.7310,1,3.1590,6.7840,6.0760
789600.7120,0,3.1910,6.7230,6.0620
789650.6900,2,3.1890,6.7620,6.0410
789700.6650,0,3.1780,6.8020,6.1140
789750.6460,1,3.1940,6.7510,6.0930
789800.6250,0,3.1820,6.7510,6.1210
789850.6030,2,3.1500,6.6920,6.0470
789900.5780,0,3.1840,6.7440,6.0700
789950.5590,1,3.1620,6.7520,6.0870
790000.5330,0,3.1510,6.7690,6.0250
790050.5110,2,3.1730,6.7630,6.0560
790100.4880,0,3.2020,6.7330,6.0460
790150.4640,1,3.1600,6.7290,6.0750
790200.4480,0,3.1520,6.7470,6.0660
790250.4210,2,3.2060,6.6860,6.0460
790300.4040,0,3.2010,6.6930,6.1190
790350.3770,1,3.1870,6.7250,6.0800
790400.3580,0,3.1700,6.7020,6.0600
790450.3320,2,3.1470,6.7370,6.0880
790500.3140,0,3.1620,6.7040,6.0550
790550.2900,1,3.1570,6.7140,6.0230
790600.2660,0,3.1770,6.6870,6.0700
790650.2480,2,3.1350,6.7050,6.0210
790700.2240,0,3.1800,6.7010,6.0690
790750.1990,1,3.1600,6.7500,6.0800
790800.1800,0,3.1610,6.6890,6.0730
790850.1550,2,3.1640,6.6580,6.0770
790900.1380,0,3.1530,6.6610,6.0820
790950.1110,1,3.1930,6.6560,6.0890
791000.0910,0,3.2030,6.7380,6.0700
791050.0700,2,3.1270,6.6760,6.1030
791100.0450,0,3.1980,6.6850,6.0400
791150.0230,1,3.1630,6.6800,6.0620
791199.9990,0,3.1880,6.6700,6.0170
791249.9790,2,3.1900,6.6170,6.0840
791299.9600,0,3.1610,6.6300,6.0830
791349.9340,1,3.1660,6.6560,6.0770
791399.9120,0,3.2190,6.6290,6.1110
791449.8880,2,3.1620,6.5890,6.0600
791499.8720,0,3.1710,6.6320,6.1340
791549.8440,1,3.1700,6.5850,6.0920
791599.8220,0,3.1880,6.6370,6.0590
791649.8060,2,3.1760,6.6560,6.0720
791699.7790,0,3.1770,6.6630,6.0920
791749.7580,1,3.2070,6.6620,6.0880
791799.7340,0,3.1960,6.6720,6.0870
791849.7140,2,3.1420,6.6130,6.0930
791899.6910,0,3.1390,6.6400,6.0980
791949.6720,1,3.1380,6.6260,6.1030
791999.6480,0,3.1860,6.6910,6.0880
792049.6250,2,3.1590,6.6750,6.0610
792099.6030,0,3.1810,6.6530,6.0490
792149.5820,1,3.1640,6.6020,6.0990
792199.5580,0,3.1750,6.6270,6.1330
792249.5370,2,3.2060,6.6370,6.1090
792299.5160,0,3.1940,6.6680,6.0850
792349.4970,1,3.2000,6.6500,6.0200
792399.4730,0,3.2180,6.6720,6.0740
792449.4480,2,3.2130,6.6700,6.0800
792499.4270,0,3.1770,6.6780,6.1020
792549.4090,1,3.1700,6.5860,6.0650
792599.3880,0,3.1970,6.6150,6.0670
792649.3640,2,3.1580,6.5960,6.0700
792699.3420,0,3.1540,6.5670,6.0760
792749.3190,1,3.1790,6.6690,6.0890
792799.2980,0,3.1620,6.6750,6.0800
792849.2790,2,3.1860,6.6210,6.0730
792899.2550,0,3.1910,6.6290,6.0980
792949.2350,1,3.1970,6.6480,6.0430
792999.2090,0,3.1540,6.6100,6.0840
793049.1870,2,3.1860,6.5990,6.1400
793099.1660,0,3.1660,6.6110,6.0790
793149.1450,1,3.2150,6.6270,6.0940
793199.1190,0,3.1950,6.6130,6.0740
793249.1030,2,3.1870,6.6260,6.1170
793299.0790,0,3.1920,6.6880,6.0680
793349.0560,1,3.1760,6.6240,6.0160
793399.0310,0,3.1410,6.6770,6.1020
793449.0110,2,3.2020,6.6250,6.0380
793498.9890,0,3.1690,6.6310,6.0740
793548.9680,1,3.1600,6.6540,6.0880
793598.9440,0,3.1740,6.6630,6.0660
793648.9210,2,3.1590,6.7430,6.0640
793698.9040,0,3.1510,6.6840,6.0770
793748.8780,1,3.1440,6.7670,6.0600
793798.8600,0,3.1940,6.7550,6.0610
793848.8340,2,3.1670,6.7090,6.0560
793898.8130,0,3.1950,6.6500,6.1180
793948.7930,1,3.1920,6.7210,6.0670
793998.7700,0,3.1660,6.7280,6.0500
794048.7470,2,3.1720,6.7340,6.1170
794098.7280,0,3.1800,6.7550,6.0870
794148.7050,1,3.1900,6.7700,6.0680
794198.6830,0,3.1810,6.7140,6.1010
794248.6630,2,3.1420,6.7310,6.0420
794298.6380,0,3.1960,6.6760,6.0580
794348.6150,1,3.2090,6.6880,6.0750
794398.5980,0,3.1920,6.6540,6.0920
794448.5720,2,3.1780,6.6810,6.1400
794498.5520,0,3.1970,6.6860,6.0830
794548.5320,1,3.1560,6.7140,6.0500
794598.5040,0,3.1510,6.6800,6.0650
794648.4860,2,3.1810,6.7130,6.0820
794698.4640,0,3.1660,6.7730,6.0980
794748.4420,1,3.1510,6.7460,6.0770
794798.4190,0,3.1620,6.7670,6.0670
794848.3940,2,3.1680,6.7220,6.0580
794898.3760,0,3.1360,6.7030,6.0490
794948.3530,1,3.1740,6.7000,6.0770
794998.3320,0,3.1840,6.6930,6.0840
795048.3090,2,3.1620,6.7040,6.0790
795098.2860,0,3.1760,6.7550,6.0890
795148.2680,1,3.1140,6.7270,6.0250
795198.2410,0,3.1730,6.7100,6.0800
795248.2190,2,3.1780,6.6800,6.0800
795298.1990,0,3.1810,6.6900,6.0680
795348.1790,1,3.1560,6.6850,6.0880
795398.1560,0,3.1760,6.6990,6.0630
795448.1350,2,3.1660,6.6710,6.0530
795498.1120,0,3.1620,6.6580,6.0730
795548.0910,1,3.1560,6.6340,6.0930
795598.0660,0,3.1590,6.6540,6.0850
795648.0430,2,3.1790,6.6540,6.0790
795698.0250,0,3.1670,6.6490,6.0990
795748.0010,1,3.1880,6.6510,6.0820
795797.9810,0,3.2190,6.6650,6.0960
795847.9580,2,3.1800,6.7130,6.0840
795897.9370,0,3.1540,6.6660,6.0690
795947.9160,1,3.1440,6.6590,6.0720
795997.8930,0,3.1580,6.6600,6.0710
796047.8710,2,3.1970,6.6430,6.0990
796097.8460,0,3.1860,6.6510,6.0670
796147.8240,1,3.1590,6.6380,6.1060
796197.8070,0,3.1790,6.5500,6.1200
796247.7850,2,3.1590,6.5930,6.0480
796297.7580,0,3.1110,6.5540,6.0990
796347.7350,1,3.1680,6.6240,6.0860
796397.7170,0,3.1740,6.6230,6.0790
796447.6970,2,3.1800,6.5800,6.0860
796497.6720,0,3.1820,6.5940,6.1040
796547.6480,1,3.1630,6.6240,6.1030
796597.6310,0,3.1810,6.6080,6.1240
796647.6070,2,3.2030,6.6610,6.0440
796697.5840,0,3.2040,6.6270,6.0880
796747.5610,1,3.1750,6.6570,6.0590
796797.5390,0,3.1730,6.6230,6.0980
796847.5220,2,3.1650,6.6010,6.0470
796897.4970,0,3.2290,6.6540,6.0800
796947.4780,1,3.1690,6.6220,6.0930
796997.4520,0,3.1830,6.6790,6.1070
797047.4300,2,3.1690,6.6790,6.0850
797097.4120,0,3.1630,6.6420,6.0750
797147.3860,1,3.1600,6.6510,6.0350
797197.3630,0,3.1560,6.6120,6.0880
797247.3420,2,3.1760,6.6270,6.0610
797297.3180,0,3.1760,6.5860,6.0790
797347.2990,1,3.1470,6.6590,6.0830
797397.2740,0,3.2010,6.5980,6.0820
797447.2550,2,3.1790,6.6360,6.0280
797497.2330,0,3.1410,6.6990,6.0640
797547.2130,1,3.1750,6.7510,6.0550
797597.1890,0,3.1510,6.8030,6.0660
797647.1690,2,3.1850,6.7960,6.0670
797697.1460,0,3.1840,6.7910,6.1070
797747.1210,1,3.1370,6.7690,6.0990
797797.1010,0,3.1620,6.7590,6.0570
797847.0780,2,3.1820,6.7820,6.0790
797897.0550,0,3.1760,6.7960,6.0530
797947.0330,1,3.1720,6.8050,6.0770
797997.0160,0,3.1190,6.7600,6.0550
798046.9940,2,3.1640,6.7330,6.0860
798096.9670,0,3.1860,6.7040,6.0800
798146.9450,1,3.1480,6.6920,6.0820
798196.9260,0,3.1800,6.6910,6.1000
798246.9010,2,3.2010,6.6730,6.0910
798296.8790,0,3.1750,6.6670,6.0970
798346.8630,1,3.1930,6.6780,6.1130
798396.8360,0,3.1680,6.7490,6.0970
798446.8190,2,3.1560,6.6670,6.0890
798496.7960,0,3.1410,6.6920,6.0650
798546.7740,1,3.1510,6.6490,6.0500
798596.7520,0,3.1680,6.6650,6.1090
798646.7270,2,3.1770,6.6970,6.0680
798696.7080,0,3.1820,6.7120,6.0810
798746.6850,1,3.1880,6.6870,6.1050
798796.6590,0,3.2210,6.6810,6.0820
798846.6410,2,3.1580,6.6580,6.0700
798896.6210,0,3.1540,6.6530,6.0250
798946.5980,1,3.1860,6.6760,6.0570
798996.5750,0,3.2010,6.6450,6.0800
799046.5520,2,3.1570,6.6590,6.0820
799096.5330,0,3.1690,6.6460,6.0920
799146.5110,1,3.1830,6.6640,6.0700
799196.4890,0,3.1850,6.6360,6.1230
799246.4670,2,3.1490,6.6570,6.0780
799296.4420,0,3.1630,6.6550,6.0860
799346.4180,1,3.1800,6.6660,6.0720
799396.3980,0,3.1650,6.6460,6.0870
799446.3770,2,3.2010,6.6920,6.0560
799496.3530,0,3.2140,6.6630,6.0680
799546.3350,1,3.1910,6.6980,6.0710
799596.3090,0,3.1350,6.6660,6.0600
799646.2910,2,3.2130,6.7180,6.0320
799696.2700,0,3.1620,6.7030,6.0450
799746.2440,1,3.1840,6.6810,6.0970
799796.2210,0,3.1620,6.7540,6.0750
799846.1990,2,3.1850,6.7130,6.0760
799896.1810,0,3.1820,6.7800,6.0800
799946.1590,1,3.1750,6.7750,6.0900
799996.1380,0,3.1540,6.7550,6.0500
800046.1160,2,3.1860,6.8210,6.0660
800096.0880,0,3.1600,6.7730,6.0420
800146.0690,1,3.1770,6.7850,6.0710
800196.0500,0,3.1650,6.8050,6.0890
800246.0230,2,3.1540,6.8110,6.0320
800296.0040,0,3.1870,6.7620,6.0630
800345.9810,1,3.1560,6.7770,6.0730
800395.9590,0,3.1250,6.7590,6.1300
800445.9370,2,3.1680,6.7690,6.0690
800495.9180,0,3.1990,6.7660,6.0820
800545.8910,1,3.1900,6.8230,6.0830
800595.8740,0,3.1420,6.7570,6.0530
800645.8510,2,3.1570,6.7850,6.0530
800695.8260,0,3.1490,6.7960,6.1060
800745.8090,1,3.1180,6.7720,6.0210
800795.7860,0,3.1790,6.7370,6.0960
800845.7640,2,3.1750,6.7470,6.0440
800895.7360,0,3.2100,6.7730,6.0750
800945.7140,1,3.1410,6.7630,6.0860
800995.6920,0,3.1790,6.7850,6.0780
801045.6700,2,3.1420,6.7950,6.0680
801095.6480,0,3.1600,6.7230,6.0860
801145.6280,1,3.1580,6.7530,6.1320
801195.6080,0,3.1720,6.7490,6.0480
801245.5870,2,3.1710,6.7380,6.1180
801295.5670,0,3.1470,6.6280,6.0610
801345.5450,1,3.1430,6.7170,6.0060
801395.5180,0,3.1720,6.6930,6.0180
801445.4960,2,3.1750,6.6640,6.0860
801495.4730,0,3.1390,6.7000,6.0700
801545.4520,1,3.1560,6.6690,6.0630
801595.4290,0,3.1800,6.6740,6.0730
801645.4110,2,3.1430,6.7330,6.0900
801695.3900,0,3.1780,6.6950,6.0810
801745.3640,1,3.1740,6.7300,6.1290
801795.3460,0,3.1440,6.7230,6.0710
801845.3200,2,3.1580,6.7640,6.1170
801895.2980,0,3.0980,6.7890,6.0900
801945.2810,1,3.1240,6.7880,6.0770
801995.2580,0,3.1810,6.7950,6.0880
802045.2330,2,3.1660,6.7920,6.0780
802095.2140,0,3.1290,6.8090,6.1230
802145.1930,1,3.1960,6.8030,6.0500
802195.1670,0,3.1490,6.8620,6.0890
802245.1470,2,3.1670,6.8000,6.0980
802295.1220,0,3.1530,6.8140,6.0500
802345.1010,1,3.1330,6.7700,6.0820
802395.0810,0,3.1450,6.8180,6.0730
802445.0620,2,3.1590,6.8400,6.1030
802495.0390,0,3.1910,6.7760,6.0380
802545.0120,1,3.1370,6.7570,6.0490
802594.9910,0,3.1940,6.7430,6.0810
802644.9690,2,3.1760,6.7530,6.1150
802694.9470,0,3.1870,6.7350,6.0500
802744.9270,1,3.1630,6.7690,6.0640
802794.9030,0,3.1800,6.7610,6.0820
802844.8830,2,3.1390,6.7570,6.0500
802894.8610,0,3.1470,6.7230,6.0960
802944.8410,1,3.1750,6.7780,6.0680
802994.8170,0,3.1730,6.7820,6.0710
803044.7950,2,3.1510,6.7620,6.1160
803094.7750,0,3.1810,6.7870,6.0500
803144.7530,1,3.1570,6.8010,6.0830
803194.7290,0,3.1820,6.7660,6.0810
803244.7080,2,3.1560,6.8180,6.0830
803294.6890,0,3.1690,6.8140,6.0830
803344.6660,1,3.1170,6.8030,6.0770
803394.6430,0,3.1840,6.7640,6.0610
803444.6200,2,3.1550,6.8530,6.0750
803494.5980,0,3.1400,6.8180,6.0420
803544.5780,1,3.1410,6.8060,6.1170
803594.5520,0,3.1900,6.7640,6.0560
803644.5300,2,3.1710,6.7770,6.0740
803694.5080,0,3.1470,6.7980,6.1150
803744.4840,1,3.1480,6.8200,6.0890
803794.4640,0,3.1310,6.8550,6.1000
803844.4410,2,3.2070,6.8100,6.0790
803894.4190,0,3.1450,6.7950,6.0550
803944.3980,1,3.1930,6.8020,6.1000
803994.3740,0,3.1770,6.7770,6.0960
804044.3600,2,3.1600,6.8190,6.0560
804094.3370,0,3.1550,6.8160,6.0540
804144.3130,1,3.1340,6.8830,6.0920
804194.2900,0,3.1730,6.8680,6.0700
804244.2670,2,3.1620,6.8330,6.0620
804294.2430,0,3.1460,6.8060,6.1110
804344.2250,1,3.1710,6.7960,6.0610
804394.2020,0,3.1820,6.8170,6.0860
804444.1770,2,3.1760,6.8090,6.0870
804494.1550,0,3.1720,6.8300,6.0940
804544.1340,1,3.1880,6.7880,6.0360
804594.1150,0,3.1540,6.7890,6.0980
804644.0940,2,3.1690,6.7580,6.0280
804694.0660,0,3.1900,6.7590,6.1240
804744.0440,1,3.1450,6.7370,6.0760
804794.0240,0,3.1870,6.7950,6.0630
804844.0030,2,3.1620,6.7910,6.0700
804893.9820,0,3.1510,6.8170,6.1070
804943.9550,1,3.1700,6.7880,6.0980
804993.9360,0,3.1380,6.7720,6.1160
805043.9150,2,3.1640,6.7730,6.1310
805093.8900,0,3.1800,6.7480,6.0750
805143.8700,1,3.2150,6.7460,6.0750
805193.8500,0,3.1290,6.7630,6.0770
805243.8230,0,3.1450,6.7000,6.0740
805293.8020,2,3.1540,6.6840,6.1120
805343.7800,1,3.1760,6.7610,6.0410
805393.7600,0,3.1990,6.7080,6.1170
805443.7400,2,3.2090,6.7300,6.1170
805493.7130,0,3.1640,6.6860,6.0990
805543.6930,1,3.1390,6.6490,6.1130
805593.6720,0,3.1390,6.6330,6.1160
805643.6470,0,3.1590,6.6020,6.1150
805693.6280,2,3.1660,6.5950,6.0940
805743.6050,1,3.1810,6.5950,6.0340
805793.5810,0,3.1730,6.6890,6.0510
805843.5640,2,3.1660,6.6420,6.0570
805893.5420,0,3.1620,6.6490,6.1150
805943.5180,1,3.1650,6.6430,6.0690
805993.4980,0,3.1550,6.6880,6.0760
806043.4700,0,3.1720,6.6830,6.0720
806093.4530,2,3.1930,6.7170,6.0840
806143.4260,1,3.1500,6.6800,6.0260
806193.4050,0,3.1620,6.7460,6.0320
806243.3880,2,3.1280,6.6880,6.0970
806293.3610,0,3.1770,6.6340,6.0640
806343.3390,1,3.1590,6.7040,6.0450
806393.3170,0,3.1730,6.6520,6.0600
806443.2960,0,3.1500,6.6550,6.0670
806493.2750,2,3.1480,6.6310,6.0880
806543.2530,1,3.1510,6.6990,6.0880
806593.2290,0,3.1500,6.6360,6.0730
806643.2110,2,3.1840,6.6630,6.0440
806693.1860,0,3.1620,6.6200,6.0640
806743.1670,0,3.1490,6.6200,6.1170
806793.1450,1,3.1570,6.6230,6.0600
806843.1200,0,3.1690,6.6660,6.0900
806893.0990,2,3.1840,6.6560,6.0480
806943.0770,1,3.1750,6.6770,6.0590
806993.0540,0,3.1890,6.6180,6.0950
807043.0300,2,3.1840,6.6510,6.1170
807093.0090,0,3.1240,6.6190,6.0620
807142.9850,0,3.1750,6.6010,6.0430
807192.9680,1,3.1490,6.5870,6.1180
807242.9400,0,3.1770,6.6010,6.0930
807292.9210,2,3.2120,6.6060,6.0550
807342.9000,1,3.2260,6.6100,6.0460
807392.8790,0,3.1390,6.6360,6.0480
807442.8580,2,3.1600,6.6050,6.0590
807492.8300,0,3.1870,6.5980,6.0720
807542.8120,0,3.2380,6.6180,6.0560
807592.7860,1,3.1850,6.6480,6.0770
807642.7660,0,3.1450,6.6290,6.0980
807692.7430,2,3.1950,6.6880,6.0750
807742.7240,1,3.1630,6.7270,6.0650
807792.7010,0,3.1320,6.6990,6.0580
807842.6760,2,3.1600,6.6920,6.1020
807892.6590,0,3.1750,6.6950,6.1080
807942.6320,0,3.1520,6.6720,6.0530
807992.6140,1,3.2040,6.6620,6.0530
808042.5880,0,3.1560,6.6570,6.0770
808092.5710,2,3.1930,6.6140,6.0530
808142.5500,1,3.2030,6.6740,6.0720
808192.5270,0,3.1610,6.6500,6.0760
808242.5010,0,3.1690,6.6870,6.0680
808292.4800,2,3.1890,6.6410,6.0940
808342.4570,0,3.1850,6.6460,6.0440
808392.4360,1,3.1680,6.6820,6.0750
808442.4110,0,3.1430,6.6720,6.1060
808492.3910,2,3.1950,6.6390,6.0900
808542.3700,1,3.1950,6.6150,6.0760
808592.3510,0,3.1560,6.6540,6.0570
808642.3240,0,3.1610,6.6770,6.0710
808692.3070,2,3.1870,6.6180,6.0750
808742.2830,0,3.1970,6.6410,6.1130
808792.2630,1,3.1360,6.6930,6.0700
808842.2390,0,3.1510,6.6360,6.0700
808892.2180,2,3.1310,6.6530,6.0550
808942.1960,1,3.1770,6.5780,6.0580
808992.1730,0,3.1940,6.6400,6.0570
809042.1470,0,3.1570,6.6300,6.0710
809092.1270,2,3.1620,6.6210,6.0440
809142.1050,0,3.1690,6.6590,6.0780
809192.0840,1,3.1740,6.6560,6.0370
809242.0640,0,3.1890,6.6420,6.0980
809292.0420,2,3.1800,6.6390,6.1000
809342.0200,1,3.1500,6.6400,6.0690
809391.9930,0,3.1810,6.6390,6.0680
809441.9750,0,3.1730,6.6390,6.1290
809491.9510,2,3.1530,6.6570,6.0740
809541.9310,0,3.1870,6.6600,6.0460
809591.9090,1,3.2120,6.6810,6.0930
809641.8840,0,3.1530,6.6260,6.1340
809691.8640,2,3.1660,6.6100,6.0810
809741.8440,0,3.2400,6.6210,6.0840
809791.8180,1,3.1950,6.6300,6.0970
809841.7990,2,3.2060,6.6640,6.0760
809891.7780,0,3.2580,6.6250,6.1050
809941.7520,0,3.1730,6.6800,6.0870
809991.7280,1,3.1910,6.7060,6.0480
810041.7070,0,3.1850,6.7380,6.0270
810091.6880,2,3.1210,6.7740,6.0880
810141.6620,0,3.1740,6.7810,6.0480
810191.6460,1,3.1410,6.7260,6.0590
810241.6180,0,3.1850,6.7310,6.0930
810291.5990,2,3.1570,6.6860,6.0630
810341.5780,0,3.1460,6.6860,6.0790
810391.5570,1,3.1670,6.6560,6.0760
810441.5320,0,3.1510,6.7510,6.0990
810491.5080,2,3.1850,6.6510,6.0500
810541.4880,0,3.1900,6.6350,6.1060
810591.4640,1,3.1420,6.6570,6.0780
810641.4460,0,3.1670,6.6040,6.0720
810691.4220,2,3.1590,6.6660,6.0860
810741.4030,0,3.1830,6.6550,6.0930
810791.3740,1,3.1920,6.6640,6.0710
810841.3570,0,3.1410,6.6370,6.0960
810891.3310,2,3.2030,6.6460,6.0530
810941.3090,0,3.1940,6.6380,6.0440
810991.2910,1,3.1260,6.6640,6.0810
811041.2660,0,3.1720,6.6700,6.0700
811091.2460,2,3.1580,6.6120,6.0920
811141.2210,0,3.1880,6.6050,6.0600
811191.1980,1,3.1750,6.6370,6.0630
811241.1770,0,3.1880,6.5970,6.0820
811291.1610,2,3.1850,6.6430,6.0620
811341.1370,0,3.1600,6.6200,6.0320
811391.1160,1,3.1700,6.5880,6.0940
811441.0910,0,3.2250,6.5990,6.0530
811491.0670,2,3.2120,6.5870,6.1090
811541.0440,0,3.1800,6.6220,6.0730
811591.0210,1,3.1760,6.5700,6.0940
811641.0060,0,3.1610,6.6170,6.0100
811690.9810,2,3.2000,6.6250,6.0550
811740.9560,0,3.2490,6.5960,6.0730
811790.9350,1,3.1700,6.6620,6.0840
811840.9110,0,3.1180,6.6940,6.0900
811890.8890,2,3.1560,6.6760,6.0520
811940.8730,0,3.1880,6.6860,6.0930
811990.8520,1,3.1520,6.6150,6.1310
812040.8250,0,3.1170,6.6440,6.1050
812090.8070,2,3.1710,6.6170,6.0840
812140.7850,0,3.1660,6.6490,6.0890
812190.7630,1,3.1800,6.6010,6.0940
812240.7390,0,3.1750,6.5580,6.0800
812290.7170,2,3.1790,6.5670,6.0820
812340.6940,0,3.1580,6.6140,6.0790
812390.6760,1,3.1980,6.6710,6.1010
812440.6490,0,3.1670,6.6830,6.0750
812490.6250,2,3.1600,6.6880,6.0410
812540.6070,0,3.1980,6.6980,6.0900
812590.5850,1,3.1840,6.6460,6.1140
812640.5600,0,3.1740,6.6990,6.0950
812690.5370,2,3.1570,6.6750,6.0860
812740.5200,0,3.1380,6.6930,6.0890
812790.4930,1,3.2040,6.7120,6.0510
812840.4730,0,3.1360,6.6900,6.0790
812890.4490,2,3.1280,6.6650,6.0210
812940.4260,0,3.1750,6.6250,6.0610
812990.4070,1,3.1420,6.6440,6.0380
813040.3850,0,3.1900,6.6180,6.0730
813090.3610,2,3.1360,6.6350,6.1130
813140.3430,0,3.1900,6.6280,6.0680
813190.3160,1,3.1340,6.6550,6.0620
813240.2940,0,3.2200,6.7030,6.0870
813290.2760,2,3.1720,6.7630,6.0770
813340.2510,0,3.1590,6.7520,6.0790
813390.2280,1,3.1690,6.8670,6.0720
813440.2060,0,3.1350,6.8850,6.0780
813490.1850,2,3.1590,6.8560,6.0640
813540.1630,0,3.1830,6.8790,6.1060
813590.1460,1,3.1450,6.7940,6.1040
813640.1180,0,3.1420,6.8380,6.0990
813690.1010,2,3.1730,6.8210,6.0740
813740.0790,0,3.2090,6.8110,6.1080
813790.0560,1,3.1870,6.7840,6.0820
813840.0320,0,3.1540,6.8300,6.0790
813890.0110,2,3.1850,6.8320,6.0520
813939.9860,0,3.1610,6.8430,6.0920
813989.9680,1,3.1740,6.8440,6.0970
814039.9470,0,3.1580,6.8850,6.0400
814089.9260,2,3.1520,6.8900,6.0760
814139.8970,0,3.1630,6.8780,6.0990
814189.8810,1,3.1520,6.7750,6.1020
814239.8560,0,3.1620,6.8200,6.0910
814289.8340,2,3.1650,6.8110,6.1340
814339.8100,0,3.1330,6.8020,6.1000
814389.7870,1,3.1640,6.7440,6.0910
814439.7700,0,3.1570,6.7680,6.0630
814489.7430,2,3.1400,6.7660,6.0410
814539.7260,0,3.1530,6.8180,6.0770
814589.7030,1,3.1640,6.8230,6.0880
814639.6830,0,3.1550,6.7670,6.0590
814689.6550,2,3.1440,6.7580,6.0800
814739.6330,0,3.1280,6.7460,6.1180
814789.6110,1,3.1450,6.7390,6.0830
814839.5920,0,3.1650,6.7540,6.0690
814889.5700,2,3.1340,6.7690,6.1180
814939.5500,0,3.1780,6.7490,6.0650
814989.5270,1,3.1710,6.7510,6.0840
815039.5020,0,3.1510,6.7700,6.0480
815089.4830,2,3.1110,6.7760,6.0580
815139.4590,0,3.1640,6.7960,6.0780
815189.4380,1,3.1730,6.7530,6.0940
815239.4130,0,3.1480,6.7910,6.1260
815289.3900,2,3.1990,6.7710,6.0950
815339.3680,0,3.1490,6.8290,6.0990
815389.3510,1,3.1660,6.7480,6.0380
815439.3290,0,3.1800,6.7480,6.0640
815489.3060,2,3.1670,6.7120,6.0830
815539.2800,0,3.1160,6.7280,6.1040
815589.2640,1,3.1370,6.6700,6.0100
815639.2380,0,3.1850,6.6760,6.1030
815689.2190,2,3.2000,6.6550,6.1000
815739.1920,0,3.1780,6.6660,6.0550
815789.1750,1,3.1710,6.7130,6.0540
815839.1480,0,3.1670,6.6610,6.0860
815889.1270,2,3.1600,6.6730,6.0430
815939.1020,0,3.1590,6.6700,6.0160
815989.0840,1,3.1420,6.7390,6.0910
816039.0610,0,3.1480,6.6720,6.0940
816089.0370,2,3.1690,6.7040,6.0540
816139.0160,0,3.2000,6.6960,6.0750
816188.9930,1,3.1360,6.7330,6.0560
816238.9720,0,3.1470,6.7040,6.0600
816288.9490,2,3.1460,6.6770,6.0930
816338.9250,0,3.1170,6.7310,6.0980
816388.9060,1,3.1900,6.7200,6.1190
816438.8810,0,3.1620,6.7290,6.0910
816488.8600,2,3.1600,6.6920,6.0890
816538.8370,0,3.1800,6.6690,6.0540
816588.8180,1,3.1730,6.6530,6.0830
816638.7960,0,3.1980,6.6910,6.0870
816688.7700,2,3.1900,6.6500,6.0610
816738.7540,0,3.1830,6.6790,6.0680
816788.7300,1,3.1470,6.6300,6.0260
816838.7060,0,3.1690,6.6660,6.0790
816888.6860,2,3.1980,6.6480,6.0660
816938.6610,0,3.2020,6.6150,6.0990
816988.6410,1,3.1650,6.6250,6.0880
817038.6190,0,3.1950,6.5910,6.0920
817088.5940,2,3.1440,6.6340,6.1030
817138.5710,0,3.1880,6.6000,6.0800
817188.5550,1,3.2190,6.6210,6.0640
817238.5310,0,3.0900,6.6560,6.0760
817288.5050,2,3.1990,6.6780,6.0990
817338.4880,0,3.1730,6.6310,6.0870
817388.4590,1,3.1250,6.5980,6.0840
817438.4370,0,3.1740,6.6460,6.0880
817488.4180,2,3.1590,6.6410,6.0530
817538.3960,0,3.1710,6.6120,6.0970
817588.3720,1,3.1880,6.5920,6.1020
817638.3510,0,3.1780,6.5750,6.0660
817688.3290,2,3.1770,6.5800,6.0540
817738.3100,0,3.1750,6.6600,6.0900
817788.2830,1,3.1690,6.6410,6.0590
817838.2650,0,3.1460,6.5980,6.1610
817888.2390,2,3.1700,6.6270,6.0620
817938.2160,0,3.2000,6.5580,6.0900
817988.1960,1,3.2070,6.5550,6.0790
818038.1740,0,3.1450,6.5820,6.1090
818088.1490,2,3.1900,6.5910,6.0760
818138.1310,0,3.1730,6.6120,6.0640
818188.1060,1,3.1460,6.6000,6.0640
818238.0880,0,3.1430,6.6030,6.1110
818288.0600,2,3.1900,6.6500,6.0400
818338.0410,0,3.1700,6.6680,6.0410
818388.0170,1,3.1560,6.6650,6.0690
818438.0000,0,3.1810,6.6730,6.0950
818487.9770,2,3.1800,6.6610,6.0810
818537.9530,0,3.1400,6.6450,6.0390
818587.9300,1,3.1420,6.6570,6.1180
818637.9110,0,3.1690,6.6120,6.0840
818687.8840,2,3.1730,6.6760,6.0540
818737.8640,0,3.1600,6.6630,6.0590
818787.8400,0,3.2210,6.6700,6.0730
818837.8200,0,3.1520,6.6780,6.0380
818887.7990,0,3.1810,6.6650,6.1260
818937.7770,0,3.2020,6.6520,6.0700
818987.7550,0,3.1790,6.6720,6.0720
819037.7280,0,3.1920,6.6450,6.0260
819087.7090,0,3.1880,6.6950,6.0840
819137.6860,0,3.1460,6.6070,6.0780
819187.6670,0,3.1780,6.5800,6.0760
819237.6450,0,3.1320,6.6270,6.0790
819287.6230,0,3.1480,6.6030,6.0760
819337.5970,0,3.1730,6.6540,6.0850
819387.5770,0,3.1980,6.6040,6.0640
819437.5520,0,3.1970,6.6260,6.0660
819487.5280,0,3.1970,6.5870,6.0650
819537.5070,0,3.1690,6.6090,6.0320
819587.4840,0,3.1760,6.6720,6.0830
819637.4620,0,3.1710,6.6070,6.0990
819687.4430,0,3.1490,6.6240,6.0940
819737.4220,0,3.1580,6.6250,6.0570
819787.4000,0,3.1690,6.6280,6.1070
819837.3770,0,3.1720,6.6690,6.0590
819887.3520,0,3.1680,6.6930,6.0620
819937.3310,0,3.2110,6.7490,6.1070
819987.3090,0,3.1760,6.6860,6.0550
820037.2900,0,3.1700,6.7210,6.1090
820087.2640,0,3.1260,6.6870,6.0510
820137.2460,0,3.1590,6.6790,6.0910
820187.2180,0,3.1820,6.7080,6.0870
820237.1950,0,3.1480,6.7370,6.0400
820287.1770,0,3.1120,6.7740,6.0130
820337.1560,0,3.1460,6.8230,6.0880
820387.1350,0,3.1470,6.7780,6.0550
820437.1100,0,3.1430,6.7860,6.0820
820487.0880,0,3.1700,6.7970,6.1090
820537.0640,0,3.1230,6.8460,6.0980
820587.0460,0,3.1550,6.8070,6.0540
820637.0190,0,3.1480,6.8010,6.0970
820687.0000,0,3.2000,6.8330,6.0650
820736.9780,0,3.1700,6.8120,6.0960
820786.9530,0,3.1580,6.8230,6.0540
820836.9350,0,3.1420,6.8240,6.0860
820886.9100,0,3.1440,6.8130,6.0490
820936.8900,0,3.1630,6.8270,6.0940
820986.8690,0,3.1240,6.7550,6.0760
821036.8430,0,3.1870,6.7790,6.1210
821086.8180,0,3.1660,6.8180,6.0670
821136.7980,0,3.1580,6.7760,6.0880
821186.7790,0,3.1270,6.8130,6.0550
821236.7570,0,3.1680,6.7950,6.0220
821286.7340,0,3.1550,6.8020,6.1000
821336.7080,0,3.2360,6.8000,6.0880
821386.6880,0,3.1680,6.8030,6.0520
821436.6640,0,3.1630,6.7790,6.0580
821486.6440,0,3.1200,6.7810,6.0770
821536.6230,0,3.1970,6.7570,6.0650
821586.5980,0,3.1940,6.7690,6.0580
821636.5760,0,3.1430,6.7840,6.0450
821686.5560,0,3.1410,6.7590,6.0230
821736.5360,0,3.1920,6.7550,6.0680
821786.5140,0,3.1620,6.6880,6.0750
821836.4880,0,3.1450,6.6670,6.0420
821886.4680,0,3.1580,6.6830,6.0550
821936.4480,0,3.1800,6.7190,6.0370
821986.4190,0,3.1630,6.6620,6.0530
822036.4020,0,3.1930,6.6860,6.0570
822086.3810,0,3.1680,6.6270,6.0680
822136.3540,0,3.1840,6.6990,6.1090
822186.3360,0,3.1510,6.6880,6.0760
822236.3130,0,3.1570,6.6850,6.0950
822286.2870,0,3.1860,6.6710,6.0970
822336.2640,0,3.1590,6.7220,6.0840
822386.2470,0,3.1630,6.6720,6.0500
822436.2220,0,3.1660,6.6350,6.1060
822486.2010,0,3.1850,6.6270,6.0890
822536.1790,0,3.1900,6.6620,6.0450
822586.1540,0,3.1670,6.6560,6.0970
822636.1310,0,3.1610,6.6340,6.0850
822686.1130,0,3.1670,6.6630,6.0730
822736.0910,0,3.1710,6.6440,6.0370
822786.0660,0,3.1970,6.6630,6.0930
822836.0480,0,3.1470,6.7110,6.0900
822886.0230,0,3.1710,6.7090,6.0340
822936.0040,0,3.1730,6.6840,6.1190
822985.9810,0,3.1880,6.7340,6.0520
823035.9600,0,3.1610,6.7110,6.0520
823085.9380,0,3.1710,6.7330,6.0550
823135.9130,0,3.2000,6.7150,6.0730
823185.8900,0,3.1180,6.7410,6.0490
823235.8690,0,3.1730,6.6930,6.0590
823285.8450,0,3.1930,6.7170,6.0840
823335.8260,0,3.1600,6.7460,6.0750
823385.8040,0,3.1490,6.7350,6.0690
823435.7790,0,3.1600,6.7510,6.0590
823485.7590,0,3.1660,6.7070,6.0630
823535.7350,0,3.1280,6.7180,6.0690
823585.7130,0,3.2040,6.7430,6.0800
823635.6890,0,3.1490,6.7120,6.0700
823685.6710,0,3.2030,6.7250,6.0450
823735.6480,0,3.1520,6.7000,6.0800
823785.6270,0,3.2030,6.7220,6.0760
823835.6020,0,3.1390,6.6750,6.0820
823885.5830,0,3.1910,6.6970,6.0950
823935.5550,0,3.1660,6.6880,6.1030
823985.5360,0,3.1650,6.6550,6.0620
824035.5130,0,3.1930,6.7050,6.0710
824085.4880,0,3.1700,6.6960,6.0520
824135.4680,0,3.1350,6.7080,6.0460
824185.4430,0,3.1710,6.7280,6.0920
824235.4220,0,3.2200,6.7190,6.0530
824285.4060,0,3.1660,6.7320,6.0540
824335.3790,0,3.2180,6.7100,6.0670
824385.3580,0,3.1920,6.7050,6.0630
824435.3340,0,3.1260,6.7220,6.0880
824485.3160,0,3.2070,6.7170,5.9960
824535.2940,0,3.1810,6.6970,6.0930
824585.2660,0,3.1650,6.7120,6.0500
824635.2470,0,3.1980,6.6600,6.1140
824685.2280,0,3.1820,6.6940,6.0540
824735.2000,0,3.1780,6.6470,6.0410
824785.1790,0,3.1730,6.7520,6.0690
824835.1600,0,3.1770,6.7090,6.0950
824885.1350,0,3.1930,6.7260,6.0830
824935.1120,0,3.1730,6.7680,6.0480
824985.0920,0,3.1730,6.7820,6.1130
825035.0670,0,3.1560,6.7920,6.0880
825085.0510,0,3.1450,6.8320,6.1100
825135.0270,0,3.2000,6.8200,6.0740
825185.0020,0,3.1560,6.7240,6.0400
825234.9780,0,3.1560,6.7610,6.0890
825284.9590,0,3.1490,6.7020,6.0810
825334.9360,0,3.1380,6.6930,6.0930
825384.9170,0,3.1580,6.6830,6.0710
825434.8910,0,3.1380,6.7010,6.0840
825484.8670,0,3.1570,6.6620,6.1080
825534.8480,0,3.1770,6.7600,6.0610
825584.8230,0,3.1470,6.7200,6.0980
825634.8020,0,3.1870,6.6960,6.0950
825684.7800,0,3.1850,6.7430,6.0530
825734.7590,0,3.1090,6.7020,6.0800
825784.7390,0,3.1550,6.7800,6.0230
825834.7150,0,3.1580,6.7760,6.0430
825884.6900,0,3.1940,6.7620,6.0790
825934.6700,0,3.2010,6.8050,6.1050
825984.6490,0,3.1780,6.7540,6.0370
826034.6260,0,3.1460,6.7390,6.0820
826084.6070,0,3.1450,6.6970,6.0620
826134.5830,0,3.1880,6.7970,6.0600
826184.5570,0,3.1970,6.8000,6.0740
826234.5390,0,3.1360,6.8020,6.1110
826284.5130,0,3.1150,6.8250,6.0680
826334.4960,0,3.1350,6.8110,6.0560
826384.4690,0,3.1830,6.8380,6.0710
826434.4520,0,3.1610,6.8690,6.0910
826484.4300,0,3.1760,6.8010,6.0810
826534.4030,0,3.1740,6.7880,6.0490
826584.3830,0,3.1590,6.7310,6.0450
826634.3580,0,3.1490,6.7580,6.0660
826684.3350,0,3.1270,6.7920,6.1100
826734.3160,0,3.1360,6.7120,6.1020
826784.2910,0,3.1360,6.8040,6.0930
826834.2710,0,3.1430,6.7920,6.0700
826884.2500,0,3.1540,6.7290,6.0320
826934.2270,0,3.1690,6.7530,6.0340
826984.2070,0,3.1730,6.8130,6.0900
827034.1820,0,3.1170,6.7640,6.0740
827084.1580,0,3.1530,6.6950,6.0790
827134.1400,0,3.1680,6.7390,6.0850
827184.1150,0,3.1590,6.7090,6.1130
827234.0970,0,3.1760,6.7320,6.0840
827284.0720,0,3.1530,6.7450,6.0860
827334.0530,0,3.1860,6.7100,6.0890
827384.0310,0,3.1620,6.7710,6.0620
827434.0050,0,3.1700,6.7460,6.0990
827483.9870,0,3.1590,6.7100,6.0580
827533.9600,0,3.1530,6.7160,6.1200
827583.9390,0,3.2070,6.7690,6.0700
827633.9190,0,3.1980,6.7210,6.0500
827683.8940,0,3.1980,6.7550,6.0750
827733.8750,0,3.1420,6.8030,6.0770
827783.8510,0,3.1370,6.8050,6.0640
827833.8300,0,3.1610,6.7610,6.1280
827883.8090,0,3.1760,6.7990,6.1000
827933.7870,0,3.1450,6.8000,6.0840
827983.7610,0,3.1250,6.7520,6.0570
828033.7420,0,3.1910,6.7530,6.0550
828083.7220,0,3.1900,6.7880,6.0590
828133.6950,0,3.1690,6.7210,6.0810
828183.6780,0,3.1910,6.6880,6.0330
828233.6530,0,3.1720,6.7270,6.0450
828283.6340,0,3.1850,6.7220,6.1090
828333.6120,0,3.1620,6.7200,6.0610
828383.5870,0,3.1360,6.7390,6.0730
828433.5640,0,3.1720,6.6850,6.0840
828483.5410,0,3.1460,6.7140,6.1030
828533.5240,0,3.2010,6.7320,6.0480
828583.5010,0,3.1850,6.7520,6.0530
828633.4780,0,3.1820,6.7430,6.0690
828683.4580,0,3.1310,6.6940,6.0830
828733.4350,0,3.1610,6.6840,6.0560
828783.4150,0,3.1400,6.6950,6.0510
828833.3930,0,3.1350,6.7170,6.0730
828883.3710,0,3.1490,6.7040,6.0610
828933.3500,0,3.1600,6.7350,6.0880
828983.3260,0,3.1690,6.7270,6.0700
829033.3060,0,3.1550,6.6740,6.0940
829083.2790,0,3.1650,6.7230,6.0520
829133.2550,0,3.2090,6.7420,6.0870
829183.2360,0,3.1730,6.7210,6.0660
829233.2170,0,3.1730,6.7000,6.0790
829283.1960,0,3.1760,6.6670,6.0700
829333.1710,0,3.1270,6.7160,6.0990
829383.1500,0,3.1960,6.6840,6.0520
829433.1290,0,3.1850,6.7080,6.0560
829483.1030,0,3.1880,6.7210,6.0570
829533.0840,0,3.1510,6.8110,6.0650
829583.0620,0,3.1410,6.7850,6.0940
829633.0420,0,3.1440,6.8200,6.0880
829683.0180,0,3.1480,6.8020,6.1000
829732.9950,0,3.1620,6.7690,6.0810
829782.9730,0,3.1480,6.7660,6.0640
829832.9520,0,3.1260,6.7730,6.0870
829882.9310,0,3.1620,6.7580,6.0780
829932.9070,0,3.1450,6.7190,6.0970
829982.8830,0,3.1270,6.7040,6.0490
830032.8650,0,3.1530,6.6940,6.0780
830082.8410,0,3.1900,6.6690,6.0700
830132.8170,0,3.1520,6.6760,6.0450
830182.7970,0,3.2040,6.7080,6.0690
830232.7730,0,3.1900,6.6980,6.0480
830282.7520,0,3.2190,6.7240,6.0750
830332.7310,0,3.1330,6.7060,6.0730
830382.7090,0,3.1740,6.6900,6.0880
830432.6860,0,3.1750,6.7540,6.0540
830482.6660,0,3.1970,6.7670,6.0830
830532.6410,0,3.1800,6.7200,6.0860
830582.6230,0,3.1570,6.7690,6.0680
830632.5990,0,3.1440,6.7330,6.0330
830682.5810,0,3.1310,6.7010,6.1060
830732.5580,0,3.1760,6.7310,6.0320
830782.5330,0,3.1650,6.6630,6.0320
830832.5150,0,3.1460,6.6730,6.0520
830882.4920,0,3.1700,6.6500,6.0730
830932.4700,0,3.1970,6.6630,6.0550
830982.4480,0,3.1840,6.6660,6.0680
831032.4250,0,3.1580,6.6500,6.1520
831082.4000,0,3.1760,6.7390,6.0700
831132.3790,0,3.1880,6.7130,6.0580
831182.3580,0,3.1910,6.6760,6.0400
831232.3370,0,3.1850,6.6540,6.0370
831282.3130,0,3.1680,6.7120,6.0890
831332.2950,0,3.1940,6.6030,6.0730
831382.2710,0,3.1990,6.6350,6.1100
831432.2500,0,3.1500,6.6790,6.0850
831482.2290,0,3.1540,6.6800,6.0700
831532.2070,0,3.1130,6.6820,6.0630
831582.1810,0,3.1840,6.6540,6.0770
831632.1640,0,3.1620,6.6470,6.0910
831682.1360,0,3.1270,6.6100,6.0600
831732.1210,0,3.1670,6.6350,6.0750
831782.0980,0,3.1520,6.6280,6.0460
831832.0700,0,3.1930,6.6310,6.0980
831882.0500,0,3.1970,6.6420,6.0730
831932.0330,0,3.1840,6.6750,6.0770
831982.0050,0,3.1510,6.7040,6.0400
832031.9840,0,3.2260,6.6830,6.0530
832081.9670,0,3.1790,6.6840,6.0580
832131.9440,0,3.1790,6.6700,6.1090
832181.9210,0,3.1670,6.7150,6.0690
832231.8980,0,3.2190,6.6970,6.0750
832281.8780,0,3.1730,6.6970,6.0380
832331.8540,0,3.1640,6.6600,6.1090
832381.8350,0,3.1470,6.6670,6.0720
832431.8080,0,3.1590,6.6560,6.0450
832481.7890,0,3.1170,6.7270,6.1100
832531.7660,0,3.1870,6.7130,6.0920
832581.7450,0,3.2160,6.7710,6.0670
832631.7240,0,3.1580,6.7240,6.1150
832681.7000,0,3.1360,6.7010,6.1170
832731.6770,0,3.1690,6.6550,6.1020
832781.6550,0,3.0930,6.6790,6.0720
832831.6350,0,3.1890,6.7140,6.0990
832881.6160,0,3.1930,6.6490,6.0880
832931.5890,0,3.1740,6.6810,6.0650
832981.5700,0,3.1290,6.6690,6.0810
833031.5490,0,3.1760,6.6060,6.1180
833081.5260,0,3.1650,6.6510,6.0580
833131.5040,0,3.1680,6.6410,6.0750
833181.4790,0,3.1640,6.6320,6.0470
833231.4580,0,3.1660,6.6250,6.0310
833281.4350,0,3.1450,6.6310,6.0640
833331.4140,0,3.1640,6.6590,6.0500
833381.3900,0,3.1600,6.6480,6.0530
833431.3730,0,3.1660,6.6710,6.0930
833481.3490,0,3.1800,6.6490,6.0610
833531.3270,0,3.1890,6.6000,6.0700
833581.3080,0,3.1690,6.6440,6.1310
833631.2870,0,3.2130,6.7020,6.0800
833681.2620,0,3.1320,6.7040,6.0750
833731.2400,0,3.1600,6.6950,6.0620
833781.2190,0,3.1290,6.6630,6.0530
833831.1950,0,3.1900,6.5840,6.0710
833881.1730,0,3.1720,6.6390,6.0920
833931.1540,0,3.1700,6.6130,6.0720
833981.1270,0,3.1850,6.6370,6.0640
834031.1100,0,3.1640,6.6640,6.0500
834081.0840,0,3.1540,6.6120,6.0840
834131.0670,0,3.1540,6.6540,6.0560
834181.0400,0,3.1880,6.6920,6.0580
834231.0190,0,3.1330,6.7100,6.0660
834280.9990,0,3.1850,6.7420,6.0820
834330.9770,0,3.1550,6.7430,6.0920
834380.9560,0,3.1630,6.7310,6.0960
834430.9310,0,3.1610,6.7460,6.0830
834480.9080,0,3.1950,6.7420,6.1120
834530.8880,0,3.1820,6.7080,6.0410
834580.8640,0,3.1450,6.6260,6.0560
834630.8450,0,3.1670,6.6730,6.0540
834680.8260,0,3.1540,6.6400,6.0620
834730.8000,0,3.1270,6.6830,6.0740
834780.7820,0,3.1830,6.7550,6.0340
834830.7550,0,3.1860,6.6590,6.0860
834880.7330,0,3.1500,6.6800,6.0530
834930.7160,0,3.1390,6.6240,6.0730
834980.6890,0,3.1280,6.6600,6.0100
835030.6720,0,3.1540,6.6500,6.1020
835080.6510,0,3.1650,6.6560,6.0700
835130.6280,0,3.1860,6.6700,6.0930
835180.6000,0,3.1620,6.6950,6.0530
835230.5830,0,3.1720,6.6600,6.0930
835280.5620,0,3.1720,6.5840,6.0910
835330.5380,0,3.1690,6.6230,6.0570
835380.5130,0,3.1370,6.6120,6.1180
835430.4920,0,3.1700,6.6110,6.1010
835480.4690,0,3.2190,6.5820,6.1130
835530.4490,0,3.1650,6.6660,6.0670
835580.4250,0,3.1470,6.6200,6.0530
835630.4090,0,3.1340,6.5600,6.0770
835680.3830,0,3.1490,6.6080,6.0590
835730.3630,0,3.1730,6.6280,6.0850
835780.3380,0,3.1670,6.6380,6.0230
835830.3180,0,3.1950,6.6140,6.0630
835880.2930,0,3.1840,6.6270,6.0840
835930.2770,0,3.1240,6.6590,6.0790
835980.2510,0,3.1540,6.6420,6.0810
836030.2270,0,3.1840,6.6180,6.1160
836080.2100,0,3.1830,6.6290,6.0410
836130.1900,0,3.1850,6.5840,6.0300
836180.1630,0,3.1160,6.6080,6.0110
836230.1420,0,3.2060,6.6160,6.1150
836280.1240,0,3.2110,6.6140,6.0300
836330.0960,0,3.1980,6.6480,6.0770
836380.0760,0,3.1600,6.6210,6.0950
836430.0540,0,3.1390,6.6440,6.0580
836480.0360,0,3.1820,6.6210,6.0690
836530.0080,0,3.1830,6.6140,6.0400
836579.9870,0,3.1810,6.5700,6.0570
836629.9660,0,3.1910,6.5330,6.0320
836679.9420,0,3.1600,6.6130,6.0320
836729.9250,0,3.1230,6.5770,6.0450
836779.9010,0,3.1580,6.6380,6.0790
836829.8810,0,3.1710,6.6210,6.0990
836879.8540,0,3.1660,6.5940,6.1180
836929.8360,0,3.1920,6.6260,6.0710
836979.8160,0,3.1900,6.6220,6.0470
837029.7880,0,3.1810,6.5550,6.0700
837079.7700,0,3.1740,6.5620,6.0600
837129.7480,0,3.1690,6.5600,6.0690
837179.7240,0,3.1420,6.6220,6.0380
837229.7020,0,3.1390,6.6290,6.0940
837279.6820,0,3.2260,6.6150,6.0530
837329.6610,0,3.1590,6.6470,6.0610
837379.6410,0,3.1480,6.6460,6.0690
837429.6130,0,3.1860,6.5960,6.0570
837479.5920,0,3.1870,6.5920,6.0450
837529.5720,0,3.1640,6.5600,6.1010
837579.5510,0,3.2020,6.5910,6.0700
837629.5290,0,3.1940,6.5650,6.0960
837679.5050,0,3.1500,6.5700,6.0880
837729.4860,0,3.1700,6.5760,6.0760
837779.4610,0,3.1820,6.6400,6.1020
837829.4420,0,3.1470,6.6210,6.0820
837879.4180,0,3.1970,6.6090,6.0380
837929.3950,0,3.1420,6.5670,6.0460
837979.3730,0,3.1840,6.5440,6.0520
838029.3560,0,3.1730,6.6020,6.0390
838079.3280,0,3.1760,6.5680,6.0840
838129.3080,0,3.1900,6.5940,6.0800
838179.2850,0,3.1840,6.5720,6.0330
838229.2640,0,3.1890,6.6190,6.0840
838279.2400,0,3.1760,6.5880,6.0420
838329.2220,0,3.1890,6.6450,6.0690
838379.1990,0,3.1610,6.6550,6.0900
838429.1770,0,3.1760,6.6570,6.0990
838479.1570,0,3.1460,6.6760,6.0380
838529.1340,0,3.1440,6.6810,6.0660
838579.1110,0,3.1680,6.6870,6.0910
838629.0870,0,3.1780,6.6790,6.1130
838679.0660,0,3.1690,6.7170,6.0560
838729.0450,0,3.1550,6.6880,6.0520
838779.0200,0,3.1480,6.6420,6.0730
838829.0050,0,3.1440,6.6690,6.0360
838878.9790,0,3.1840,6.6170,6.0570
838928.9580,0,3.1720,6.6960,6.0370
838978.9390,0,3.1800,6.6880,6.0430
839028.9160,0,3.2110,6.7100,6.0870
839078.8900,0,3.2020,6.6410,6.0620
839128.8690,0,3.1330,6.6540,6.0530
839178.8480,0,3.1550,6.6350,6.0750
839228.8270,0,3.1760,6.6970,6.0400
839278.8010,0,3.1460,6.7280,6.0720
839328.7820,0,3.1560,6.6850,6.1180
839378.7570,0,3.1080,6.6760,6.1070
839428.7390,0,3.1870,6.6960,6.0760
839478.7160,0,3.2020,6.6310,6.1150
839528.6920,0,3.1310,6.6180,6.1010
839578.6750,0,3.1570,6.6060,6.0920
839628.6480,0,3.1400,6.6740,6.0500
839678.6290,0,3.1720,6.6180,6.0860
839728.6050,0,3.1740,6.6830,6.0480
839778.5810,0,3.1070,6.6650,6.0800
839828.5600,0,3.1420,6.6790,6.1030
839878.5340,0,3.1780,6.6720,6.0390
839928.5170,0,3.2090,6.6760,6.0910
839978.4900,0,3.1580,6.6800,6.0720
840028.4730,0,3.1360,6.6710,6.0990
840078.4460,0,3.1840,6.6410,6.0690
840128.4240,0,3.1650,6.6790,6.0630
840178.4030,0,3.1740,6.6860,6.0890
840228.3780,0,3.1850,6.6960,6.0530
840278.3580,0,3.1460,6.6740,6.1070
840328.3360,0,3.1440,6.6420,6.0700
840378.3130,0,3.1650,6.7200,6.0610
840428.2920,0,3.1630,6.6170,6.0940
840478.2690,0,3.2220,6.6380,6.0870
840528.2450,0,3.1860,6.6870,6.0900
840578.2240,0,3.1570,6.6820,6.0430
840628.1970,0,3.1010,6.6590,6.0600
840678.1790,0,3.1480,6.7410,6.0380
840728.1500,0,3.1430,6.7520,6.0790
840778.1280,0,3.1950,6.8050,6.0310
840828.1100,0,3.1610,6.7850,6.1090
840878.0870,0,3.1500,6.7870,6.0910
840928.0630,0,3.1880,6.7370,6.0700
840978.0410,0,3.1580,6.7820,6.0760
841028.0180,0,3.1510,6.7430,6.0560
841077.9970,0,3.1980,6.7420,6.1320
841127.9700,0,3.1620,6.7550,6.0940
841177.9500,0,3.2030,6.7120,6.0630
841227.9290,0,3.1650,6.7700,6.0730
841277.9030,0,3.1630,6.6970,6.0720
841327.8800,0,3.1860,6.7050,6.0540
841377.8600,0,3.1550,6.6850,6.0670
841427.8360,0,3.1560,6.6520,6.0660
841477.8120,0,3.1700,6.6690,6.0690
841527.7930,0,3.1610,6.6440,6.0690
841577.7720,0,3.1470,6.6660,6.0760
841627.7470,0,3.1660,6.6130,6.0800
841677.7240,0,3.1520,6.6330,6.0930
841727.6990,0,3.1500,6.5610,6.0790
841777.6770,0,3.1820,6.6630,6.0520
841827.6550,0,3.1690,6.6110,6.0680
841877.6320,0,3.1440,6.6390,6.1050
841927.6140,0,3.1500,6.6300,6.0750
841977.5920,0,3.1470,6.6300,6.0430
842027.5670,0,3.1980,6.6640,6.0930
842077.5460,0,3.1860,6.6800,6.0460
842127.5210,0,3.1630,6.6710,6.1260
842177.5020,0,3.1460,6.6820,6.0690
842227.4740,0,3.1160,6.6400,6.1120
842277.4540,0,3.2030,6.5890,6.0710
842327.4270,0,3.1680,6.6180,6.0360
842377.4060,0,3.1680,6.6060,6.0530
842427.3850,0,3.1600,6.6110,6.0820
842477.3660,0,3.1570,6.6110,6.0390
842527.3380,0,3.1850,6.6530,6.0460
842577.3150,0,3.1660,6.6030,6.0670
842627.2940,0,3.1710,6.6750,6.0640
842677.2760,0,3.1680,6.6340,6.1030
842727.2530,0,3.1540,6.6150,6.1160
842777.2280,0,3.1360,6.6520,6.0390
842827.2020,0,3.1530,6.6980,6.0690
842877.1820,0,3.1480,6.7560,6.0780
842927.1610,0,3.1730,6.8010,6.0470
842977.1390,0,3.2250,6.7680,6.0540
843027.1180,0,3.1870,6.7610,6.1000
843077.0920,0,3.1580,6.7370,6.1010
843127.0690,0,3.2200,6.7220,6.1100
843177.0460,0,3.1380,6.7150,6.0800
843227.0230,0,3.1870,6.6740,6.1020
843277.0010,0,3.1600,6.6380,6.1060
843326.9800,0,3.1790,6.6490,6.0540
843376.9560,0,3.1980,6.7140,6.0770
843426.9340,0,3.1380,6.7760,6.0470
843476.9110,0,3.1680,6.8260,6.0650
843526.8900,0,3.1910,6.8010,6.1200
843576.8680,0,3.1960,6.7630,6.0450
843626.8440,0,3.1590,6.7920,6.0760
843676.8220,0,3.1580,6.8240,6.0330
843726.8000,0,3.1880,6.7030,6.0680
843776.7760,0,3.1360,6.7490,6.0570
843826.7500,0,3.1560,6.7740,6.0960
843876.7320,0,3.1930,6.6840,6.0810
843926.7090,0,3.1730,6.7260,5.9750
843976.6840,0,3.1670,6.6610,6.0420
844026.6640,0,3.1630,6.6410,6.0720
844076.6390,0,3.1580,6.7090,6.0970
844126.6210,0,3.1380,6.6900,6.0520
844176.5960,0,3.1060,6.7070,6.1450
844226.5730,0,3.1520,6.7470,6.0880
844276.5490,0,3.1620,6.7440,6.0810
844326.5270,0,3.1680,6.7440,6.0980
844376.5080,0,3.1480,6.7450,6.0670
844426.4810,0,3.1420,6.7060,6.0240
844476.4570,0,3.1500,6.6980,6.0660
844526.4390,0,3.1510,6.6350,6.0890
844576.4150,0,3.1690,6.6640,6.0590
844626.3910,0,3.1940,6.7320,6.0560
844676.3710,0,3.1130,6.6760,6.0690
844726.3450,0,3.1340,6.6880,6.1310
844776.3220,0,3.1390,6.6880,6.0780
844826.3020,0,3.1120,6.6630,6.0730
844876.2790,0,3.1340,6.6480,6.0970
844926.2590,0,3.2030,6.6350,6.0790
844976.2330,0,3.1730,6.7220,6.1090
845026.2080,0,3.1740,6.7410,6.0890
845076.1870,0,3.1470,6.7950,6.1060
845126.1670,0,3.1180,6.8400,6.0310
845176.1450,0,3.1390,6.8990,6.0680
845226.1230,0,3.1740,6.8150,6.0750
845276.0980,0,3.1500,6.7940,6.0700
845326.0760,0,3.1510,6.7620,6.0700
845376.0520,0,3.1590,6.7200,6.0690
845426.0320,0,3.1630,6.6900,6.0770
845476.0110,0,3.1580,6.7900,6.0290
845525.9820,0,3.1710,6.8030,6.0860
845575.9660,0,3.1810,6.8010,6.0700
845625.9430,0,3.1680,6.8380,6.0920
845675.9150,0,3.1520,6.8790,6.0850
845725.8950,0,3.1240,6.7890,6.0820
845775.8730,0,3.1870,6.7800,6.0490
845825.8500,0,3.1620,6.7290,6.0770
845875.8260,0,3.2010,6.7510,6.0730
845925.8050,0,3.1250,6.7110,6.0120
845975.7800,0,3.1240,6.7260,6.0540
846025.7630,0,3.1680,6.6720,6.0470
846075.7370,0,3.1080,6.6820,6.0360
846125.7120,0,3.1690,6.7220,6.0660
846175.6890,0,3.1760,6.7060,6.0490
846225.6690,0,3.1800,6.7650,6.0620
846275.6440,0,3.1630,6.7610,6.0660
846325.6210,0,3.1680,6.7590,6.0590
846375.6030,0,3.1870,6.7570,6.0680
846425.5760,0,3.1400,6.7320,6.0880
846475.5570,0,3.1830,6.7630,6.0780
846525.5330,0,3.1870,6.7120,6.0630
846575.5110,0,3.1590,6.6900,6.0650
846625.4870,0,3.1690,6.6920,6.0650
846675.4690,0,3.1380,6.6690,6.0620
846725.4420,0,3.1400,6.7050,6.0720
846775.4220,0,3.1600,6.6570,6.0590
846825.3990,0,3.1390,6.6410,6.0350
846875.3770,0,3.1240,6.6890,6.1440
846925.3500,0,3.1540,6.6250,6.0900
846975.3280,0,3.1520,6.6520,6.0580
847025.3090,0,3.1600,6.6350,6.0520
847075.2850,0,3.2020,6.6210,6.0750
847125.2610,0,3.1390,6.5830,6.0700
847175.2420,0,3.1770,6.6320,6.1210
847225.2170,0,3.1680,6.6540,6.0560
847275.1920,0,3.2030,6.6370,6.0850
847325.1720,0,3.1820,6.6530,6.0350
847375.1520,0,3.1670,6.6380,6.0670
847425.1270,0,3.1590,6.5980,6.0490
847475.1040,0,3.1390,6.6260,6.0830
847525.0810,0,3.1650,6.6160,6.1080
847575.0590,0,3.1670,6.6080,6.0620
847625.0400,0,3.1740,6.6360,6.0530
847675.0160,0,3.1490,6.6400,6.0910
847724.9940,0,3.1730,6.6470,6.0630
847774.9690,0,3.1950,6.5860,6.0360
847824.9450,0,3.1660,6.6130,6.0760
847874.9250,0,3.1760,6.5870,6.0830
847924.9000,0,3.1510,6.5410,6.0850
847974.8800,0,3.1810,6.6080,6.0840
848024.8550,0,3.1520,6.5670,6.0670
848074.8360,0,3.1780,6.5570,6.0950
848124.8100,0,3.1570,6.5870,6.0840
848174.7880,0,3.1900,6.6010,6.0790
848224.7690,0,3.1700,6.6350,6.1260
848274.7410,0,3.1410,6.6030,6.0830
848324.7220,0,3.1230,6.5680,6.0560
848374.6980,0,3.1380,6.5860,6.0520
848424.6740,0,3.1610,6.5830,6.0690
848474.6530,0,3.1710,6.5730,6.0650
848524.6320,0,3.1710,6.5530,6.0840
848574.6110,0,3.1570,6.5800,6.0420
848624.5820,0,3.1490,6.5930,6.0440
848674.5600,0,3.1730,6.6330,6.0650
848724.5400,1,3.1740,6.6240,6.1050
848774.5180,0,3.1820,6.6780,6.0670
848824.4930,2,3.1130,6.6160,6.0930
848874.4730,0,3.2120,6.6110,6.0690
848924.4520,1,3.1760,6.6720,6.0770
848974.4260,0,3.1420,6.6670,6.0630
849024.4030,2,3.1790,6.6640,6.0440
849074.3790,0,3.1460,6.7210,6.0620
849124.3620,1,3.1400,6.7070,6.0880
849174.3400,0,3.1350,6.7340,6.0640
849224.3150,2,3.1420,6.6810,6.0540
849274.2910,0,3.1930,6.6750,6.0940
849324.2670,1,3.1790,6.7190,6.0730
849374.2460,0,3.1420,6.6450,6.0600
849424.2240,2,3.1680,6.6240,6.1050
849474.1980,0,3.1850,6.6640,6.1150
849524.1810,1,3.1570,6.6460,6.0570
849574.1580,0,3.1650,6.6980,6.0860
849624.1350,2,3.1360,6.6820,6.0400
849674.1110,0,3.1590,6.6490,6.0720
849724.0910,1,3.1650,6.7390,6.0780
849774.0690,0,3.1220,6.6640,6.0770
849824.0430,2,3.1710,6.6430,6.0460
849874.0190,0,3.1530,6.6070,6.0570
849923.9980,1,3.1930,6.6280,6.0850
849973.9780,0,3.1400,6.6010,6.0690
850023.9530,2,3.1610,6.6250,6.0360
850073.9300,0,3.1900,6.6590,6.1210
850123.9070,1,3.1610,6.6370,6.0620
850173.8860,0,3.1630,6.6250,6.0810
850223.8640,2,3.1670,6.6370,6.0190
850273.8420,0,3.1920,6.6330,6.0670
850323.8200,1,3.1980,6.6230,6.0290
850373.7960,0,3.1580,6.6560,6.0930
850423.7750,2,3.1410,6.7130,6.0660
850473.7480,0,3.1920,6.6410,6.1300
850523.7300,1,3.1700,6.6650,6.0830
850573.7070,0,3.1570,6.6480,6.0800
850623.6840,2,3.1690,6.6440,6.0800
850673.6600,0,3.1550,6.6900,6.0760
850723.6330,1,3.1950,6.6540,6.0610
850773.6170,0,3.1650,6.6100,6.0530
850823.5920,2,3.2010,6.6530,6.0540
850873.5700,0,3.1900,6.6820,6.0710
850923.5500,1,3.1900,6.6420,6.1160
850973.5230,0,3.2140,6.6690,6.0830
851023.4990,2,3.1810,6.6440,6.0710
851073.4810,0,3.1590,6.6660,6.0680
851123.4550,1,3.1750,6.6250,6.0400
851173.4320,0,3.1710,6.6790,6.0680
851223.4130,2,3.1910,6.6750,6.0670
851273.3870,0,3.1750,6.6400,6.0380
851323.3680,1,3.1500,6.6490,6.0640
851373.3400,0,3.2010,6.6260,6.1150
851423.3230,2,3.1690,6.6980,6.0940
851473.2970,0,3.2000,6.6900,6.0140
851523.2770,1,3.1380,6.6920,6.0470
851573.2540,0,3.2120,6.7120,6.0600
851623.2320,2,3.1380,6.6780,6.0510
851673.2080,0,3.1560,6.6380,6.0660
851723.1840,1,3.1690,6.6620,6.0330
851773.1620,0,3.1650,6.6360,6.0830
851823.1400,2,3.1860,6.6460,6.1000
851873.1210,0,3.1660,6.6440,6.0680
851923.1010,1,3.2520,6.6320,6.0910
851973.0790,0,3.1550,6.6620,6.0850
852023.0580,2,3.1890,6.6110,6.0690
852073.0350,0,3.1910,6.6370,6.0590
852123.0120,1,3.1380,6.6750,6.0970
852172.9900,0,3.1750,6.6710,6.0750
852222.9660,2,3.1130,6.6300,6.0750
852272.9420,0,3.1500,6.7190,6.0440
852322.9250,1,3.1350,6.6940,6.1260
852372.9000,0,3.2020,6.6490,6.0920
852422.8770,2,3.1910,6.6280,6.1170
852472.8580,0,3.2200,6.6600,6.0560
852522.8350,1,3.1520,6.6310,6.0520
852572.8110,0,3.1890,6.6630,6.0720
852622.7900,2,3.1750,6.6550,6.0940
852672.7670,0,3.1620,6.6270,6.0700
852722.7430,1,3.1570,6.6450,6.0730
852772.7250,0,3.1660,6.6490,6.0790
852822.7050,2,3.2140,6.7050,6.1040
852872.6790,0,3.1810,6.6790,6.0500
852922.6610,1,3.1230,6.6940,6.0620
852972.6380,0,3.1860,6.6980,6.0730
853022.6140,2,3.1710,6.6280,6.0720
853072.5920,0,3.1430,6.6020,6.0740
853122.5710,1,3.1500,6.6550,6.0850
853172.5460,0,3.1570,6.5990,6.0840
853222.5240,0,3.1620,6.6130,6.0810
853272.5020,2,3.1600,6.6070,6.0700
853322.4830,1,3.1440,6.6060,6.0860
853372.4620,0,3.1480,6.6280,6.1010
853422.4350,2,3.1530,6.5810,6.1120
853472.4170,0,3.1770,6.7210,6.0700
853522.3970,1,3.1670,6.6150,6.0750
853572.3720,0,3.2090,6.6310,6.0820
853622.3520,2,3.1230,6.5950,6.0570
853672.3300,0,3.1780,6.6340,6.1110
853722.3070,1,3.1580,6.6220,6.0350
853772.2870,0,3.1860,6.6140,6.1040
853822.2640,2,3.1770,6.5730,6.0790
853872.2400,0,3.1900,6.5670,6.0550
853922.2210,1,3.1940,6.5840,6.0360
853972.1930,0,3.1790,6.6060,6.0610
854022.1760,0,3.1540,6.6570,6.0540
854072.1520,2,3.1740,6.6370,6.0820
854122.1310,1,3.1590,6.5560,6.0510
854172.1090,0,3.1330,6.6270,6.0370
854222.0830,2,3.1780,6.6060,6.0350
854272.0630,0,3.1520,6.6210,6.0520
854322.0400,1,3.1440,6.6340,6.0520
854372.0230,0,3.1680,6.6410,6.1000
854421.9980,0,3.1720,6.5720,6.0640
854471.9770,2,3.1830,6.6540,6.0990
854521.9510,1,3.2030,6.6360,6.0610
854571.9280,0,3.1640,6.6410,6.0430
854621.9100,2,3.1500,6.7400,6.1080
854671.8870,0,3.2150,6.7820,6.0750
854721.8650,0,3.1370,6.7530,6.0800
854771.8400,1,3.1580,6.7670,6.0700
854821.8250,2,3.1610,6.7580,6.0660
854871.8020,0,3.1700,6.7990,6.0970
854921.7740,1,3.1710,6.7650,6.0540
854971.7580,0,3.1770,6.8020,6.0820
855021.7330,2,3.1530,6.8290,6.1160
855071.7080,0,3.1620,6.8670,6.0600
855121.6920,0,3.1660,6.8780,6.0880
855171.6700,1,3.1410,6.8490,6.0950
855221.6440,2,3.1350,6.8620,6.0990
855271.6200,0,3.1440,6.8750,6.0690
855321.6030,1,3.1200,6.8120,6.0230
855371.5790,0,3.1620,6.8720,6.0880
855421.5590,2,3.1500,6.8230,6.0550
855471.5320,0,3.1450,6.8520,6.0620
855521.5130,0,3.1200,6.8020,6.0880
855571.4880,1,3.1260,6.8430,6.0210
855621.4700,2,3.1620,6.8520,6.0230
855671.4440,0,3.1430,6.8160,6.1080
855721.4280,1,3.1510,6.7680,6.0490
855771.4060,0,3.1440,6.7310,6.0850
855821.3820,0,3.1460,6.7750,6.0770
855871.3610,2,3.1690,6.6720,6.0890
855921.3360,0,3.1710,6.7660,6.0990
855971.3110,1,3.1650,6.7470,6.0880
856021.2930,2,3.1200,6.7460,6.0530
856071.2730,0,3.1670,6.7340,6.0890
856121.2460,1,3.1450,6.7110,6.0630
856171.2290,0,3.1670,6.6890,6.0970
856221.2070,0,3.1360,6.6820,6.0600
856271.1830,2,3.1750,6.6430,6.0320
856321.1620,0,3.1480,6.6820,6.0860
856371.1400,1,3.1420,6.6730,6.0450
856421.1140,2,3.1390,6.6200,6.1170
856471.0970,0,3.1500,6.6380,6.0550
856521.0750,1,3.1570,6.6360,6.0690
856571.0470,0,3.1760,6.6510,6.0760
856621.0290,0,3.1660,6.6530,6.0600
856671.0090,2,3.1950,6.6340,6.0490
856720.9810,0,3.1540,6.6110,6.0810
856770.9640,1,3.1750,6.6750,6.0970
856820.9420,0,3.1290,6.6810,6.0500
856870.9210,2,3.1300,6.7040,6.0130
856920.8960,0,3.1350,6.6570,6.0640
856970.8730,1,3.1500,6.6650,6.0740
857020.8520,0,3.1890,6.7390,6.0550
857070.8330,2,3.1660,6.6150,6.0110
857120.8080,1,3.1460,6.6540,6.0570
857170.7870,0,3.1510,6.6210,6.0680
857220.7670,0,3.1330,6.6180,6.0520
857270.7440,2,3.1770,6.6660,6.0690
857320.7180,0,3.1480,6.6730,6.0820
857370.6960,1,3.1810,6.6760,6.0810
857420.6730,0,3.1470,6.6770,6.0460
857470.6560,2,3.1390,6.6270,6.0420
857520.6350,0,3.1630,6.6470,6.1060
857570.6120,1,3.1790,6.6410,6.1030
857620.5900,0,3.1150,6.6470,6.0740
857670.5670,2,3.2080,6.6230,6.0490
857720.5460,1,3.1720,6.6380,6.0630
857770.5220,0,3.1700,6.7320,6.1150
857820.5020,0,3.1470,6.6620,6.1170
857870.4740,2,3.1770,6.6660,6.0960
857920.4530,0,3.1920,6.6540,6.1370
857970.4340,1,3.1760,6.6680,6.0640
858020.4100,0,3.1910,6.7040,6.0260
858070.3920,2,3.1550,6.6720,6.0750
858120.3680,1,3.1650,6.7620,6.0790
858170.3470,0,3.1350,6.7450,6.0650
858220.3210,0,3.1660,6.7400,6.0540
858270.3030,2,3.1820,6.6810,6.0410
858320.2760,0,3.1750,6.6550,6.0590
858370.2540,1,3.2100,6.6820,6.0420
858420.2340,0,3.1910,6.6800,6.0860
858470.2170,2,3.1940,6.6360,6.0680
858520.1930,1,3.1310,6.6570,6.0960
858570.1690,0,3.1800,6.6190,6.0700
858620.1490,0,3.1600,6.6420,6.0560
858670.1220,2,3.1800,6.6850,6.0980
858720.1020,0,3.1640,6.6700,6.0670
858770.0820,1,3.2310,6.6220,6.0420
858820.0570,0,3.1430,6.6860,6.0630
858870.0380,2,3.1490,6.7500,6.0380
858920.0130,1,3.1350,6.7630,6.0710
858969.9900,0,3.1880,6.7560,6.0350
859019.9680,0,3.1880,6.6730,6.0870
859069.9460,2,3.1200,6.7230,6.1090
859119.9280,0,3.1840,6.7000,6.0690
859169.9040,1,3.1670,6.6830,6.1010
859219.8810,0,3.1640,6.7370,6.0900
859269.8640,2,3.1550,6.6350,6.0310
859319.8370,0,3.1720,6.6330,6.1010
859369.8170,1,3.1900,6.6360,6.0330
859419.7930,0,3.1550,6.6920,6.0780
859469.7720,2,3.1680,6.7340,6.0630
859519.7490,0,3.1740,6.7100,6.0900
859569.7300,1,3.1200,6.7050,6.0390
859619.7040,0,3.1700,6.6770,6.0490
859669.6820,2,3.1530,6.6520,6.0920
859719.6650,0,3.1800,6.6750,6.0850
859769.6420,1,3.1490,6.6640,6.0810
859819.6210,0,3.1690,6.6940,6.0760
859869.5960,2,3.1540,6.6730,6.1130
859919.5750,0,3.2180,6.6910,6.0450
859969.5560,1,3.1800,6.6930,6.0440
860019.5300,0,3.2050,6.7520,6.0610
860069.5110,2,3.1580,6.7220,6.0490
860119.4890,0,3.1460,6.7340,6.0680
860169.4650,1,3.1380,6.7430,6.0850
860219.4450,0,3.1680,6.6960,6.0690
860269.4190,2,3.1460,6.7170,6.0800
860319.3960,0,3.1290,6.6660,6.0730
860369.3740,1,3.1690,6.7240,6.0540
860419.3520,0,3.1840,6.7170,6.0320
860469.3320,2,3.1510,6.6460,6.0760
860519.3130,0,3.1840,6.7190,6.0490
860569.2880,1,3.1650,6.6860,6.0760
860619.2630,0,3.1690,6.6870,6.0590
860669.2430,2,3.2120,6.6940,6.0910
860719.2200,0,3.2090,6.6610,6.0880
860769.1990,1,3.1480,6.6950,6.0780
860819.1780,0,3.1960,6.7310,6.1000
860869.1530,2,3.1480,6.6930,6.0330
860919.1310,0,3.1190,6.6400,6.0630
860969.1140,1,3.1750,6.6610,6.0710
861019.0910,0,3.1720,6.6970,6.0540
861069.0660,2,3.1760,6.7110,6.0750
861119.0440,0,3.2010,6.7430,6.0750
861169.0260,1,3.1460,6.6560,6.0900
861219.0010,0,3.1720,6.7140,6.0550
861268.9810,2,3.1520,6.6650,6.0930
861318.9590,0,3.1580,6.6070,6.0740
861368.9340,1,3.2070,6.6320,6.0840
861418.9160,0,3.1790,6.6170,6.0820
861468.8940,2,3.1640,6.6220,6.1030
861518.8710,0,3.1480,6.6720,6.0680
861568.8500,1,3.1570,6.6470,6.0480
861618.8250,0,3.1650,6.5730,6.0800
861668.8060,2,3.2010,6.5880,6.0830
861718.7790,0,3.1490,6.6030,6.0560
861768.7570,1,3.1340,6.6150,6.0560
861818.7390,0,3.1640,6.5870,6.0340
861868.7180,2,3.1740,6.6060,6.0750
861918.6940,0,3.1690,6.6320,6.0960
861968.6700,1,3.1670,6.5850,6.0700
862018.6480,0,3.1500,6.6230,6.0440
862068.6260,2,3.1590,6.6310,6.0270
862118.6090,0,3.1950,6.6100,6.0710
862168.5800,1,3.1910,6.6170,6.0620
862218.5610,0,3.1550,6.6150,6.0580
862268.5370,2,3.1740,6.6010,6.0590
862318.5200,0,3.2120,6.6310,6.0850
862368.4960,1,3.1480,6.6380,6.1010
862418.4760,0,3.1190,6.6150,6.0700
862468.4540,2,3.1430,6.6520,6.0870
862518.4270,0,3.1620,6.6380,6.0240
862568.4060,1,3.1470,6.6540,6.0410
862618.3870,0,3.1810,6.6190,6.0810
862668.3670,2,3.1960,6.6370,6.0930
862718.3420,0,3.1530,6.6580,6.0690
862768.3210,1,3.1190,6.6640,5.9920
862818.2980,0,3.1680,6.6790,6.0540
862868.2730,2,3.1640,6.6810,6.0680
862918.2550,0,3.1840,6.6730,6.0630
862968.2330,1,3.1450,6.6820,6.0310
863018.2090,0,3.1900,6.7170,6.1080
863068.1890,2,3.2050,6.6910,6.0980
863118.1650,0,3.1460,6.7230,6.0800
863168.1430,1,3.1490,6.6870,6.1040
863218.1200,0,3.1550,6.6640,6.0990
863268.1020,2,3.1710,6.6100,6.0720
863318.0790,0,3.1980,6.6400,6.0820
863368.0560,1,3.1910,6.7000,6.1180
863418.0340,0,3.1530,6.6770,6.1060
863468.0080,2,3.1870,6.6860,6.0670
863517.9920,0,3.1720,6.7010,6.0500
863567.9640,1,3.2040,6.7040,6.1110
863617.9490,0,3.1910,6.6950,6.0400
863667.9250,2,3.1630,6.7260,6.0590
863717.9050,0,3.1750,6.6240,6.1020
863767.8800,1,3.2000,6.6270,6.0280
863817.8610,0,3.1520,6.6590,6.1240
863867.8390,2,3.1490,6.5930,6.0270
863917.8160,0,3.1590,6.5970,6.0770
863967.7980,1,3.1670,6.6440,6.0700
864017.7740,0,3.1710,6.6080,6.0520
864067.7520,2,3.1840,6.6190,6.0280
864117.7330,0,3.2210,6.6180,6.0420
864167.7130,1,3.1700,6.6650,6.1090
864217.6890,0,3.1450,6.5970,6.0600
864267.6640,2,3.1690,6.6180,6.0580
864317.6490,0,3.1120,6.6280,6.0450
864367.6230,1,3.1480,6.6370,6.0380
864417.6050,0,3.2030,6.6330,6.1040
864467.5810,2,3.1540,6.6450,6.0570
864517.5590,0,3.1720,6.6940,6.0930
864567.5410,1,3.1620,6.6790,6.1160
864617.5140,0,3.1580,6.6180,6.1150
864667.4960,2,3.1300,6.7040,6.0850
864717.4730,0,3.1700,6.6960,6.0780
864767.4510,1,3.1490,6.6560,6.0580
864817.4340,0,3.1660,6.6190,6.0450
864867.4070,2,3.1450,6.7060,6.0750
864917.3880,0,3.1890,6.7200,6.0650
864967.3670,1,3.2130,6.7430,6.0480
865017.3480,0,3.1400,6.7620,6.0530
865067.3270,2,3.2070,6.7400,6.0620
865117.3030,0,3.1550,6.7120,6.0620
865167.2800,1,3.1650,6.7220,6.0610
865217.2580,0,3.1710,6.7040,6.0440
865267.2390,2,3.1560,6.7150,6.1120
865317.2210,0,3.1460,6.7460,6.0750
865367.1960,1,3.1780,6.7260,6.0840
865417.1760,0,3.1970,6.7620,6.0830
865467.1550,2,3.1470,6.7570,6.0370
865517.1300,0,3.1680,6.7280,6.0660
865567.1140,1,3.1450,6.7400,6.0760
865617.0880,0,3.1570,6.7100,6.0330
865667.0690,2,3.1600,6.6990,6.0640
865717.0480,0,3.1430,6.7070,6.0700
865767.0260,1,3.1700,6.6640,6.0680
865817.0010,0,3.1520,6.6630,6.0620
865866.9840,2,3.1590,6.6950,6.0470
865916.9600,0,3.1800,6.6530,6.1040
865966.9410,1,3.1260,6.6620,6.0620
866016.9170,0,3.1630,6.6770,6.0690
866066.8940,2,3.1980,6.6030,6.0760
866116.8770,0,3.1940,6.6340,6.0870
866166.8520,1,3.1290,6.6490,6.1000
866216.8350,0,3.1760,6.6630,6.0500
866266.8130,2,3.1600,6.6190,6.0760
866316.7920,0,3.1560,6.6810,6.0540
866366.7680,1,3.2090,6.6580,6.1050
866416.7450,0,3.1710,6.6610,6.0790
866466.7270,2,3.1890,6.6750,6.0610
866516.7050,0,3.1850,6.7610,6.0720
866566.6800,1,3.1290,6.6760,6.0810
866616.6620,0,3.2030,6.6550,6.0690
866666.6400,2,3.1650,6.6170,6.0410
866716.6210,0,3.1750,6.6460,6.0640
866766.5990,1,3.1590,6.6700,6.0970
866816.5720,0,3.1560,6.6240,6.0410
866866.5540,2,3.1720,6.6400,6.0940
866916.5320,0,3.1780,6.7020,6.0260
866966.5150,1,3.1750,6.6990,6.1030
867016.4910,0,3.1510,6.7660,6.0800
867066.4700,2,3.1560,6.7230,6.0560
867116.4490,0,3.1520,6.7620,6.0630
867166.4270,1,3.1260,6.8060,6.0920
867216.4030,0,3.1600,6.7800,6.0380
867266.3820,2,3.1560,6.7470,6.0350
867316.3610,0,3.1400,6.7730,6.0050
867366.3370,1,3.1610,6.7320,6.0910
867416.3180,0,3.1400,6.6880,6.1000
867466.2990,2,3.1830,6.7240,6.0790
867516.2760,0,3.2120,6.7130,6.0440
867566.2570,1,3.1430,6.6830,6.0250
867616.2340,0,3.1900,6.6930,6.0760
867666.2090,2,3.1430,6.6140,6.0880
867716.1910,0,3.1310,6.6680,6.0790
867766.1710,1,3.1450,6.6590,6.0300
867816.1470,0,3.0960,6.6210,6.0370
867866.1240,2,3.1680,6.6600,6.0750
867916.1030,0,3.1790,6.6520,6.1140
867966.0850,1,3.1330,6.6670,6.1160
868016.0650,0,3.1620,6.6320,6.0870
868066.0370,2,3.1710,6.6260,6.1000
868116.0210,0,3.1560,6.7090,6.0760
868165.9980,1,3.1630,6.6880,6.0670
868215.9730,0,3.1520,6.7530,6.0620
868265.9570,2,3.1270,6.7740,6.0800
868315.9340,0,3.1450,6.8020,6.0850
868365.9130,1,3.1750,6.8660,6.1000
868415.8930,0,3.2130,6.8230,6.0170
868465.8710,2,3.1520,6.8470,6.0790
868515.8490,0,3.1220,6.8370,6.0880
868565.8240,1,3.1510,6.8060,6.0630
868615.8050,0,3.1720,6.7870,6.1020
868665.7860,2,3.1450,6.7580,6.1110
868715.7590,0,3.1560,6.7540,6.0630
868765.7380,1,3.2170,6.7420,6.0870
868815.7210,0,3.1730,6.6470,6.0620
868865.7010,2,3.0880,6.6850,6.1110
868915.6750,0,3.2230,6.7270,6.0790
868965.6580,1,3.1430,6.6740,6.1140
869015.6350,0,3.1470,6.7110,6.0250
869065.6110,2,3.1320,6.7070,6.0060
869115.5910,0,3.1530,6.7160,6.0950
869165.5710,1,3.1450,6.6770,6.0330
869215.5460,0,3.1640,6.7180,6.0640
869265.5240,2,3.1460,6.6800,6.0790
869315.5060,0,3.1640,6.6110,6.0580
869365.4850,1,3.1810,6.6420,6.0670
869415.4650,0,3.1550,6.6280,6.0930
869465.4390,2,3.1690,6.6460,6.0920
869515.4220,0,3.1360,6.6380,6.0760
869565.3980,1,3.1510,6.6500,6.0150
869615.3740,0,3.2020,6.6250,6.1220
869665.3550,2,3.1850,6.6500,6.0820
869715.3310,0,3.1350,6.6770,6.0620
869765.3100,1,3.1160,6.6820,6.0810
869815.2880,0,3.1540,6.6440,6.0860
869865.2710,2,3.1490,6.6650,6.0780
869915.2460,0,3.1640,6.6360,6.0780
869965.2270,1,3.1470,6.6070,6.0640
870015.2030,0,3.1370,6.6220,6.0490
870065.1870,2,3.1730,6.6660,6.0740
870115.1640,0,3.1720,6.6110,6.0760
870165.1430,1,3.1790,6.6290,6.0410
870215.1220,0,3.1490,6.6700,6.0860
870265.0990,2,3.1550,6.6250,6.0770
870315.0740,0,3.1700,6.6530,6.0900
870365.0560,1,3.1540,6.6490,6.0400
870415.0360,0,3.1370,6.6540,6.0490
870465.0130,2,3.1730,6.5860,6.0720
870514.9930,0,3.1780,6.6500,6.1340
870564.9730,1,3.1350,6.5720,6.0520
870614.9460,0,3.1990,6.6520,6.0610
870664.9300,2,3.1470,6.6690,6.0500
870714.9040,0,3.1530,6.6440,6.0770
870764.8860,1,3.1690,6.6350,6.0850
870814.8600,0,3.1790,6.6070,6.1070
870864.8410,2,3.1720,6.5650,6.0540
870914.8190,0,3.1580,6.5950,6.0710
870964.7990,1,3.1940,6.6010,6.0680
871014.7800,0,3.1700,6.6070,6.0840
871064.7590,2,3.1780,6.6230,6.0950
871114.7340,0,3.1460,6.6200,6.0740
871164.7100,1,3.1620,6.6770,6.0500
871214.6890,0,3.1770,6.6900,6.0640
871264.6700,2,3.1730,6.6230,6.0420
871314.6490,0,3.1510,6.6300,6.0300
871364.6260,1,3.2060,6.6110,6.0720
871414.6090,0,3.2160,6.6030,6.0650
871464.5870,2,3.1800,6.5870,6.0540
871514.5660,0,3.1680,6.5880,6.1110
871564.5450,1,3.1710,6.5870,6.0920
871614.5240,0,3.1920,6.6100,6.0470
871664.5010,2,3.1750,6.6220,6.0590
871714.4780,0,3.1400,6.6610,6.0620
871764.4540,1,3.1420,6.6520,6.0880
871814.4350,0,3.1920,6.6530,6.0500
871864.4110,2,3.1580,6.6520,6.0390
871914.3890,0,3.1740,6.6390,6.0790
871964.3720,1,3.1930,6.6560,6.0550
872014.3470,0,3.1720,6.6280,6.0600
872064.3290,2,3.1640,6.6130,6.0870
872114.3090,0,3.1240,6.6520,6.0580
872164.2840,1,3.1750,6.6200,6.0570
872214.2610,0,3.1370,6.6780,6.0650
872264.2460,2,3.1710,6.6670,6.0190
872314.2230,0,3.1380,6.6760,6.0640
872364.1980,1,3.1910,6.7040,6.0960
872414.1820,0,3.1700,6.6670,6.0540
872464.1570,2,3.1410,6.6620,6.1000
872514.1380,0,3.1510,6.7180,6.0640
872564.1150,1,3.1470,6.7690,6.0340
872614.0900,0,3.1840,6.7700,6.0430
872664.0680,2,3.1960,6.7020,6.0420
872714.0480,0,3.1330,6.6880,6.0630
872764.0290,1,3.1390,6.6920,6.1220
872814.0080,0,3.1960,6.6770,6.0610
872863.9830,2,3.1460,6.6820,6.0560
872913.9660,0,3.1470,6.6110,6.0810
872963.9440,1,3.1540,6.6540,6.1000
873013.9240,0,3.1470,6.6720,6.1220
873063.9000,2,3.1690,6.6510,6.0500
873113.8820,0,3.1760,6.6500,6.0710
873163.8600,1,3.1810,6.5770,6.1050
873213.8370,0,3.1640,6.6390,6.0640
873263.8130,2,3.1470,6.6260,6.0370
873313.7940,0,3.1520,6.6100,6.0360
873363.7730,1,3.1560,6.5850,6.0660
873413.7520,0,3.2230,6.6020,6.1080
873463.7270,2,3.1580,6.6100,6.0760
873513.7050,0,3.1730,6.5850,6.0290
873563.6840,1,3.1640,6.5760,6.0760
873613.6680,0,3.2080,6.5970,6.0480
873663.6400,2,3.1400,6.5950,6.0680
873713.6210,0,3.0910,6.6320,6.0910
873763.6010,1,3.1430,6.6010,6.0010
873813.5770,0,3.2030,6.6410,6.0480
873863.5570,2,3.1470,6.6100,6.0730
873913.5340,0,3.1430,6.6040,6.0460
873963.5160,1,3.1290,6.6320,6.0540
874013.4940,0,3.1650,6.6760,6.0650
874063.4740,2,3.1810,6.7300,6.0750
874113.4490,0,3.1600,6.7680,6.0480
874163.4270,1,3.1580,6.7270,6.1130
874213.4080,0,3.1750,6.8630,6.0510
874263.3900,2,3.1620,6.8120,6.1080
874313.3630,0,3.1350,6.8530,6.0490
874363.3430,1,3.1970,6.8940,6.0590
874413.3220,0,3.1480,6.9250,6.0660
874463.2980,2,3.1310,6.9140,6.0680
874513.2780,0,3.1360,6.8930,6.0750
874563.2560,1,3.1700,6.8950,6.0820
874613.2380,0,3.1780,6.8550,6.0760
874663.2190,2,3.1810,6.8800,6.1090
874713.1950,0,3.1630,6.8620,6.0590
874763.1760,1,3.1450,6.8610,6.0750
874813.1480,0,3.2090,6.8780,6.0980
874863.1270,2,3.1340,6.8540,6.0590
874913.1060,0,3.1430,6.8630,6.1000
874963.0900,1,3.1540,6.8430,6.0600
875013.0640,0,3.1440,6.9210,6.0850
875063.0430,2,3.1380,6.8940,6.1180
875113.0200,0,3.1740,6.8280,6.0860
875162.9990,1,3.1840,6.8150,6.0620
875212.9810,0,3.1620,6.8710,6.0410
875262.9560,2,3.1240,6.8660,6.0680
875312.9380,0,3.1810,6.8920,6.0690
875362.9140,1,3.1620,6.8690,6.0200
875412.8930,0,3.1840,6.8000,6.0390
875462.8750,2,3.1540,6.8000,6.1000
875512.8500,0,3.1390,6.8210,6.0930
875562.8290,1,3.1220,6.8500,6.0610
875612.8100,0,3.1160,6.8240,6.0380
875662.7870,2,3.1450,6.8180,6.0730
875712.7610,0,3.1110,6.8510,6.0620
875762.7410,1,3.1460,6.8260,6.0740
875812.7170,0,3.1580,6.8100,6.0430
875862.6920,2,3.1760,6.8300,6.0490
875912.6690,0,3.1490,6.8020,6.0510
875962.6510,1,3.1730,6.8110,6.0590
876012.6270,0,3.1420,6.8240,6.0550
876062.6030,2,3.1940,6.7930,6.0500
876112.5830,0,3.0930,6.7750,6.1250
876162.5580,1,3.1270,6.7360,6.0790
876212.5400,0,3.1710,6.7170,6.0790
876262.5150,2,3.1500,6.6950,6.0390
876312.4950,0,3.1420,6.7370,6.0970
876362.4680,1,3.1780,6.6970,6.0610
876412.4450,0,3.1500,6.7220,6.0690
876462.4260,2,3.1770,6.7110,6.0770
876512.4030,0,3.1520,6.6900,6.0080
876562.3760,1,3.1480,6.6670,6.0660
876612.3570,0,3.1900,6.6380,6.0400
876662.3320,2,3.1630,6.6880,6.0550
876712.3140,0,3.1810,6.7470,6.0620
876762.2900,1,3.1570,6.7210,6.0490
876812.2660,0,3.1570,6.6720,6.0400
876862.2440,2,3.1390,6.6780,6.0830
876912.2200,0,3.1170,6.7160,6.1180
876962.1990,1,3.1340,6.6950,6.0430
877012.1750,0,3.1090,6.6790,6.0850
877062.1500,2,3.1660,6.6680,6.0980
877112.1310,0,3.1690,6.7120,6.0500
877162.1090,1,3.2160,6.6380,6.1040
877212.0840,0,3.1720,6.7060,6.0480
877262.0640,2,3.1640,6.6650,6.0340
877312.0380,0,3.2140,6.6430,6.1420
877362.0150,1,3.1360,6.7210,6.0550
877411.9930,0,3.1110,6.7530,6.0620
877461.9710,2,3.1880,6.6990,6.0320
877511.9500,0,3.1410,6.6870,6.0740
877561.9260,1,3.1770,6.6770,6.1260
877611.9080,0,3.1390,6.7140,6.0550
877661.8850,2,3.1770,6.6720,6.0790
877711.8590,0,3.1470,6.6710,6.0260
877761.8360,1,3.1420,6.6460,6.0810
877811.8120,0,3.1710,6.6760,6.0830
877861.7930,2,3.1190,6.6920,6.0220
877911.7660,0,3.1400,6.6290,6.0500
877961.7430,1,3.1470,6.6590,6.0740
878011.7240,0,3.1520,6.6880,6.0560
878061.7010,2,3.1660,6.6590,6.0530
878111.6770,0,3.1580,6.7320,6.0320
878161.6600,1,3.1950,6.6700,6.0680
878211.6320,0,3.2000,6.7050,6.1170
878261.6140,2,3.1190,6.6890,6.0920
878311.5880,0,3.1600,6.6450,6.0700
878361.5670,1,3.1750,6.6870,6.0970
878411.5450,0,3.1670,6.6130,6.0620
878461.5230,2,3.1650,6.6860,6.0870
878511.5010,0,3.1910,6.6830,6.0800
878561.4730,1,3.1360,6.7170,6.0640
878611.4560,0,3.2020,6.6600,6.0480
878661.4340,2,3.1530,6.7030,6.0620
878711.4080,0,3.1840,6.7160,6.0640
878761.3830,0,3.1390,6.7670,6.0490
878811.3640,0,3.1700,6.7350,6.0510
878861.3430,0,3.1520,6.7250,6.0640
878911.3210,0,3.1420,6.7670,6.0160
878961.2980,0,3.1270,6.7430,6.0640
879011.2750,0,3.1650,6.7340,6.0610
879061.2510,0,3.1420,6.7490,6.0910
879111.2280,0,3.1560,6.7430,6.0760
879161.2050,0,3.1770,6.7220,6.0690
879211.1790,0,3.1680,6.6930,6.0720
879261.1580,0,3.1500,6.7220,6.0660
879311.1340,0,3.1530,6.7400,6.0420
879361.1170,0,3.1390,6.6780,6.0910
879411.0910,0,3.1410,6.7430,6.0550
879461.0700,0,3.1440,6.7710,6.1280
879511.0480,0,3.1920,6.7590,6.1230
879561.0210,0,3.1660,6.7420,6.0530
879611.0040,0,3.1470,6.7570,6.0750
879660.9820,0,3.1080,6.7470,6.0490
879710.9560,0,3.1380,6.7780,6.0400
879760.9330,0,3.1410,6.8120,6.0290
879810.9090,0,3.1770,6.8150,6.0790
879860.8880,0,3.1480,6.8220,6.0480
879910.8690,0,3.1720,6.7970,6.0600
879960.8420,0,3.1490,6.7570,6.0370
880010.8230,0,3.1520,6.7010,6.0620
880060.8000,0,3.1000,6.7220,6.0790
880110.7720,0,3.1520,6.7520,6.0830
880160.7540,0,3.1370,6.7240,6.0650
880210.7280,0,3.1510,6.7380,6.0480
880260.7110,0,3.1540,6.6900,6.0250
880310.6820,0,3.1530,6.8050,6.0230
880360.6660,0,3.1440,6.7900,6.1230
880410.6400,0,3.1520,6.7990,6.0870
880460.6190,0,3.1170,6.8160,6.0510
880510.5970,0,3.1250,6.8490,6.0750
880560.5730,0,3.1390,6.8020,6.0510
880610.5520,0,3.1600,6.7890,6.0560
880660.5250,0,3.1140,6.7800,6.0740
880710.5080,0,3.1660,6.7490,6.0900
880760.4820,0,3.1240,6.7940,6.0680
880810.4610,0,3.1290,6.7640,6.0390
880860.4370,0,3.0960,6.7780,6.0610
880910.4130,0,3.1460,6.8150,6.0580
880960.3920,0,3.1250,6.8280,6.0660
881010.3720,0,3.1480,6.8150,6.0550
881060.3460,0,3.1820,6.8090,6.0530
881110.3260,0,3.1400,6.9080,6.0880
881160.3050,0,3.1410,6.7860,6.0730
881210.2790,0,3.1630,6.8490,6.0860
881260.2530,0,3.1710,6.8220,6.0420
881310.2340,0,3.1440,6.7770,6.0470
881360.2080,0,3.1750,6.8320,6.0740
881410.1890,0,3.1370,6.7850,6.0940
881460.1670,0,3.1920,6.8430,6.0310
881510.1420,0,3.1480,6.8100,6.0450
881560.1210,0,3.1500,6.8200,6.0590
881610.0960,0,3.1190,6.8670,6.0550
881660.0760,0,3.1590,6.8730,6.0810
881710.0560,0,3.1260,6.8960,6.0880
881760.0310,0,3.1590,6.8620,6.0720
881810.0100,0,3.1590,6.8760,6.0720
881859.9820,0,3.1180,6.9080,6.0760
881909.9660,0,3.1570,6.9160,6.0620
881959.9380,0,3.1490,6.9760,6.0640
882009.9160,0,3.1260,6.9160,6.0520
882059.8930,0,3.1690,6.9020,6.0640
882109.8740,0,3.1280,6.9270,6.0860
882159.8480,0,3.1160,6.9230,6.0850
882209.8260,0,3.1150,6.9040,6.0720
882259.8060,0,3.1510,6.9110,6.0380
882309.7810,0,3.1270,6.9400,6.0650
882359.7600,0,3.1080,6.9990,6.0640
882409.7400,0,3.1580,6.9100,6.0470
882459.7130,0,3.1500,6.9670,6.0460
882509.6900,0,3.1480,6.8460,6.0590
882559.6710,0,3.0720,6.8910,6.1240
882609.6480,0,3.1340,6.9620,6.0430
882659.6250,0,3.1510,6.9160,6.0270
882709.6010,0,3.1590,6.8920,6.0440
882759.5790,0,3.1550,6.9080,6.0690
882809.5560,0,3.1300,6.8940,6.0240
882859.5330,0,3.1260,6.8880,6.0860
882909.5110,0,3.1420,6.8950,6.0620
882959.4850,0,3.1520,6.8820,6.0850
883009.4630,0,3.1370,6.8430,6.0830
883059.4430,0,3.1520,6.8870,6.1290
883109.4220,0,3.1730,6.8650,6.0820
883159.3950,0,3.1190,6.8760,6.0580
883209.3780,0,3.1160,6.9090,6.0680
883259.3520,0,3.1510,6.8720,6.0520
883309.3280,0,3.1400,6.9470,6.0340
883359.3060,0,3.0960,6.8920,6.1180
883409.2880,0,3.1400,6.8920,6.0690
883459.2650,0,3.1170,6.8740,6.0460
883509.2390,0,3.1650,6.8710,6.0800
883559.2170,0,3.1130,6.8630,6.0620
883609.1970,0,3.1400,6.8690,6.0440
883659.1690,0,3.1160,6.8110,6.0930
883709.1490,0,3.1630,6.8110,6.0790
883759.1270,0,3.1080,6.7900,6.0710
883809.1050,0,3.1240,6.8000,6.0770
883859.0840,0,3.1580,6.8150,6.0600
883909.0580,0,3.1360,6.8060,6.0810
883959.0360,0,3.1550,6.8270,6.0630
884009.0160,0,3.1800,6.7830,6.0670
884058.9910,0,3.1560,6.7530,6.0710
884108.9660,0,3.1940,6.8180,6.0660
884158.9430,0,3.1790,6.8010,6.0510
884208.9240,0,3.1510,6.8000,6.0770
884258.9040,0,3.1500,6.7880,6.0560
884308.8820,0,3.1260,6.7910,6.0360
884358.8590,0,3.1070,6.7990,6.0540
884408.8350,0,3.1290,6.8020,6.0670
884458.8120,0,3.1940,6.8410,6.0570
884508.7860,0,3.1180,6.8720,6.0530
884558.7670,0,3.1510,6.8060,6.0800
884608.7410,0,3.1810,6.8370,6.0370
884658.7220,0,3.1410,6.7880,6.0470
884708.7010,0,3.1490,6.8400,6.1020
884758.6780,0,3.1550,6.7970,6.0800
884808.6550,0,3.1430,6.8630,6.0430
884858.6320,0,3.1940,6.8020,6.0770
884908.6070,0,3.1110,6.8420,6.0670
884958.5870,0,3.1750,6.8510,6.0960
885008.5610,0,3.1430,6.7980,5.9970
885058.5390,0,3.1370,6.8270,6.0700
885108.5200,0,3.1480,6.8400,6.1080
885158.4930,0,3.1500,6.8130,6.0390
885208.4700,0,3.1430,6.7920,5.9950
885258.4520,0,3.1890,6.7950,6.0530
885308.4290,0,3.1520,6.7860,6.0980
885358.4030,0,3.1610,6.8250,6.0400
885408.3800,0,3.1480,6.7330,6.0950
885458.3620,0,3.1300,6.7860,6.0880
885508.3360,0,3.1580,6.7440,6.0480
885558.3110,0,3.1670,6.7460,6.0240
885608.2880,0,3.1270,6.7430,6.0500
885658.2690,0,3.1380,6.7460,6.0880
885708.2480,0,3.1950,6.8240,6.0480
885758.2210,0,3.1200,6.8100,6.0530
885808.2000,0,3.1510,6.8180,6.0970
885858.1780,0,3.1570,6.8710,6.0670
885908.1590,0,3.1400,6.7960,6.1210
885958.1360,0,3.1910,6.7680,6.0530
886008.1100,0,3.0820,6.7930,6.0720
886058.0880,0,3.1780,6.7880,6.0840
886108.0660,0,3.1470,6.8010,6.0080
886158.0440,0,3.1640,6.7860,6.0680
886208.0210,0,3.1090,6.8490,6.1140
886257.9980,0,3.1980,6.8020,6.0740
886307.9770,0,3.1280,6.8210,6.0850
886357.9530,0,3.2050,6.7800,6.0180
886407.9310,0,3.1220,6.7800,6.0360
886457.9070,0,3.1650,6.8040,6.0980
886507.8850,0,3.1380,6.8640,6.0300
886557.8630,0,3.1230,6.8200,6.0570
886607.8420,0,3.1270,6.7600,6.0460
886657.8150,0,3.1180,6.7480,6.0450
886707.7920,0,3.1670,6.8170,6.0870
886757.7690,0,3.1470,6.8150,6.0710
886807.7510,0,3.1550,6.7920,6.0490
886857.7280,0,3.1310,6.7770,6.0650
886907.7040,0,3.1260,6.8470,6.0670
886957.6820,0,3.1680,6.8040,6.0700
887007.6580,0,3.1590,6.8510,6.0280
887057.6340,0,3.1230,6.7500,6.0340
887107.6120,0,3.1410,6.7900,6.0840
887157.5910,0,3.1470,6.8040,6.0500
887207.5680,0,3.1060,6.7960,6.0430
887257.5440,0,3.1650,6.7740,6.0780
887307.5250,0,3.1270,6.7590,5.9970
887357.5040,0,3.1480,6.7490,6.0610
887407.4810,0,3.1560,6.8010,6.0880
887457.4520,0,3.1490,6.7840,6.0810
887507.4350,0,3.1420,6.7680,6.0760
887557.4110,0,3.1880,6.8160,6.1130
887607.3910,0,3.1780,6.7510,6.0360
887657.3630,0,3.1720,6.7630,6.0690
887707.3470,0,3.1720,6.7420,6.0440
887757.3240,0,3.1220,6.7390,6.0610
887807.2980,0,3.1640,6.7770,6.1020
887857.2790,0,3.1540,6.7970,6.0350
887907.2540,0,3.1140,6.8050,6.0590
887957.2340,0,3.1520,6.7800,6.0490
888007.2080,0,3.1520,6.7270,6.0230
888057.1890,0,3.1590,6.7580,6.0900
888107.1630,0,3.1380,6.7530,6.0840
888157.1460,0,3.1270,6.7030,6.0450
888207.1200,0,3.1340,6.7480,6.0450
888257.1020,0,3.1650,6.7170,6.0920
888307.0750,0,3.1400,6.6890,6.0660
888357.0580,0,3.1260,6.7120,6.0600
888407.0350,0,3.1310,6.7530,6.0410
888457.0070,0,3.1500,6.7150,6.0670
888506.9840,0,3.0940,6.6780,6.0810
888556.9650,0,3.1520,6.6530,6.0880
888606.9440,0,3.1550,6.6610,6.1170
888656.9240,0,3.1210,6.6600,6.0570
888706.8990,0,3.1140,6.7110,6.0940
888756.8760,0,3.1380,6.6710,6.0530
888806.8570,0,3.1300,6.6840,6.0700
888856.8300,0,3.1630,6.6770,6.0800
888906.8130,0,3.1350,6.6350,6.1110
888956.7840,0,3.1620,6.6660,6.0470
889006.7680,0,3.1920,6.7130,6.0240
889056.7410,0,3.1380,6.6820,6.0500
889106.7230,0,3.1870,6.6900,6.0610
889156.7020,0,3.1300,6.7080,6.0680
889206.6760,0,3.1220,6.6270,6.0490
889256.6560,0,3.1910,6.6800,6.0500
889306.6340,0,3.1810,6.6760,6.1090
889356.6080,0,3.1570,6.6580,6.0630
889406.5880,0,3.1650,6.6850,6.0870
889456.5630,0,3.1730,6.6960,6.0990
889506.5450,0,3.1260,6.7370,6.0390
889556.5240,0,3.1540,6.7340,6.0970
889606.4990,0,3.2070,6.6900,6.0470
889656.4800,0,3.1710,6.6500,6.1000
889706.4530,0,3.1560,6.6610,6.0600
889756.4330,0,3.1450,6.6350,6.0580
889806.4080,0,3.1760,6.6520,6.0610
889856.3880,0,3.1180,6.6440,6.0520
889906.3660,0,3.1850,6.6700,5.9980
889956.3400,0,3.1860,6.7160,6.0640
890006.3230,0,3.1480,6.7050,6.0760
890056.3010,0,3.1990,6.6710,6.0410
890106.2740,0,3.1720,6.7200,6.0500
890156.2550,0,3.1800,6.6740,6.0600
890206.2310,0,3.1300,6.6270,6.0520
890256.2130,0,3.1060,6.6790,6.0830
890306.1900,0,3.1510,6.7550,6.0770
890356.1670,0,3.1800,6.7580,6.0750
890406.1430,0,3.1420,6.7290,6.0750
890456.1230,0,3.1230,6.6740,6.0800
890506.0980,0,3.1320,6.6590,6.0540
890556.0760,0,3.1600,6.7030,6.0110
890606.0570,0,3.1670,6.6920,6.0460
890656.0290,0,3.1500,6.6660,6.0570
890706.0130,0,3.1180,6.7170,6.0580
890755.9890,0,3.1340,6.7730,6.0540
890805.9670,0,3.1830,6.7430,6.0740
890855.9410,0,3.1640,6.7880,6.0560
890905.9190,0,3.1360,6.8180,6.0530
890955.8970,0,3.1520,6.7700,6.0300
891005.8750,0,3.1700,6.7610,6.0990
891055.8570,0,3.1360,6.7840,6.1090
891105.8300,0,3.1820,6.7810,6.0380
891155.8060,0,3.1440,6.7910,6.0950
891205.7840,0,3.1720,6.8090,6.0780
891255.7630,0,3.1490,6.8360,6.0720
891305.7400,0,3.1720,6.8490,6.0450
891355.7180,0,3.1420,6.8640,6.1100
891405.7010,0,3.1860,6.8190,6.0650
891455.6780,0,3.1620,6.8090,6.0600
891505.6540,0,3.1370,6.8370,6.0590
891555.6310,0,3.1360,6.8470,6.0870
891605.6110,0,3.1310,6.8200,6.0300
891655.5910,0,3.1360,6.8600,6.0890
891705.5640,0,3.1540,6.8320,6.0580
891755.5430,0,3.1580,6.8890,6.1010
891805.5210,0,3.1360,6.8730,6.0840
891855.4950,0,3.1250,6.8980,6.0820
891905.4750,0,3.1330,6.8430,6.0650
891955.4550,0,3.1190,6.9420,6.1130
892005.4300,0,3.1460,6.8870,6.0410
892055.4070,0,3.1330,6.8960,6.0420
892105.3870,0,3.1620,6.9000,6.0650
892155.3690,0,3.0880,6.8920,6.0710
892205.3400,0,3.1220,6.9070,6.0720
892255.3220,0,3.1270,6.8660,6.1090
892305.2960,0,3.1070,6.9060,6.0750
892355.2770,0,3.1260,6.9200,6.0240
892405.2560,0,3.0930,6.9360,6.0220
892455.2290,0,3.1780,6.8920,6.0880
892505.2090,0,3.1090,6.9050,6.0650
892555.1890,0,3.1630,6.9130,6.0610
892605.1640,0,3.1460,6.9310,6.0220
892655.1400,0,3.1090,6.9330,6.0650
892705.1240,0,3.1360,6.9010,6.0830
892755.1010,0,3.1670,6.9610,6.0390
892805.0740,0,3.1100,6.9900,6.0470
892855.0550,0,3.1310,7.0060,6.0510
892905.0330,0,3.1270,6.9670,6.0730
892955.0090,0,3.1280,6.9720,6.0670
893004.9900,0,3.1270,6.9810,6.1080
893054.9670,0,3.1010,6.9200,6.0340
893104.9420,0,3.1240,6.9200,6.0700
893154.9200,0,3.1570,6.9680,6.0520
893204.8980,0,3.1500,6.9770,6.0840
893254.8780,0,3.1130,6.9240,6.0790
893304.8550,0,3.1250,6.9400,6.0380
893354.8290,0,3.1410,6.9390,6.0620
893404.8080,0,3.1400,6.9620,6.0170
893454.7850,0,3.1400,6.9000,6.0520
893504.7670,0,3.1290,6.9110,6.0620
893554.7400,0,3.1580,6.9470,6.0670
893604.7170,0,3.1260,6.9090,6.0570
893654.6980,0,3.1250,6.8730,6.0350
893704.6750,0,3.1080,6.8350,6.0510
893754.6500,0,3.1280,6.9290,6.0660
893804.6310,0,3.1210,6.9060,6.0760
893854.6120,0,3.1320,6.9160,6.0320
893904.5850,0,3.0990,6.8860,6.0810
893954.5630,0,3.1620,6.9040,6.0650
894004.5460,0,3.1260,6.8560,6.0490
894054.5180,0,3.1090,6.8850,6.0550
894104.5010,0,3.1380,6.9210,6.0690
894154.4730,0,3.1320,6.8720,6.0630
894204.4540,0,3.0970,6.8570,6.0840
894254.4310,0,3.1580,6.8420,6.0410
894304.4090,0,3.1130,6.8760,6.0630
894354.3840,0,3.1390,6.8430,6.1250
894404.3610,0,3.0970,6.8350,6.0470
894454.3410,0,3.1910,6.8600,6.0570
894504.3220,0,3.1390,6.8750,6.0890
894554.2990,0,3.1430,6.8360,6.0580
894604.2770,0,3.1370,6.8270,5.9920
894654.2560,0,3.1290,6.8730,6.0620
894704.2280,0,3.1690,6.8060,6.0910
894754.2120,0,3.0820,6.7630,6.0640
894804.1840,0,3.1550,6.7830,6.0240
894854.1640,0,3.1120,6.7890,6.0800
894904.1430,0,3.1500,6.7570,6.0260
894954.1180,0,3.1720,6.8150,6.0650
895004.0970,0,3.1310,6.7990,6.0560
895054.0780,0,3.1410,6.7810,6.0750
895104.0550,0,3.1550,6.7400,6.0190
895154.0310,0,3.1340,6.7810,6.0700
895204.0060,0,3.1240,6.7720,6.0750
895253.9890,0,3.1600,6.7850,6.0630
895303.9670,0,3.1250,6.7770,6.0260
895353.9400,0,3.1260,6.8500,6.0820
895403.9180,0,3.1580,6.8010,6.0480
895453.9000,0,3.1190,6.8330,6.0800
895503.8750,0,3.1190,6.8040,6.0410
895553.8550,0,3.1270,6.8090,6.0410
895603.8300,0,3.1440,6.8070,6.0910
895653.8120,0,3.1670,6.8800,6.0480
895703.7890,0,3.1110,6.8360,6.0840
895753.7640,0,3.1160,6.8540,6.0480
895803.7440,0,3.1480,6.8460,6.0620
895853.7180,0,3.1460,6.9050,6.0410
895903.7010,0,3.1090,6.8510,6.0430
895953.6740,0,3.1370,6.8510,6.0800
896003.6540,0,3.1110,6.8980,6.0520
896053.6280,0,3.1080,6.8730,6.0740
896103.6070,0,3.1660,6.8980,6.0510
896153.5880,0,3.1510,6.8830,6.0360
896203.5670,0,3.1560,6.8910,6.0900
896253.5420,0,3.0980,6.8640,6.0520
896303.5180,0,3.1150,6.8850,6.1020
896353.4960,0,3.0940,6.8730,6.0800
896403.4750,0,3.0970,6.8170,6.0120
896453.4520,0,3.1170,6.7220,6.0240
896503.4310,0,3.1290,6.8100,6.0630
896553.4120,0,3.0610,6.8380,6.1100
896603.3900,0,3.1540,6.8350,6.0510
896653.3670,0,3.1550,6.8340,6.0620
896703.3450,0,3.1310,6.8300,6.0670
896753.3190,0,3.1710,6.8620,6.0710
896803.2970,0,3.1640,6.8220,6.0840
896853.2760,0,3.1520,6.8090,6.0750
896903.2510,0,3.1100,6.9480,6.0710
896953.2290,0,3.1320,6.9560,6.0590
897003.2100,0,3.1360,6.9380,6.0740
897053.1900,0,3.1110,6.9270,6.0350
897103.1640,0,3.0950,6.8790,6.0590
897153.1390,0,3.1480,6.9050,6.0050
897203.1180,0,3.1320,6.9210,6.1020
897253.0970,0,3.1620,6.9150,6.0480
897303.0750,0,3.1630,6.9120,6.0550
897353.0510,0,3.1330,6.9220,6.0300
897403.0280,0,3.1260,6.9110,6.0900
897453.0120,0,3.1590,6.8880,6.0800
897502.9840,0,3.1040,6.8670,6.0560
897552.9630,0,3.1410,6.8900,6.0490
897602.9430,0,3.1620,6.9020,6.0540
897652.9190,0,3.1370,6.8650,6.0350
897702.9000,0,3.1620,6.8690,6.0480
897752.8750,0,3.1470,6.8920,6.0620
897802.8500,0,3.1560,6.8940,6.1010
897852.8300,0,3.1000,6.8800,6.0400
897902.8110,0,3.0940,6.9140,6.0670
897952.7840,0,3.1260,6.8710,6.0490
898002.7660,0,3.0940,6.8700,6.0390
898052.7410,0,3.1480,6.8880,6.0500
898102.7160,0,3.1300,6.8410,6.0850
898152.7000,0,3.1150,6.8440,6.0740
898202.6720,0,3.1060,6.8330,6.0380
898252.6530,0,3.1840,6.8900,6.0800
898302.6290,0,3.1020,6.8790,6.0490
898352.6090,0,3.1050,6.8850,6.0510
898402.5870,0,3.1630,6.8620,6.0190
898452.5670,0,3.1300,6.8510,6.0570
898502.5430,0,3.1820,6.8350,6.0580
898552.5210,0,3.1730,6.7910,6.0720
898602.4990,0,3.1680,6.8070,6.0500
898652.4730,0,3.1130,6.8040,6.0470
898702.4510,0,3.1520,6.7990,6.0510
898752.4310,0,3.1260,6.7180,6.1010
898802.4080,0,3.1440,6.7840,6.0830
898852.3830,0,3.1220,6.7430,6.0970
898902.3650,0,3.1310,6.8220,6.0680
898952.3420,0,3.1630,6.8140,6.0780
899002.3180,0,3.1410,6.7710,6.0500
899052.2950,0,3.1570,6.8240,6.0030
899102.2710,0,3.1440,6.7980,6.0610
899152.2510,0,3.1300,6.7890,6.0910
899202.2280,0,3.1030,6.8160,6.0700
899252.2090,0,3.1470,6.8360,6.0210
899302.1890,0,3.1810,6.7980,6.0810
899352.1660,0,3.1000,6.8310,6.0790
899402.1420,0,3.1620,6.8590,6.0560
899452.1210,0,3.1310,6.8350,6.0840
899502.0940,0,3.1180,6.8080,6.0160
899552.0770,0,3.1360,6.8670,6.0690
899602.0560,0,3.1530,6.8530,6.0280
899652.0330,0,3.1570,6.8450,6.0080
899702.0060,0,3.1220,6.9180,6.0440
899751.9830,0,3.0990,6.8690,6.0610
899801.9640,0,3.1580,6.8670,6.0600
899851.9400,0,3.1580,6.8720,6.0410
899901.9170,0,3.1620,6.9020,6.0500
899951.8950,0,3.1710,6.8640,6.0660
900001.8770,0,3.1280,6.8390,6.0870
900051.8500,0,3.1690,6.8760,6.0750
900101.8300,0,3.1530,6.8300,6.0390
900151.8070,0,3.1410,6.8280,6.1000
900201.7880,0,3.1300,6.8180,6.0290
900251.7640,0,3.1750,6.7910,6.0410
900301.7390,0,3.1160,6.7820,6.0530
900351.7230,0,3.1160,6.7660,6.0610
900401.7000,0,3.1650,6.7640,6.0510
900451.6730,0,3.1460,6.7290,6.0860
900501.6510,0,3.1210,6.7460,6.0310
900551.6340,0,3.1720,6.7450,6.1030
900601.6090,0,3.1380,6.7120,6.0990
900651.5840,0,3.1580,6.7280,6.0510
900701.5640,0,3.1170,6.6920,6.0870
900751.5420,0,3.1700,6.7210,6.0740
900801.5220,0,3.1690,6.7460,6.0970
900851.4960,0,3.1180,6.7860,6.0280
900901.4780,0,3.1630,6.7710,6.0790
900951.4530,0,3.1200,6.7180,6.0140
901001.4320,0,3.1570,6.7910,6.0800
901051.4100,0,3.1440,6.7950,6.0910
901101.3850,0,3.1630,6.7610,6.0280
901151.3620,0,3.1590,6.8080,6.0410
901201.3390,0,3.1230,6.8010,6.0240
901251.3220,0,3.1310,6.8260,6.0360
901301.2950,0,3.1500,6.8680,6.0460
901351.2750,0,3.1530,6.8740,6.0570
901401.2510,0,3.0990,6.8680,6.0830
901451.2320,0,3.1290,6.8960,6.0520
901501.2060,0,3.1740,6.9340,6.0270
901551.1850,0,3.1430,6.9050,6.0450
901601.1640,0,3.1100,6.9220,6.0670
901651.1400,0,3.1270,6.9390,6.0630
901701.1220,0,3.1520,6.9430,6.0380
901751.1010,0,3.1100,6.8560,6.0390
901801.0790,0,3.1550,6.9150,6.0800
901851.0540,0,3.1570,6.9080,6.0840
901901.0330,0,3.1640,6.7960,6.0870
901951.0090,0,3.1250,6.8940,6.1100
902000.9880,0,3.1570,6.8150,6.0890
902050.9630,0,3.1500,6.8390,6.0680
902100.9440,0,3.1280,6.8120,6.0040
902150.9190,0,3.1490,6.8110,6.0140
902200.8970,0,3.1400,6.8850,6.0550
902250.8770,0,3.1860,6.8050,6.0820
902300.8520,0,3.1450,6.8170,6.0550
902350.8300,0,3.1080,6.8590,6.0180
902400.8100,0,3.1540,6.8330,6.0510
902450.7880,0,3.1180,6.8550,6.0560
902500.7670,0,3.1420,6.8690,6.0650
902550.7450,0,3.1150,6.8640,6.0410
902600.7230,0,3.1370,6.9250,6.0530
902650.7000,0,3.1440,6.9040,6.0660
902700.6730,0,3.1390,6.8700,6.0540
902750.6560,0,3.1090,6.9070,6.0350
902800.6290,0,3.1520,6.8840,6.0940
902850.6090,0,3.0950,6.8870,6.0600
902900.5890,0,3.1370,6.9450,6.0710
902950.5630,0,3.1630,6.8460,6.0690
903000.5410,0,3.1420,6.9250,6.0910
903050.5220,0,3.1410,6.9050,6.0600
903100.5020,0,3.1170,6.9250,6.0850
903150.4790,0,3.0990,6.8910,6.0750
903200.4530,0,3.1240,6.9000,6.0330
903250.4330,0,3.1720,6.9250,6.1040
903300.4120,0,3.1400,6.9140,6.0400
903350.3900,0,3.1510,6.9530,6.0590
903400.3630,0,3.1300,6.9500,6.0710
903450.3450,0,3.1260,6.9850,6.0720
903500.3220,0,3.0900,6.9280,6.0610
903550.2970,0,3.0940,6.9010,6.0280
903600.2780,0,3.1560,6.8850,6.0680
903650.2520,0,3.1210,6.8990,6.0770
903700.2300,0,3.1330,6.8440,6.1090
903750.2070,0,3.1120,6.8220,6.0460
903800.1880,0,3.1240,6.8160,5.9980
903850.1670,0,3.1720,6.8690,6.0900
903900.1420,0,3.1510,6.8550,6.0880
903950.1200,0,3.1290,6.9000,6.0750
904000.0970,0,3.1080,6.8490,6.0680
904050.0740,0,3.1370,6.8760,6.0730
904100.0560,0,3.1390,6.8780,6.0480
904150.0310,0,3.1320,6.8990,6.0450
904200.0120,0,3.1570,6.9060,6.0180
904249.9860,0,3.1420,6.8810,6.0820
904299.9670,0,3.1360,6.8750,6.0240
904349.9460,0,3.1640,6.8530,6.0180
904399.9230,0,3.0970,6.9240,6.0490
904449.9010,0,3.1180,6.9080,6.0790
904499.8750,0,3.0810,6.8670,6.0450
904549.8510,0,3.1100,6.9110,6.0690
904599.8340,0,3.1170,6.9000,6.0880
904649.8130,0,3.1860,6.8960,6.0430
904699.7910,0,3.1200,6.9310,6.0470
904749.7650,0,3.0890,6.9460,6.0430
904799.7450,0,3.0960,6.9600,6.0640
904849.7220,0,3.1250,6.9950,6.0940
904899.7000,0,3.1280,7.0150,6.0260
904949.6800,0,3.1350,6.9390,6.0570
904999.6570,0,3.1410,6.9930,6.0020
905049.6330,0,3.1160,6.9220,6.0660
905099.6080,0,3.1760,6.9980,6.0520
905149.5860,0,3.1230,6.9770,6.0830
905199.5680,0,3.1490,6.8800,6.0910
905249.5440,0,3.1070,6.8950,6.0830
905299.5220,0,3.1380,6.9210,6.0600
905349.4970,0,3.1210,6.9090,6.0860
905399.4770,0,3.1430,6.8870,6.0420
905449.4560,0,3.1490,6.8700,6.0520
905499.4350,0,3.1310,6.9320,6.0920
905549.4130,0,3.1100,6.9400,6.0470
905599.3870,0,3.1160,6.9610,6.0670
905649.3670,0,3.1250,6.8860,6.0610
905699.3450,0,3.1090,6.9330,6.0470
905749.3240,0,3.1090,6.9610,6.0680
905799.2980,0,3.1070,6.9280,6.1090
905849.2740,0,3.1330,6.8820,6.0150
905899.2560,0,3.1270,6.8910,6.0630
905949.2330,0,3.1050,6.9460,6.0570
905999.2090,0,3.1690,6.9420,6.0580
906049.1860,0,3.1210,6.8830,6.0600
906099.1630,0,3.1240,6.8400,6.0930
906149.1410,0,3.1050,6.9160,6.1120
906199.1230,0,3.1160,6.8380,6.0120
906249.0990,0,3.1200,6.8120,6.1080
906299.0770,0,3.1180,6.7960,6.0620
906349.0530,0,3.1180,6.8350,6.0850
906399.0330,0,3.1370,6.8070,6.0340
906449.0090,0,3.1380,6.8270,6.0850
906498.9900,0,3.1730,6.8680,6.0260
906548.9640,0,3.1780,6.8340,6.1300
906598.9460,0,3.1300,6.8670,6.0850
906648.9200,0,3.1340,6.8210,6.0400
906698.8970,0,3.1310,6.8380,6.0840
906748.8790,0,3.1220,6.8710,6.1160
906798.8530,0,3.1070,6.8590,6.0400
906848.8330,0,3.1050,6.9100,6.0290
906898.8130,0,3.1420,6.9020,6.0470
906948.7880,0,3.1320,6.8940,6.0600
906998.7680,0,3.1040,6.9460,6.0570
907048.7470,0,3.1630,6.9310,6.0670
907098.7220,0,3.1250,6.8900,6.1070
907148.7020,0,3.1320,6.8770,6.0520
907198.6760,0,3.1080,6.8750,6.0590
907248.6580,0,3.1690,6.9290,6.0740
907298.6320,0,3.1300,6.9410,6.0610
907348.6090,0,3.1250,6.9700,6.0820
907398.5890,0,3.1460,6.9850,6.0430
907448.5650,0,3.1170,6.9760,6.1050
907498.5430,0,3.1490,6.9800,6.0710
907548.5230,0,3.1660,6.9540,6.0650
907598.4990,0,3.1170,6.9530,6.0420
907648.4810,0,3.1720,6.9140,6.1270
907698.4540,0,3.1120,6.9870,6.0530
907748.4320,0,3.1450,6.9300,6.0640
907798.4140,0,3.0850,6.9110,6.1000
907848.3890,0,3.1280,6.9030,6.0510
907898.3680,0,3.1490,6.9180,6.0430
907948.3450,0,3.0890,6.9480,6.0920
907998.3250,0,3.1180,6.9350,6.0810
908048.3030,0,3.1500,6.9630,6.0260
908098.2750,0,3.1000,6.9640,6.0410
908148.2520,0,3.1110,6.9910,6.0820
908198.2320,0,3.0880,6.9690,6.0440
908248.2140,0,3.1480,6.9250,6.0920
908298.1860,0,3.1200,6.9630,6.0550
908348.1640,0,3.1220,6.9090,6.0410
908398.1420,0,3.1100,6.9060,6.0490
908448.1200,0,3.1060,6.8990,6.0990
908498.1000,0,3.1220,6.9090,6.0700
908548.0760,0,3.1340,6.9360,6.0610
908598.0530,0,3.1390,6.9200,6.0820
908648.0350,0,3.1050,6.9140,6.0760
908698.0090,0,3.1260,6.8790,6.0710
908747.9890,1,3.1140,6.8890,6.0600
908797.9670,0,3.1350,6.9170,6.1000
908847.9450,2,3.1320,6.9070,6.0770
908897.9250,0,3.1260,6.8870,6.0670
908947.9000,1,3.1370,6.9050,6.0820
908997.8780,0,3.1300,6.9000,6.0500
909047.8530,2,3.1470,6.9210,6.0840
909097.8320,0,3.1120,6.8600,6.0680
909147.8150,1,3.1730,6.8420,6.0640
909197.7890,0,3.1240,6.8950,6.0490
909247.7650,2,3.1560,6.8210,6.1120
909297.7430,0,3.1060,6.9090,6.0370
909347.7220,1,3.1410,6.8970,6.0350
909397.7030,0,3.1580,6.8340,6.0630
909447.6770,2,3.1470,6.8630,6.0690
909497.6590,0,3.1500,6.7930,6.0080
909547.6360,1,3.1420,6.8150,6.0870
909597.6140,0,3.1520,6.7670,6.0900
909647.5930,2,3.1480,6.7280,6.0320
909697.5670,0,3.1250,6.7440,6.0510
909747.5480,1,3.1750,6.7330,6.0280
909797.5260,0,3.1230,6.7870,6.1010
909847.5020,2,3.1550,6.7500,6.0770
909897.4810,0,3.1580,6.7230,6.0590
909947.4560,1,3.1570,6.7160,5.9960
909997.4370,0,3.1290,6.7470,6.0500
910047.4140,2,3.1330,6.7640,6.0820
910097.3900,0,3.1500,6.7400,6.0110
910147.3650,1,3.1170,6.7080,6.0880
910197.3460,0,3.1200,6.6810,6.0910
910247.3250,2,3.1040,6.6990,6.0230
910297.3030,0,3.1520,6.7190,6.0470
910347.2780,1,3.1690,6.7090,6.0410
910397.2540,0,3.1660,6.7030,6.0400
910447.2340,2,3.1040,6.6740,6.0850
910497.2130,0,3.1270,6.7280,6.0530
910547.1910,1,3.1100,6.7590,6.0550
910597.1660,0,3.1010,6.7550,6.0270
910647.1440,2,3.1390,6.7440,6.0830
910697.1200,0,3.1060,6.7210,6.0460
910747.1000,1,3.0980,6.7270,6.0520
910797.0790,0,3.1130,6.6720,6.0610
910847.0570,2,3.1840,6.7030,6.0560
910897.0330,0,3.1200,6.6640,6.0480
910947.0130,1,3.1650,6.6770,6.0790
910996.9900,0,3.1510,6.6910,6.0500
911046.9670,2,3.1840,6.7420,6.1240
911096.9470,0,3.1630,6.7210,6.0710
911146.9210,1,3.1470,6.7190,6.0520
911196.9010,0,3.1540,6.6730,6.0700
911246.8810,2,3.1900,6.7290,6.0800
911296.8540,0,3.1340,6.6670,6.0540
911346.8340,1,3.1280,6.6900,6.0560
911396.7950,0,3.1610,6.6750,6.0970
911446.7870,2,3.1390,6.7760,6.0660
911496.7660,0,3.1440,6.7360,6.0770
911546.7470,1,3.1430,6.7490,6.0650
911596.7240,0,3.1500,6.7610,6.0630
911646.7040,2,3.1680,6.7080,6.0260
911696.6800,0,3.1240,6.7090,6.0430
911746.6560,1,3.1430,6.7070,6.0960
911796.6380,0,3.1540,6.7260,6.0570
911846.6120,2,3.1400,6.7970,6.1100
911896.5900,0,3.1560,6.7200,6.0710
911946.5740,1,3.1350,6.7340,6.0320
911996.5470,0,3.1010,6.7350,6.0470
912046.5270,2,3.1270,6.7430,6.0730
912096.5050,0,3.1650,6.7280,6.0830
912146.4840,1,3.1750,6.7770,6.0440
912196.4620,0,3.1480,6.7050,6.0270
912246.4380,2,3.1440,6.6990,6.0560
912296.4190,0,3.1320,6.7120,6.0530
912346.3960,1,3.1360,6.7390,6.0810
912396.3720,0,3.1630,6.7460,6.0530
912446.3550,2,3.1240,6.7810,6.0660
912496.3290,0,3.1050,6.7370,6.0410
912546.3110,1,3.1390,6.7140,6.0610
912596.2890,0,3.1560,6.6630,6.0100
912646.2690,2,3.1970,6.7390,6.0290
912696.2430,0,3.1310,6.7240,6.0390
912746.2240,1,3.1620,6.7380,6.0820
912796.2040,0,3.1240,6.7620,6.0660
912846.1760,2,3.1440,6.7590,6.0940
912896.1560,0,3.1230,6.7790,6.0420
912946.1350,1,3.1480,6.7220,6.0380
912996.1120,0,3.1580,6.7400,6.0680
913046.0880,2,3.1300,6.7030,6.0610
913096.0700,0,3.1660,6.7050,6.0510
913146.0510,1,3.1460,6.7100,6.0800
913196.0250,0,3.1800,6.7250,6.0720
913246.0050,2,3.1380,6.7450,6.0710
913295.9830,0,3.1400,6.7470,6.0540
913345.9600,1,3.1490,6.7640,6.0480
913395.9360,0,3.1260,6.7660,6.0640
913445.9190,2,3.1230,6.8090,6.0760
913495.8960,0,3.1880,6.7850,6.0870
913545.8770,1,3.1400,6.7670,6.0430
913595.8500,0,3.1600,6.8060,6.0680
913645.8300,2,3.1170,6.8530,6.0420
913695.8100,0,3.1780,6.8970,6.0610
913745.7890,1,3.0890,6.9420,6.0640
913795.7680,0,3.1570,6.8360,6.0880
913845.7420,2,3.1510,6.8760,6.0470
913895.7190,0,3.0680,6.8940,6.0350
913945.6990,1,3.1600,6.8490,6.0590
913995.6760,0,3.1610,6.8540,6.0990
914045.6540,2,3.1540,6.8500,6.0560
914095.6350,0,3.1610,6.8390,5.9890
914145.6110,1,3.1040,6.8740,6.0950
914195.5930,0,3.1240,6.8390,6.0200
914245.5690,2,3.1270,6.7760,6.1010
914295.5480,0,3.1150,6.8180,6.0680
914345.5240,1,3.1290,6.7990,6.0440
914395.5000,0,3.1010,6.7900,6.0720
914445.4810,2,3.1500,6.8050,6.0740
914495.4610,0,3.0860,6.7990,6.0460
914545.4390,1,3.1290,6.7520,6.0600
914595.4120,0,3.1350,6.7560,6.0710
914645.3910,2,3.1400,6.6910,6.0220
914695.3750,0,3.1490,6.7310,6.0540
914745.3500,1,3.1020,6.7470,6.1080
914795.3290,0,3.1510,6.7590,6.0570
914845.3060,2,3.1110,6.7580,6.0120
914895.2830,0,3.1210,6.7640,6.0480
914945.2640,1,3.1460,6.7370,6.0550
914995.2430,0,3.1210,6.8160,6.0110
915045.2160,2,3.1410,6.7510,6.0810
915095.1950,0,3.1270,6.7920,6.0740
915145.1750,1,3.1630,6.7910,6.0520
915195.1540,0,3.1460,6.7830,6.0380
915245.1330,2,3.1220,6.8050,6.0420
915295.1090,0,3.1410,6.8110,6.0820
915345.0880,1,3.1370,6.7750,6.0800
915395.0700,0,3.1240,6.7560,6.0690
915445.0480,2,3.1240,6.7800,6.0230
915495.0200,0,3.1220,6.7840,6.0340
915545.0020,1,3.1180,6.8370,6.0400
915594.9770,0,3.0940,6.8520,6.0380
915644.9600,2,3.1560,6.8040,6.0820
915694.9380,0,3.1000,6.8040,6.0810
915744.9150,1,3.1330,6.7410,6.0520
915794.8910,0,3.1190,6.7590,6.0710
915844.8700,2,3.1830,6.7640,6.0670
915894.8510,0,3.1540,6.7620,6.0510
915944.8290,1,3.1230,6.7460,6.0600
915994.8020,0,3.1310,6.7230,6.0860
916044.7800,2,3.1310,6.7410,6.0300
916094.7650,0,3.1390,6.6840,6.0690
916144.7370,1,3.1450,6.6700,6.0600
916194.7160,0,3.1430,6.6800,6.0400
916244.6990,2,3.1150,6.7150,6.0810
916294.6770,0,3.1230,6.7150,6.0860
916344.6550,1,3.0980,6.7260,6.0380
916394.6290,0,3.1260,6.7170,6.0620
916444.6120,2,3.1570,6.7190,6.0500
916494.5870,0,3.1410,6.7130,6.0800
916544.5620,1,3.1360,6.6880,6.0590
916594.5450,0,3.1290,6.7160,6.0710
916644.5210,2,3.1790,6.7150,6.0640
916694.5000,0,3.1470,6.6550,6.0490
916744.4780,1,3.1680,6.7160,6.0430
916794.4570,0,3.1750,6.7100,6.0760
916844.4340,2,3.1710,6.6940,6.0520
916894.4120,0,3.1590,6.7020,6.0300
916944.3930,1,3.1460,6.6440,6.0510
916994.3700,0,3.1530,6.6230,6.0300
917044.3500,2,3.1190,6.6900,6.0750
917094.3220,0,3.1510,6.6130,6.0630
917144.3020,1,3.1080,6.6670,6.0390
917194.2830,0,3.1510,6.6170,6.0480
917244.2630,2,3.1520,6.6280,6.0620
917294.2370,0,3.1370,6.6710,6.0860
917344.2140,1,3.1250,6.6590,6.0400
917394.1950,0,3.1110,6.6480,6.1150
917444.1730,2,3.1210,6.6910,6.0640
917494.1540,0,3.1580,6.6520,6.0730
917544.1280,1,3.1270,6.6460,6.0580
917594.1080,0,3.1090,6.6740,6.0430
917644.0830,2,3.1610,6.6200,6.0250
917694.0630,0,3.1610,6.6510,6.0760
917744.0430,1,3.1350,6.6920,6.0420
917794.0200,0,3.1820,6.6290,6.0640
917843.9970,2,3.1030,6.6610,6.0940
917893.9770,0,3.1600,6.6330,6.0690
917943.9550,1,3.1200,6.7050,6.0920
917993.9320,0,3.1190,6.6790,6.0780
918043.9110,2,3.1440,6.6380,6.0750
918093.8920,0,3.1430,6.6630,6.0460
918143.8650,1,3.1410,6.6920,6.0870
918193.8480,0,3.1490,6.6920,6.0840
918243.8260,2,3.1040,6.6580,6.0500
918293.8010,0,3.0810,6.6610,6.0240
918343.7770,1,3.1570,6.6860,6.0730
918393.7570,0,3.1420,6.7120,6.0880
918443.7350,2,3.1380,6.7100,6.0790
918493.7160,0,3.1380,6.7090,6.0750
918543.6940,1,3.1640,6.6730,6.0430
918593.6680,0,3.1460,6.6810,6.0560
918643.6500,2,3.1470,6.6790,6.0230
918693.6250,0,3.1470,6.7200,6.0800
918743.6060,1,3.1650,6.6600,6.0950
918793.5860,0,3.1670,6.6380,6.0870
918843.5600,2,3.1150,6.6910,6.0790
918893.5410,0,3.1160,6.6610,6.0290
918943.5210,1,3.0900,6.6510,6.0760
918993.4980,0,3.1560,6.6420,6.0780
919043.4740,2,3.1660,6.6340,6.0890
919093.4510,0,3.1440,6.5790,6.0450
919143.4320,1,3.1380,6.6320,6.0940
919193.4080,0,3.1690,6.5900,6.0080
919243.3860,2,3.1300,6.6400,6.0680
919293.3690,0,3.1470,6.6470,6.0470
919343.3440,1,3.1590,6.6740,6.0400
919393.3260,0,3.1420,6.6800,6.0740
919443.3000,2,3.1520,6.6790,6.0250
919493.2810,0,3.1370,6.7340,6.0690
919543.2590,1,3.1400,6.6470,6.0430
919593.2370,0,3.1530,6.6400,6.0800
919643.2150,2,3.1650,6.6880,6.0600
919693.1950,0,3.1610,6.6660,6.0730
919743.1730,1,3.1130,6.6910,6.0350
919793.1480,0,3.1270,6.6890,6.0680
919843.1240,2,3.1540,6.6970,6.0760
919893.1010,0,3.1480,6.6930,6.0530
919943.0820,1,3.1610,6.6940,6.1090
919993.0580,0,3.1570,6.7260,6.0370
920043.0410,2,3.1600,6.6810,6.0520
920093.0160,0,3.1940,6.7200,6.1000
920142.9940,1,3.1380,6.6690,6.1020
920192.9730,0,3.1440,6.6440,6.0680
920242.9540,2,3.1420,6.6310,6.0440
920292.9320,0,3.1440,6.6960,6.0530
920342.9100,1,3.1880,6.6940,6.0990
920392.8890,0,3.1710,6.6450,6.0660
920442.8630,2,3.1590,6.6720,6.0660
920492.8400,0,3.1750,6.7170,6.0340
920542.8190,1,3.1570,6.6850,6.0680
920592.8000,0,3.1980,6.6700,6.0120
920642.7790,2,3.1580,6.6870,6.0770
920692.7560,0,3.1000,6.6960,6.0490
920742.7330,1,3.1610,6.7360,6.0710
920792.7120,0,3.1550,6.7400,6.0820
920842.6880,2,3.1760,6.7460,6.0570
920892.6670,0,3.1320,6.8130,6.0150
920942.6460,1,3.1420,6.8470,6.0660
920992.6260,0,3.1710,6.8830,6.0530
921042.6060,2,3.1220,6.8760,6.0760
921092.5810,0,3.1450,6.8090,6.1100
921142.5590,1,3.1140,6.8420,6.0440
921192.5370,0,3.1610,6.7910,6.0590
921242.5130,2,3.0920,6.8190,6.0710
921292.4950,0,3.1030,6.8440,6.0790
921342.4740,1,3.1160,6.8280,6.0750
921392.4490,0,3.1470,6.7360,6.0100
921442.4270,2,3.1270,6.7990,6.0550
921492.4070,0,3.1290,6.7580,6.0140
921542.3830,1,3.1040,6.7290,6.0950
921592.3660,0,3.1290,6.8230,6.0550
921642.3420,2,3.1430,6.8030,6.0970
921692.3190,0,3.1210,6.7370,6.0870
921742.2940,1,3.1370,6.7470,6.0910
921792.2760,0,3.1480,6.7740,6.0470
921842.2510,2,3.1620,6.7180,6.0810
921892.2340,0,3.1240,6.7290,6.0760
921942.2110,1,3.1540,6.7240,6.0710
921992.1900,0,3.1390,6.7810,6.0800
922042.1710,2,3.1650,6.7400,6.0680
922092.1430,0,3.1230,6.7140,6.1010
922142.1200,1,3.1170,6.7150,6.0880
922192.1000,0,3.1150,6.6610,6.0930
922242.0800,2,3.1460,6.6660,6.0420
922292.0550,0,3.1240,6.6540,6.0710
922342.0360,1,3.1330,6.6420,6.0400
922392.0130,0,3.1440,6.6570,6.1050
922441.9890,2,3.1210,6.7220,6.1070
922491.9700,0,3.1350,6.7080,6.1260
922541.9480,1,3.1300,6.7200,6.0760
922591.9290,0,3.1420,6.7010,6.1000
922641.9040,2,3.1410,6.6450,6.0530
922691.8860,0,3.1320,6.6360,6.0800
922741.8580,1,3.1110,6.6560,6.0670
922791.8400,0,3.1620,6.6250,6.0700
922841.8190,2,3.1410,6.6030,6.0440
922891.7940,0,3.1250,6.6450,6.0740
922941.7780,1,3.1720,6.6170,6.0490
922991.7550,0,3.1590,6.6940,6.0560
923041.7340,2,3.1280,6.6350,6.0300
923091.7080,0,3.1570,6.6530,6.1050
923141.6890,1,3.1580,6.6840,6.0760
923191.6680,0,3.1570,6.6270,6.0860
923241.6470,2,3.1080,6.6360,6.0410
923291.6200,0,3.1040,6.6440,6.0430
923341.6010,1,3.1450,6.6540,6.0890
923391.5760,0,3.1460,6.6520,6.0510
923441.5600,2,3.1530,6.5830,6.0800
923491.5320,0,3.1680,6.6690,6.0750
923541.5140,1,3.1560,6.6110,6.0230
923591.4940,0,3.1140,6.6050,6.0020
923641.4670,2,3.1910,6.7050,6.0660
923691.4490,0,3.1080,6.7860,6.0200
923741.4230,1,3.0990,6.8320,6.0300
923791.3990,0,3.1360,6.8560,6.0800
923841.3800,2,3.1200,6.8690,6.0370
923891.3580,0,3.1030,6.8080,6.0530
923941.3360,1,3.0870,6.8180,6.0620
923991.3110,0,3.1630,6.7380,6.0620
924041.2910,2,3.1530,6.8100,6.0620
924091.2720,0,3.1400,6.8150,6.0470
924141.2440,1,3.1260,6.8570,6.0290
924191.2250,0,3.1530,6.7930,6.0630
924241.2000,2,3.1630,6.7840,6.0740
924291.1830,0,3.1400,6.8410,6.0870
924341.1580,1,3.1140,6.8000,6.0420
924391.1340,0,3.1430,6.7970,6.0450
924441.1100,2,3.1310,6.8270,6.0610
924491.0900,0,3.1100,6.8200,6.0840
924541.0700,1,3.1300,6.8450,6.0750
924591.0450,0,3.1340,6.8330,6.0960
924641.0260,2,3.1420,6.7960,6.0360
924691.0030,0,3.1170,6.8050,6.1390
924740.9830,0,3.1220,6.7570,6.1060
924790.9600,1,3.1270,6.8340,6.0530
924840.9350,2,3.1040,6.8030,6.0840
924890.9160,0,3.1250,6.7770,6.0940
924940.8890,1,3.1600,6.8270,6.0620
924990.8680,0,3.1460,6.7890,6.0720
925040.8500,2,3.1040,6.7520,6.0670
925090.8220,0,3.1400,6.7820,6.0430
925140.8060,0,3.1630,6.7260,6.0710
925190.7830,1,3.1760,6.7590,6.0880
925240.7620,2,3.1080,6.6980,6.0600
925290.7350,0,3.0900,6.7080,6.0520
925340.7160,1,3.1550,6.7000,6.0580
925390.6950,0,3.1390,6.7660,6.0480
925440.6670,2,3.1470,6.7750,6.0490
925490.6460,0,3.1400,6.7580,6.0440
925540.6280,0,3.1310,6.7730,6.0670
925590.6040,1,3.1580,6.7120,6.0550
925640.5790,2,3.1220,6.7540,6.0760
925690.5570,0,3.1780,6.6830,6.0400
925740.5390,0,3.1740,6.7240,6.0710
925790.5110,1,3.1210,6.6710,6.0130
925840.4910,2,3.1500,6.6960,6.0990
925890.4710,0,3.1300,6.6840,6.0410
925940.4450,1,3.1560,6.6690,6.0500
925990.4230,0,3.0840,6.7230,6.0490
926040.4060,2,3.1130,6.7000,6.0770
926090.3840,0,3.1490,6.6900,6.0830
926140.3580,0,3.1080,6.6910,6.0320
926190.3390,1,3.1540,6.7340,6.0540
926240.3120,2,3.1060,6.7130,6.0250
926290.2940,0,3.1780,6.6940,6.0260
926340.2730,1,3.1850,6.6750,6.0420
926390.2460,0,3.1420,6.6220,6.1020
926440.2270,2,3.1620,6.5940,6.0120
926490.2040,0,3.1490,6.5930,6.0470
926540.1810,0,3.1600,6.6780,6.0700
926590.1570,1,3.1370,6.6540,6.0500
926640.1370,2,3.1350,6.6740,6.0590
926690.1150,0,3.1230,6.6540,6.0300
926740.0950,1,3.1710,6.6570,6.0570
926790.0730,0,3.1420,6.7100,6.1040
926840.0480,2,3.1270,6.6540,6.0620
926890.0240,0,3.1320,6.6630,6.0790
926940.0020,0,3.1460,6.6170,6.0740
926989.9820,1,3.1530,6.6200,6.0430
927039.9610,2,3.1740,6.6390,6.0170
927089.9360,0,3.1730,6.6560,6.0620
927139.9160,1,3.1380,6.6250,6.0540
927189.8920,0,3.1440,6.5940,6.0420
927239.8690,0,3.1470,6.5960,6.0520
927289.8460,2,3.1060,6.6540,6.0610
927339.8240,0,3.1410,6.6340,6.0640
927389.8060,1,3.1380,6.6490,6.0360
927439.7810,2,3.1080,6.5980,6.0220
927489.7590,0,3.1570,6.6290,6.0290
927539.7380,1,3.1840,6.6490,6.0490
927589.7150,0,3.1590,6.6820,6.0360
927639.6960,0,3.1520,6.7290,6.0340
927689.6740,2,3.1700,6.6390,6.0700
927739.6510,0,3.1420,6.6330,6.0870
927789.6310,1,3.1410,6.6360,6.0810
927839.6020,2,3.1160,6.6150,6.0740
927889.5850,0,3.1810,6.6270,6.0560
927939.5600,1,3.1370,6.5760,6.0750
927989.5360,0,3.1590,6.6330,6.0080
928039.5160,0,3.1480,6.5930,6.0420
928089.4970,2,3.1590,6.6350,6.0060
928139.4740,0,3.1290,6.5620,6.0780
928189.4510,1,3.1450,6.6310,6.0440
928239.4300,2,3.1710,6.6260,6.0370
928289.4040,0,3.1610,6.6180,6.0690
928339.3810,1,3.1290,6.6210,6.0610
928389.3620,0,3.1760,6.6030,6.0430
928439.3390,0,3.1330,6.5950,6.0590
928489.3200,2,3.1260,6.6430,6.0390
928539.2920,0,3.1520,6.6010,6.0450
928589.2700,1,3.1300,6.6180,6.0650
928639.2470,2,3.1960,6.5660,6.0600
928689.2290,0,3.1240,6.5960,6.0820
928739.2030,0,3.1570,6.5960,6.0690
928789.1840,1,3.1490,6.5790,6.0640
928839.1600,0,3.1580,6.5770,6.0220
928889.1390,2,3.1890,6.6150,6.1000
928939.1180,0,3.1100,6.6200,6.0460
928989.0980,1,3.1550,6.6340,6.0610
929039.0720,2,3.1540,6.5970,6.0430
929089.0520,0,3.1900,6.6360,6.0570
929139.0290,0,3.1290,6.5990,6.0450
929189.0040,1,3.1560,6.6650,6.0530
929238.9820,0,3.1400,6.6380,6.0460
929288.9640,2,3.1670,6.6750,6.1020
929338.9420,0,3.1440,6.6780,6.0640
929388.9200,1,3.1490,6.7090,6.0310
929438.8950,2,3.1730,6.7440,6.0710
929488.8760,0,3.0870,6.7600,6.0600
929538.8500,0,3.1540,6.8070,6.0550
929588.8300,1,3.1320,6.8140,6.0580
929638.8070,0,3.1140,6.8270,6.0900
929688.7860,2,3.1210,6.7640,6.0530
929738.7600,0,3.0870,6.7910,6.0370
929788.7430,1,3.1600,6.7230,6.0530
929838.7150,2,3.1380,6.7900,6.0500
929888.6990,0,3.1500,6.7340,6.0590
929938.6720,0,3.1250,6.7590,6.0590
929988.6490,1,3.1520,6.8020,6.0290
930038.6290,0,3.1370,6.7470,6.0440
930088.6090,2,3.1570,6.7600,6.0760
930138.5870,0,3.1250,6.7970,6.0690
930188.5600,1,3.1240,6.7620,6.0950
930238.5430,0,3.1130,6.8370,6.0500
930288.5200,2,3.1380,6.7990,6.0630
930338.4970,0,3.1640,6.8000,6.0500
930388.4710,1,3.1590,6.7190,6.0680
930438.4520,0,3.1760,6.7620,6.0410
930488.4320,2,3.1810,6.8490,6.0640
930538.4090,0,3.1580,6.7680,6.0300
930588.3840,1,3.1050,6.7760,6.0820
930638.3620,0,3.1360,6.7350,6.0840
930688.3390,2,3.1390,6.7630,6.0330
930738.3200,0,3.1180,6.7150,6.0880
930788.2970,1,3.1260,6.7720,6.0430
930838.2770,0,3.1510,6.7440,6.0990
930888.2530,2,3.1460,6.7380,6.0270
930938.2280,0,3.1350,6.8090,6.0350
930988.2050,1,3.1160,6.7690,6.0430
931038.1830,0,3.1120,6.7020,6.0340
931088.1600,2,3.1050,6.6960,6.0250
931138.1440,0,3.1700,6.7280,6.0330
931188.1220,1,3.1510,6.7510,6.0650
931238.0940,0,3.1300,6.7760,6.0560
931288.0730,2,3.1280,6.7570,6.0900
931338.0520,0,3.1130,6.7970,6.0330
931388.0280,1,3.1260,6.7580,6.0370
931438.0070,0,3.0280,6.8280,6.0780
931487.9860,2,3.1690,6.7620,6.0680
931537.9660,0,3.1420,6.7880,6.0410
931587.9420,1,3.1800,6.8170,6.0670
931637.9200,0,3.1230,6.8310,6.0380
931687.8990,2,3.1400,6.8130,6.0430
931737.8720,0,3.1490,6.8480,6.0410
931787.8520,1,3.1440,6.8320,6.0610
931837.8300,0,3.1100,6.8290,6.0530
931887.8060,2,3.1790,6.7850,6.0860
931937.7830,0,3.1330,6.7470,6.0270
931987.7610,1,3.1690,6.7440,6.0280
932037.7390,0,3.1220,6.7620,6.0640
932087.7200,2,3.1530,6.7810,6.0130
932137.7000,0,3.1230,6.7930,6.0640
932187.6760,1,3.1450,6.7190,6.0480
932237.6520,0,3.1630,6.7990,6.0440
932287.6300,2,3.0950,6.8210,6.0790
932337.6090,0,3.1430,6.8030,6.0830
932387.5840,1,3.1190,6.8400,6.0950
932437.5630,0,3.1760,6.7950,6.0680
932487.5420,2,3.1240,6.7850,6.0510
932537.5170,0,3.1300,6.7670,6.0660
932587.4960,1,3.1170,6.7560,6.0780
932637.4780,0,3.1030,6.7630,6.0670
932687.4500,2,3.1600,6.7500,6.0450
932737.4290,0,3.1360,6.7130,6.0300
932787.4110,1,3.1740,6.7330,6.0580
932837.3830,0,3.0930,6.7390,6.0340
932887.3640,2,3.1360,6.7470,6.0540
932937.3430,0,3.1550,6.7440,6.0760
932987.3180,1,3.1400,6.6920,6.0910
933037.2990,0,3.1400,6.6670,6.0430
933087.2750,2,3.1040,6.7170,6.0090
933137.2500,0,3.1380,6.6930,6.0890
933187.2320,1,3.1210,6.6970,6.0470
933237.2090,0,3.1300,6.7160,6.0880
933287.1870,2,3.1690,6.6730,6.0730
933337.1620,0,3.1420,6.6830,6.0600
933387.1450,1,3.1560,6.6710,6.0440
933437.1180,0,3.1170,6.7310,6.0440
933487.1000,2,3.1560,6.6550,6.0790
933537.0760,0,3.1400,6.6610,6.0600
933587.0540,1,3.1540,6.6630,6.0290
933637.0330,0,3.1530,6.6700,6.0400
933687.0100,2,3.1250,6.7030,6.0740
933736.9880,0,3.1800,6.6750,6.0860
933786.9620,1,3.1250,6.6700,6.0620
933836.9450,0,3.1300,6.7150,6.0550
933886.9220,2,3.1500,6.6750,6.0840
933936.8970,0,3.1610,6.7600,6.0960
933986.8790,1,3.1680,6.7750,6.0520
934036.8570,0,3.1490,6.7800,6.0640
934086.8320,2,3.1410,6.7960,6.0600
934136.8080,0,3.1490,6.8000,6.0480
934186.7880,1,3.1600,6.7350,6.0310
934236.7660,0,3.1120,6.7600,6.0720
934286.7420,2,3.1180,6.7780,6.0690
934336.7210,0,3.1660,6.7620,6.0700
934386.6960,1,3.1550,6.7650,6.0220
934436.6770,0,3.1210,6.8130,6.0580
934486.6550,2,3.1520,6.8130,6.0260
934536.6350,0,3.1370,6.7800,6.0310
934586.6090,1,3.1590,6.7530,6.0470
934636.5840,0,3.1370,6.7700,6.0770
934686.5670,2,3.1410,6.7290,6.0520
934736.5440,0,3.1500,6.7320,6.0380
934786.5220,1,3.1540,6.7400,6.0400
934836.5020,0,3.1520,6.7510,6.1010
934886.4780,2,3.1540,6.6970,6.0570
934936.4560,0,3.1400,6.7090,6.0750
934986.4350,1,3.1500,6.7260,6.0130
935036.4090,0,3.1450,6.6910,6.0600
935086.3910,2,3.1590,6.6710,6.0810
935136.3660,0,3.1330,6.6240,6.0860
935186.3410,1,3.1560,6.6410,6.0330
935236.3190,0,3.1020,6.6990,6.0350
935286.2970,2,3.1250,6.6420,6.0920
935336.2750,0,3.1240,6.6430,6.0550
935386.2540,1,3.1350,6.7050,6.0650
935436.2300,0,3.1670,6.7180,6.0540
935486.2120,2,3.1240,6.7610,6.0500
935536.1860,0,3.1280,6.7090,6.0690
935586.1690,1,3.1150,6.6820,6.0750
935636.1450,0,3.1150,6.7190,6.0560
935686.1180,2,3.1580,6.6950,6.0460
935736.0980,0,3.1600,6.7130,6.0320
935786.0760,1,3.1290,6.7420,6.0930
935836.0500,0,3.1330,6.6740,6.0900
935886.0300,2,3.1400,6.7060,6.0290
935936.0110,0,3.0980,6.7440,6.0420
935985.9870,1,3.1210,6.7240,6.0650
936035.9620,0,3.1190,6.7250,6.0740
936085.9420,2,3.1450,6.6990,6.0700
936135.9210,0,3.1450,6.6940,6.0610
936185.8940,1,3.1610,6.6950,6.0560
936235.8750,0,3.1400,6.7090,5.9760
936285.8500,2,3.1560,6.6370,6.0690
936335.8310,0,3.1320,6.6770,6.0710
936385.8100,1,3.1470,6.7130,5.9810
936435.7840,0,3.1360,6.7640,6.0820
936485.7650,2,3.1700,6.7390,6.0810
936535.7380,0,3.1290,6.7510,6.0860
936585.7140,1,3.1370,6.7730,6.0370
936635.6960,0,3.1470,6.7390,6.0470
936685.6740,2,3.1600,6.7110,6.0380
936735.6530,0,3.1590,6.7750,6.0310
936785.6300,1,3.1380,6.7380,6.0570
936835.6080,0,3.1410,6.7110,6.0480
936885.5850,2,3.1610,6.6830,6.0660
936935.5630,0,3.1530,6.6860,6.0350
936985.5410,1,3.1530,6.6930,6.0470
937035.5190,0,3.1300,6.7240,6.0320
937085.4940,2,3.1270,6.7500,6.0460
937135.4710,0,3.1370,6.6990,6.0500
937185.4480,1,3.1420,6.6910,6.0140
937235.4240,0,3.1490,6.6720,6.0440
937285.4050,2,3.1310,6.6490,6.0110
937335.3850,0,3.1450,6.6750,6.1130
937385.3620,1,3.1670,6.6700,6.0670
937435.3390,0,3.1050,6.6910,6.0790
937485.3160,2,3.1110,6.6760,6.0370
937535.2890,0,3.1220,6.6680,6.0480
937585.2710,1,3.1760,6.6830,6.0120
937635.2490,0,3.1680,6.6710,6.0460
937685.2260,2,3.1230,6.6820,6.0390
937735.2030,0,3.1400,6.6950,6.0570
937785.1810,1,3.1380,6.6250,6.0430
937835.1560,0,3.1040,6.6630,6.0910
937885.1380,2,3.1680,6.6220,6.0950
937935.1130,0,3.1380,6.6570,6.0700
937985.0900,1,3.1400,6.5920,6.0630
938035.0660,0,3.1330,6.6700,6.0460
938085.0440,2,3.1890,6.6240,6.0520
938135.0200,0,3.1530,6.6180,6.0890
938184.9970,1,3.1560,6.6040,6.0370
938234.9780,0,3.1060,6.5980,6.0230
938284.9530,2,3.1480,6.6670,6.0990
938334.9340,0,3.1300,6.6290,6.0560
938384.9070,1,3.1290,6.6680,6.0830
938434.8850,0,3.1700,6.6670,6.0430
938484.8660,2,3.1560,6.6120,6.0640
938534.8440,0,3.1540,6.6190,6.0650
938584.8190,1,3.1280,6.6440,6.0520
938634.7980,0,3.1680,6.6510,6.0540
938684.7780,2,3.1580,6.6410,6.0670
938734.7530,0,3.1320,6.6520,6.0310
938784.7340,0,3.1360,6.7230,6.0080
938834.7090,0,3.1280,6.6450,6.0400
938884.6870,0,3.1420,6.7000,6.0530
938934.6640,0,3.1460,6.6140,6.0450
938984.6440,0,3.1820,6.6730,6.0370
939034.6230,0,3.1340,6.6980,6.0630
939084.5940,0,3.1450,6.6920,6.0890
939134.5730,0,3.1490,6.6290,6.0270
939184.5510,0,3.1040,6.6790,6.0430
939234.5310,0,3.1360,6.6370,6.0550
939284.5060,0,3.1680,6.6610,6.1130
939334.4840,0,3.1830,6.6450,6.0370
939384.4640,0,3.1210,6.6360,6.0550
939434.4430,0,3.1120,6.6790,6.0640
939484.4180,0,3.1520,6.6410,6.0640
939534.3980,0,3.1430,6.6880,6.0380
939584.3700,0,3.1350,6.6930,6.0850
939634.3500,0,3.1210,6.6960,6.0670
939684.3250,0,3.1320,6.7380,6.0300
939734.3080,0,3.1670,6.7140,6.1060
939784.2860,0,3.1220,6.7590,6.0860
939834.2640,0,3.1210,6.7210,6.0420
939884.2380,0,3.1550,6.8000,6.0810
939934.2140,0,3.1440,6.7560,6.0230
939984.1900,0,3.1550,6.7580,6.0710
940034.1710,0,3.1420,6.7210,6.0540
940084.1520,0,3.0900,6.6240,6.0580
940134.1240,0,3.1170,6.6150,6.0400
940184.1050,0,3.1330,6.6860,6.0620
940234.0840,0,3.1450,6.6470,6.0680
940284.0590,0,3.1720,6.6880,6.0790
940334.0340,0,3.1410,6.6660,6.0590
940384.0140,0,3.1380,6.6330,6.0300
940433.9890,0,3.1320,6.6960,6.0690
940483.9670,0,3.1630,6.6380,6.0580
940533.9450,0,3.0940,6.6620,6.0420
940583.9220,0,3.1680,6.6680,6.0370
940633.9020,0,3.1980,6.6320,6.0740
940683.8770,0,3.1330,6.6960,6.0690
940733.8590,0,3.1500,6.6640,6.0470
940783.8360,0,3.1700,6.6740,6.1040
940833.8120,0,3.1330,6.7000,6.0460
940883.7900,0,3.1870,6.6960,6.0540
940933.7670,0,3.1230,6.6780,6.0740
940983.7480,0,3.1430,6.6650,6.0570
941033.7200,0,3.1490,6.6000,6.0130
941083.7000,0,3.1280,6.6840,6.0390
941133.6760,0,3.1220,6.7050,6.0440
941183.6530,0,3.1210,6.6850,6.0480
941233.6310,0,3.1660,6.6520,6.0880
941283.6130,0,3.1530,6.6910,6.0780
941333.5910,0,3.1540,6.6520,6.0830
941383.5630,0,3.1380,6.6950,6.0610
941433.5440,0,3.1620,6.6430,6.0460
941483.5210,0,3.1690,6.6900,6.0670
941533.4960,0,3.1210,6.6700,6.0230
941583.4790,0,3.1290,6.7110,6.0530
941633.4510,0,3.1300,6.6670,6.0730
941683.4300,0,3.0770,6.6980,6.0200
941733.4110,0,3.1150,6.6910,6.0820
941783.3840,0,3.1320,6.6860,6.0500
941833.3650,0,3.1400,6.7130,6.0540
941883.3450,0,3.1140,6.7490,6.0620
941933.3200,0,3.1370,6.7450,6.0620
941983.2970,0,3.1080,6.7780,6.0760
942033.2770,0,3.1380,6.7760,6.0390
942083.2530,0,3.1720,6.7860,6.0390
942133.2290,0,3.1440,6.7090,6.0980
942183.2100,0,3.1600,6.7710,6.0400
942233.1850,0,3.1390,6.7320,6.0450
942283.1640,0,3.1580,6.7710,6.0850
942333.1400,0,3.1530,6.7870,6.0710
942383.1170,0,3.1620,6.7240,6.0450
942433.0930,0,3.1300,6.7360,6.0690
942483.0710,0,3.1570,6.7500,6.0470
942533.0510,0,3.1320,6.7440,6.0200
942583.0270,0,3.1060,6.7960,6.0120
942633.0050,0,3.1510,6.7680,6.0540
942682.9820,0,3.1040,6.7620,6.0190
942732.9620,0,3.1750,6.7720,6.0460
942782.9350,0,3.1370,6.7130,6.0860
942832.9160,0,3.1290,6.7460,6.0850
942882.8920,0,3.1040,6.7060,6.0960
942932.8740,0,3.1180,6.7150,6.0250
942982.8470,0,3.1380,6.7270,6.1170
943032.8290,0,3.1380,6.6540,6.0170
943082.8070,0,3.1590,6.6650,6.0880
943132.7820,0,3.1160,6.6140,6.0690
943182.7560,0,3.1480,6.6320,6.0500
943232.7380,0,3.2000,6.5870,6.0770
943282.7170,0,3.1390,6.7060,6.0910
943332.6920,0,3.1750,6.5970,6.0420
943382.6680,0,3.1210,6.6380,6.0360
943432.6430,0,3.1640,6.7130,6.0660
943482.6280,0,3.1500,6.6700,6.0560
943532.6010,0,3.1770,6.7160,6.0480
943582.5790,0,3.1670,6.7740,6.0640
943632.5550,0,3.1350,6.7660,6.0820
943682.5350,0,3.1420,6.7250,6.0920
943732.5130,0,3.1250,6.7160,6.0690
943782.4920,0,3.1140,6.6920,6.0660
943832.4700,0,3.1270,6.6590,6.0480
943882.4420,0,3.1600,6.6700,6.0790
943932.4200,0,3.1650,6.7200,6.1100
943982.4000,0,3.1550,6.6600,6.0190
944032.3780,0,3.1900,6.6830,6.0990
944082.3560,0,3.1560,6.7170,6.0670
944132.3340,0,3.1580,6.7280,6.0870
944182.3120,0,3.1240,6.7600,6.0500
944232.2860,0,3.1470,6.8250,6.0630
944282.2670,0,3.1650,6.7790,6.0720
944332.2470,0,3.1310,6.7480,6.0560
944382.2190,0,3.1290,6.7780,6.0780
944432.2020,0,3.1350,6.7620,6.0460
944482.1750,0,3.1220,6.7890,6.0370
944532.1530,0,3.1330,6.7590,6.0160
944582.1290,0,3.1500,6.7330,6.0410
944632.1070,0,3.1870,6.6600,6.0340
944682.0880,0,3.1620,6.7250,6.0690
944732.0640,0,3.1280,6.7460,6.1040
944782.0450,0,3.1690,6.7070,6.0620
944832.0220,0,3.2160,6.7260,6.0310
944881.9990,0,3.1460,6.7050,6.0660
944931.9750,0,3.1030,6.6750,6.1190
944981.9550,0,3.1240,6.6600,6.0610
945031.9310,0,3.1140,6.7140,5.9930
945081.9080,0,3.1380,6.7110,6.0370
945131.8830,0,3.1170,6.7480,6.0930
945181.8630,0,3.1520,6.7260,6.0560
945231.8370,0,3.1070,6.7420,6.0320
945281.8150,0,3.1000,6.7530,6.0870
945331.7960,0,3.1250,6.6760,6.0430
945381.7720,0,3.1590,6.7090,6.0330
945431.7540,0,3.1440,6.6460,6.0550
945481.7300,0,3.1840,6.6690,6.0680
945531.7080,0,3.1590,6.7210,6.0610
945581.6810,0,3.1220,6.7070,6.0460
945631.6570,0,3.1300,6.7740,6.0550
945681.6390,0,3.1380,6.8130,6.0390
945731.6180,0,3.1700,6.8390,6.0310
945781.5930,0,3.1150,6.8170,6.0610
945831.5720,0,3.1520,6.7690,6.0600
945881.5480,0,3.0930,6.7430,6.0190
945931.5230,0,3.1610,6.7650,6.0350
945981.5060,0,3.1130,6.7130,6.0240
946031.4780,0,3.1140,6.7740,6.0250
946081.4600,0,3.1550,6.7540,6.0530
946131.4350,0,3.1250,6.7810,6.0490
946181.4140,0,3.1270,6.8150,6.0770
946231.3900,0,3.1270,6.7860,6.0290
946281.3680,0,3.1160,6.7400,6.0600
946331.3450,0,3.1660,6.7780,6.0510
946381.3270,0,3.1830,6.7760,6.0340
946431.3030,0,3.1540,6.7490,6.0280
946481.2810,0,3.0940,6.7540,6.0210
946531.2590,0,3.1770,6.7390,6.0660
946581.2320,0,3.1360,6.7520,6.0560
946631.2130,0,3.1790,6.7290,6.0520
946681.1910,0,3.1520,6.6820,6.1000
946731.1670,0,3.1420,6.7310,6.0500
946781.1430,0,3.1290,6.7600,6.0170
946831.1250,0,3.1560,6.7260,6.0410
946881.0970,0,3.1180,6.7590,6.0500
946931.0790,0,3.1620,6.7790,6.0600
946981.0530,0,3.1070,6.7280,6.0350
947031.0320,0,3.1390,6.6950,6.0400
947081.0140,0,3.1450,6.7530,6.0470
947130.9860,0,3.1860,6.7290,6.0290
947180.9690,0,3.1300,6.7480,6.1170
947230.9440,0,3.1510,6.6800,5.9980
947280.9230,0,3.1420,6.6890,6.0830
947330.8950,0,3.1580,6.6930,6.0500
947380.8790,0,3.1380,6.7010,6.0520
947430.8550,0,3.1290,6.6830,6.0610
947480.8340,0,3.1370,6.6730,6.0660
947530.8070,0,3.0850,6.6290,6.0570
947580.7870,0,3.1820,6.6730,6.0220
947630.7620,0,3.1460,6.6730,6.0940
947680.7440,0,3.1330,6.7060,6.0790
947730.7190,0,3.1200,6.7130,6.0760
947780.6960,0,3.1570,6.6780,6.0690
947830.6740,0,3.1420,6.7090,6.0160
947880.6570,0,3.1100,6.6650,6.0740
947930.6300,0,3.1350,6.7040,6.0360
947980.6100,0,3.1680,6.7140,6.0660
948030.5880,0,3.1430,6.7090,6.0480
948080.5630,0,3.1430,6.7060,6.0930
948130.5430,0,3.1170,6.6590,6.0820
948180.5180,0,3.1130,6.7670,6.0380
948230.5010,0,3.1610,6.6670,6.0900
948280.4750,0,3.1070,6.6290,6.1140
948330.4520,0,3.1150,6.6760,6.0540
948380.4310,0,3.1320,6.6770,6.1050
948430.4130,0,3.1080,6.6710,6.0790
948480.3870,0,3.1730,6.7270,6.0710
948530.3650,0,3.1540,6.6890,6.0660
948580.3470,0,3.1390,6.6500,6.0240
948630.3230,0,3.1180,6.6800,6.0240
948680.3020,0,3.1720,6.6450,6.0850
948730.2750,0,3.1120,6.6620,6.0440
948780.2570,0,3.1260,6.6630,6.0480
948830.2330,0,3.1310,6.6940,6.0160
948880.2130,0,3.1450,6.6450,5.9650
948930.1880,0,3.1290,6.6410,6.0750
948980.1640,0,3.1280,6.6570,6.0730
949030.1480,0,3.1000,6.6400,6.0610
949080.1250,0,3.1440,6.6340,6.0370
949130.1030,0,3.1080,6.5890,6.0630
949180.0760,0,3.1700,6.5990,6.0500
949230.0590,0,3.1400,6.6700,6.0320
949280.0310,0,3.1380,6.6600,6.0350
949330.0090,0,3.1640,6.6680,6.0410
949379.9900,0,3.1020,6.6610,6.0670
949429.9650,0,3.0960,6.6700,6.0870
949479.9430,0,3.1460,6.6710,6.0840
949529.9210,0,3.1500,6.7500,6.0580
949579.9050,0,3.1470,6.7640,6.0670
949629.8810,0,3.1170,6.7500,5.9930
949679.8540,0,3.1230,6.7790,6.0600
949729.8390,0,3.1180,6.7250,6.0320
949779.8160,0,3.1790,6.7260,6.0020
949829.7930,0,3.1290,6.7290,6.0620
949879.7710,0,3.1660,6.6770,6.0480
949929.7440,0,3.1350,6.6970,6.0520
949979.7270,0,3.1060,6.6630,6.0740
950029.7010,0,3.1710,6.6720,6.0390
950079.6810,0,3.1260,6.6990,6.0540
950129.6600,0,3.1440,6.6500,6.0580
950179.6390,0,3.1210,6.6960,6.0830
950229.6110,0,3.1330,6.6500,6.1040
950279.5900,0,3.1480,6.6390,6.0870
950329.5700,0,3.1390,6.6120,6.0870
950379.5490,0,3.1680,6.6110,6.0620
950429.5250,0,3.1350,6.6480,6.0810
950479.5000,0,3.1350,6.6560,6.0400
950529.4840,0,3.1390,6.6330,6.0280
950579.4600,0,3.1610,6.6200,6.0870
950629.4340,0,3.1520,6.6240,6.0640
950679.4140,0,3.1280,6.6160,6.0640
950729.3960,0,3.1350,6.6610,6.0370
950779.3740,0,3.1400,6.6500,6.0450
950829.3510,0,3.1440,6.6540,6.0580
950879.3290,0,3.1020,6.6500,6.0290
950929.3030,0,3.1190,6.7500,6.0340
950979.2800,0,3.1480,6.7050,6.0570
951029.2580,0,3.1320,6.7410,6.0770
951079.2400,0,3.1590,6.7010,6.0600
951129.2140,0,3.1320,6.7410,6.0590
951179.1950,0,3.1310,6.7400,6.0810
951229.1730,0,3.1250,6.6750,6.0680
951279.1490,0,3.1220,6.7150,6.0750
951329.1280,0,3.1190,6.7520,6.0220
951379.1040,0,3.1240,6.7280,5.9890
951429.0860,0,3.1080,6.7290,6.0160
951479.0620,0,3.1470,6.7110,6.0310
951529.0410,0,3.1280,6.6500,6.1020
951579.0160,0,3.1300,6.6650,6.0370
951628.9930,0,3.1310,6.6630,6.0970
951678.9690,0,3.1510,6.7270,6.0300
951728.9530,0,3.1440,6.6720,6.0400
951778.9280,0,3.1500,6.7110,6.0800
951828.9090,0,3.1470,6.6780,6.0890
951878.8820,0,3.1470,6.6580,6.0320
951928.8520,0,3.1330,6.6710,6.0310
951978.8400,0,3.1780,6.6390,6.0910
952028.8190,0,3.1500,6.6810,6.1030
952078.7990,0,3.1480,6.6410,6.0750
952128.7740,0,3.1630,6.6490,6.0480
952178.7490,0,3.1460,6.6140,6.0780
952228.7260,0,3.1330,6.6390,6.1050
952278.7060,0,3.1070,6.6780,6.0510
952328.6880,0,3.1190,6.6920,6.0520
952378.6620,0,3.1590,6.7060,6.0280
952428.6390,0,3.1280,6.5950,6.0400
952478.6170,0,3.1790,6.5900,6.1080
952528.5930,0,3.1620,6.5960,6.0630
952578.5730,0,3.1530,6.6350,6.0510
952628.5490,0,3.1360,6.6300,6.0690
952678.5290,0,3.1430,6.6500,6.0590
952728.5110,0,3.1520,6.6200,6.0420
952778.4860,0,3.1420,6.6740,6.0380
952828.4630,0,3.1730,6.6220,6.0530
952878.4440,0,3.1780,6.6200,6.0010
952928.4220,0,3.1440,6.5980,6.0570
952978.3960,0,3.1750,6.6110,6.1070
953028.3780,0,3.1420,6.6760,6.0800
953078.3560,0,3.1650,6.6000,6.0340
953128.3310,0,3.1370,6.6060,6.0670
953178.3120,0,3.1550,6.6040,6.0680
953228.2860,0,3.1490,6.6210,6.0370
953278.2640,0,3.1280,6.6080,6.0580
953328.2400,0,3.1540,6.6260,6.0920
953378.2240,0,3.1760,6.5810,6.0650
953428.1970,0,3.1890,6.6300,6.0480
953478.1790,0,3.1660,6.6600,6.0940
953528.1530,0,3.1230,6.6870,6.0760
953578.1320,0,3.1530,6.7010,6.0240
953628.1110,0,3.1220,6.6530,6.0170
953678.0880,0,3.1460,6.6640,6.0430
953728.0640,0,3.1060,6.6540,6.0520
953778.0420,0,3.1560,6.6260,6.0680
953828.0200,0,3.1190,6.6210,6.0600
953877.9960,0,3.1670,6.6500,6.0100
953927.9750,0,3.1830,6.5930,6.0540
953977.9530,0,3.1310,6.5990,6.0500
954027.9330,0,3.1160,6.6290,6.0100
954077.9130,0,3.1140,6.6330,6.0100
954127.8880,0,3.2030,6.6960,6.0440
954177.8650,0,3.1300,6.6380,6.0660
954227.8480,0,3.1510,6.5890,6.0750
954277.8200,0,3.1040,6.6280,6.0640
954327.7980,0,3.1480,6.5680,6.0790
954377.7770,0,3.1270,6.6260,6.1060
954427.7550,0,3.1420,6.5940,6.0610
954477.7360,0,3.1090,6.6850,6.0500
954527.7140,0,3.1550,6.7160,6.0910
954577.6880,0,3.1330,6.7540,6.0410
954627.6690,0,3.1480,6.7880,6.0760
954677.6440,0,3.1510,6.7490,6.0540
954727.6220,0,3.1630,6.7830,6.0280
954777.6030,0,3.1030,6.7970,6.0700
954827.5770,0,3.1500,6.7840,6.0430
954877.5560,0,3.1440,6.7640,6.0450
954927.5360,0,3.1440,6.7360,6.0540
954977.5110,0,3.0990,6.6950,6.0780
955027.4930,0,3.1270,6.7140,6.0200
955077.4690,0,3.1800,6.7080,6.0700
955127.4480,0,3.0980,6.6970,6.0340
955177.4270,0,3.1190,6.6690,6.0720
955227.4040,0,3.0930,6.6080,6.1230
955277.3790,0,3.1400,6.6180,6.0840
955327.3590,0,3.1680,6.6320,6.0510
955377.3370,0,3.1420,6.6770,6.0750
955427.3110,0,3.1650,6.5980,6.0290
955477.2880,0,3.1700,6.6310,6.0630
955527.2700,0,3.1280,6.6250,6.0820
955577.2460,0,3.1340,6.6730,6.0920
955627.2230,0,3.1410,6.6180,6.0470
955677.2040,0,3.1490,6.6410,6.0290
955727.1810,0,3.1810,6.6590,6.0510
955777.1570,0,3.1240,6.6530,6.0810
955827.1370,0,3.1400,6.6140,6.0410
955877.1180,0,3.1330,6.6750,6.0670
955927.0930,0,3.1960,6.6330,6.0840
955977.0700,0,3.1700,6.6700,6.0540
956027.0490,0,3.1320,6.6400,6.0990
956077.0230,0,3.1340,6.6440,6.1050
956127.0040,0,3.1310,6.6430,5.9880
956176.9790,0,3.1620,6.5980,6.0500
956226.9580,0,3.1030,6.6410,5.9980
956276.9380,0,3.1310,6.6440,6.0330
956326.9150,0,3.1490,6.6360,6.0920
956376.8960,0,3.1990,6.6290,6.0530
956426.8690,0,3.1310,6.6500,6.0630
956476.8480,0,3.1630,6.6850,6.0430
956526.8270,0,3.1670,6.6230,5.9850
956576.8030,0,3.1120,6.6300,6.0430
956626.7840,0,3.1420,6.6310,6.0640
956676.7590,0,3.1320,6.6370,6.0630
956726.7350,0,3.1650,6.6330,6.0120
956776.7170,0,3.1580,6.6170,6.0740
956826.6940,0,3.1710,6.6790,6.0290
956876.6720,0,3.1470,6.6890,6.0720
956926.6500,0,3.1210,6.6440,6.0450
956976.6300,0,3.1570,6.5830,6.0550
957026.6060,0,3.1330,6.6010,6.0460
957076.5860,0,3.1520,6.6010,6.0810
957126.5620,0,3.1330,6.6540,6.0640
957176.5380,0,3.1690,6.6710,6.0960
957226.5160,0,3.1660,6.6720,6.0430
957276.4930,0,3.1540,6.6870,6.0660
957326.4730,0,3.1310,6.6890,6.0750
957376.4540,0,3.1250,6.7380,6.0580
957426.4280,0,3.1770,6.7100,6.0490
957476.4050,0,3.1130,6.7370,6.0780
957526.3830,0,3.1330,6.6810,6.0670
957576.3590,0,3.1360,6.6640,6.0400
957626.3430,0,3.1340,6.7600,6.0480
957676.3150,0,3.1610,6.6930,6.0590
957726.2950,0,3.1170,6.7440,6.0460
957776.2750,0,3.0710,6.7160,6.0300
957826.2540,0,3.1390,6.7850,6.0530
957876.2260,0,3.1070,6.7240,6.0760
957926.2100,0,3.1080,6.7250,6.0620
957976.1890,0,3.1880,6.7490,6.0580
958026.1610,0,3.1420,6.7280,6.0800
958076.1400,0,3.1610,6.7150,6.0800
958126.1200,0,3.1310,6.6940,6.0380
958176.0960,0,3.1350,6.6910,6.0220
958226.0750,0,3.1150,6.6630,6.0820
958276.0540,0,3.1400,6.7140,6.0450
958326.0320,0,3.1130,6.6970,6.0740
958376.0060,0,3.1030,6.6830,6.0520
958425.9850,0,3.1160,6.7910,6.0710
958475.9630,0,3.1570,6.7120,6.0180
958525.9420,0,3.1500,6.7010,6.0440
958575.9170,0,3.1470,6.7190,6.0420
958625.9010,0,3.1280,6.7320,6.0460
958675.8730,0,3.0830,6.7490,6.0520
958725.8540,0,3.1250,6.7110,6.0710
958775.8310,0,3.1490,6.7590,6.0700
958825.8060,0,3.1090,6.8160,6.0890
958875.7860,0,3.0970,6.8760,6.0950
958925.7640,0,3.1510,6.8530,6.0760
958975.7440,0,3.1420,6.8430,6.0470
959025.7220,0,3.1390,6.8450,6.0840
959075.6980,0,3.1290,6.8230,6.0570
959125.6760,0,3.1560,6.8040,6.0450
959175.6540,0,3.1550,6.7590,6.0100
959225.6310,0,3.1440,6.7560,6.0480
959275.6100,0,3.1290,6.7870,6.1100
959325.5880,0,3.1750,6.8380,6.0370
959375.5680,0,3.1450,6.8370,6.0340
959425.5460,0,3.1800,6.7950,6.0460
959475.5190,0,3.1310,6.8020,6.0330
959525.5020,0,3.1070,6.8370,6.0490
959575.4800,0,3.1190,6.8200,6.0390
959625.4540,0,3.1340,6.8260,6.0530
959675.4330,0,3.1310,6.8330,6.0840
959725.4120,0,3.1590,6.8450,6.0790
959775.3910,0,3.0920,6.7550,6.0300
959825.3710,0,3.1110,6.7770,6.0120
959875.3510,0,3.1540,6.8030,6.0560
959925.3290,0,3.1820,6.7590,6.0250
959975.3060,0,3.1390,6.7780,6.0630
960025.2820,0,3.1550,6.7660,6.0660
960075.2640,0,3.1770,6.7350,6.0610
960125.2380,0,3.1420,6.7170,6.0690
960175.2210,0,3.1470,6.7560,6.0200
960225.1980,0,3.1090,6.7730,6.0680
960275.1770,0,3.1540,6.7520,6.0870
960325.1550,0,3.1410,6.6880,6.0670
960375.1290,0,3.1410,6.6930,6.0730
960425.1090,0,3.1160,6.7510,6.0500
960475.0840,0,3.1680,6.7530,6.0500
960525.0630,0,3.1470,6.8220,6.0500
960575.0400,0,3.1250,6.7770,6.1060
960625.0190,0,3.1460,6.7020,6.0550
960674.9990,0,3.1460,6.6840,6.0490
960724.9750,0,3.1440,6.6870,6.0700
960774.9540,0,3.1610,6.6970,6.0630
960824.9340,0,3.1220,6.6610,6.0360
960874.9100,0,3.1350,6.6550,6.0460
960924.8900,0,3.1470,6.6460,6.0870
960974.8680,0,3.1500,6.6530,6.0260
961024.8520,0,3.1640,6.6270,6.0360
961074.8290,0,3.1180,6.6670,6.0720
961124.8080,0,3.1760,6.5910,6.0760
961174.7850,0,3.1150,6.6030,6.0170
961224.7620,0,3.1390,6.6220,6.0890
961274.7380,0,3.1580,6.6020,6.0080
961324.7200,0,3.1490,6.5550,6.0780
961374.6950,0,3.1220,6.6190,6.0760
961424.6750,0,3.1680,6.6070,6.0650
961474.6550,0,3.1830,6.6490,6.1120
961524.6300,0,3.1130,6.5760,6.0230
961574.6110,0,3.1950,6.6010,6.0540
961624.5840,0,3.1300,6.5750,6.0750
961674.5650,0,3.1590,6.6130,6.0390
961724.5470,0,3.1090,6.6480,6.0350
961774.5260,0,3.1340,6.5980,6.0890
961824.4980,0,3.1710,6.6280,6.0930
961874.4770,0,3.1200,6.6390,6.0560
961924.4570,0,3.2070,6.5980,6.0410
961974.4320,0,3.1530,6.6180,6.0390
962024.4120,0,3.1290,6.5840,6.0640
962074.3890,0,3.1660,6.5630,6.0660
962124.3740,0,3.1490,6.6260,6.0590
962174.3480,0,3.1470,6.6520,6.0910
962224.3250,0,3.1440,6.6700,6.0650
962274.3090,0,3.1280,6.6230,6.0720
962324.2840,0,3.1310,6.6400,6.0500
962374.2610,0,3.1060,6.6070,6.0820
962424.2400,0,3.1670,6.6320,6.0290
962474.2160,0,3.1400,6.6330,6.0750
962524.1970,0,3.1440,6.5950,6.0380
962574.1760,0,3.1590,6.5840,6.0460
962624.1560,0,3.1190,6.6290,6.0870
962674.1350,0,3.1320,6.6350,6.0410
962724.1070,0,3.1880,6.6120,6.0220
962774.0870,0,3.1150,6.6020,6.0330
962824.0670,0,3.1580,6.5990,6.0740
962874.0470,0,3.1670,6.5370,6.0450
962924.0250,0,3.1350,6.5490,6.0640
962974.0010,0,3.1760,6.5540,6.0410
963023.9770,0,3.1810,6.5350,6.1020
963073.9580,0,3.1300,6.5880,6.0280
963123.9360,0,3.1030,6.7050,6.0470
963173.9110,0,3.1160,6.6900,6.0350
963223.8930,0,3.1400,6.7810,6.0520
963273.8750,0,3.1280,6.7990,6.0340
963323.8530,0,3.1420,6.8720,6.0350
963373.8270,0,3.1470,6.8540,6.0500
963423.8050,0,3.1470,6.8760,6.0660
963473.7870,0,3.1580,6.8680,6.1300
963523.7650,0,3.1370,6.9080,6.1000
963573.7390,0,3.1590,6.9270,6.0240
963623.7170,0,3.1440,6.9280,6.0560
963673.7010,0,3.1290,6.8850,6.0480
963723.6760,0,3.1620,6.8710,6.0920
963773.6570,0,3.1330,6.8620,6.0370
963823.6340,0,3.1080,6.8510,6.0570
963873.6140,0,3.1780,6.8340,6.0320
963923.5900,0,3.1040,6.8160,6.0680
963973.5690,0,3.1280,6.8060,6.0580
964023.5450,0,3.1530,6.7730,6.0810
964073.5260,0,3.1630,6.7630,6.0940
964123.5050,0,3.1100,6.7940,6.0520
964173.4780,0,3.1380,6.7790,6.0900
964223.4610,0,3.1180,6.8080,6.0680
964273.4360,0,3.1260,6.7380,6.0680
964323.4170,0,3.1550,6.7630,6.0670
964373.3960,0,3.1030,6.7950,6.0200
964423.3690,0,3.1640,6.7800,6.0500
964473.3520,0,3.1780,6.7690,6.0380
964523.3270,0,3.1390,6.7320,6.0130
964573.3080,0,3.1560,6.7500,6.0560
964623.2840,0,3.1290,6.6920,6.0590
964673.2620,0,3.0850,6.7000,6.0670
964723.2410,0,3.1480,6.7260,6.0320
964773.2160,0,3.1410,6.7030,6.1100
964823.1970,0,3.1360,6.7580,6.0670
964873.1780,0,3.1490,6.6840,6.0870
964923.1530,0,3.1410,6.6730,6.0860
964973.1330,0,3.1150,6.6870,6.0320
965023.1130,0,3.1380,6.7030,6.0750
965073.0870,0,3.1520,6.6600,6.0510
965123.0690,0,3.1560,6.6900,6.1020
965173.0470,0,3.1860,6.6990,6.0640
965223.0230,0,3.1580,6.7150,6.0870
965273.0010,0,3.1600,6.7200,6.0680
965322.9840,0,3.1710,6.6230,6.0440
965372.9570,0,3.1220,6.7160,6.0780
965422.9380,0,3.1750,6.7290,6.0120
965472.9180,0,3.1510,6.6900,6.0600
965522.8930,0,3.1700,6.6830,6.0420
965572.8720,0,3.1310,6.6620,6.0140
965622.8520,0,3.1440,6.6640,6.0520
965672.8260,0,3.1360,6.6420,6.0390
965722.8050,0,3.1460,6.6720,6.0560
965772.7850,0,3.1280,6.6520,6.0760
965822.7510,0,3.1520,6.6270,6.0350
965872.7460,0,3.1530,6.6180,6.0700
965922.7200,0,3.1500,6.6740,6.0260
965972.6970,0,3.1040,6.6460,6.0710
966022.6770,0,3.1090,6.6240,6.0590
966072.6580,0,3.1440,6.6400,6.0920
966122.6310,0,3.1110,6.6480,6.0450
966172.6120,0,3.1330,6.6600,6.0640
966222.5890,0,3.1280,6.6370,6.0730
966272.5700,0,3.1440,6.6700,6.0390
966322.5500,0,3.1260,6.6260,6.0470
966372.5260,0,3.1200,6.6220,6.0420
966422.5060,0,3.1220,6.6190,6.0490
966472.4810,0,3.1570,6.6480,6.0020
966522.4620,0,3.1320,6.6170,6.0390
966572.4410,0,3.1780,6.6290,6.0580
966622.4140,0,3.1380,6.5940,6.0020
966672.3920,0,3.1380,6.6260,6.0920
966722.3760,0,3.1580,6.5930,6.0630
966772.3500,0,3.1100,6.5670,6.0590
966822.3290,0,3.1180,6.5960,6.0880
966872.3120,0,3.1120,6.6050,6.0700
966922.2880,0,3.1050,6.5910,6.0390
966972.2640,0,3.1770,6.6120,6.0300
967022.2470,0,3.1700,6.5850,6.0870
967072.2180,0,3.1760,6.6610,6.0940
967122.2020,0,3.1500,6.6970,6.0740
967172.1760,0,3.1270,6.6490,6.0840
967222.1540,0,3.1620,6.6690,6.0190
967272.1340,0,3.1480,6.6710,6.0370
967322.1140,0,3.1440,6.6540,6.0750
967372.0900,0,3.1100,6.6850,6.0950
967422.0660,0,3.1660,6.7450,6.0460
967472.0480,0,3.1440,6.6840,6.0410
967522.0270,0,3.1170,6.7140,6.0450
967572.0010,0,3.1460,6.6850,6.0770
967621.9820,0,3.1480,6.6810,6.0680
967671.9610,0,3.1320,6.7580,6.0750
967721.9420,0,3.1450,6.7230,6.0850
967771.9160,0,3.1410,6.6880,6.0620
967821.8930,0,3.1680,6.6900,6.0810
967871.8740,0,3.1470,6.6560,6.0640
967921.8530,0,3.0890,6.6880,6.0750
967971.8320,0,3.1530,6.6680,6.0830
968021.8120,0,3.1360,6.6680,6.0040
968071.7870,0,3.1020,6.6180,6.0770
968121.7640,0,3.1330,6.6810,6.0420
968171.7440,0,3.0820,6.6860,6.0380
968221.7220,0,3.1410,6.6770,6.0210
968271.6980,0,3.1290,6.7070,6.0670
968321.6800,0,3.1230,6.6590,6.0670
968371.6570,0,3.1560,6.7100,6.0510
968421.6370,0,3.1270,6.6520,6.0520
968471.6120,0,3.1650,6.7240,6.0610
968521.5910,0,3.1110,6.7180,5.9900
968571.5680,0,3.1130,6.7560,6.0210
968621.5460,0,3.1080,6.7270,6.0490
968671.5260,0,3.0850,6.7420,6.0680
968721.5070,1,3.1320,6.6740,6.0810
968771.4830,0,3.1530,6.7290,6.0600
968821.4610,2,3.1650,6.6830,6.0430
968871.4400,0,3.1160,6.6990,6.0580
968921.4180,1,3.0990,6.7370,6.0710
968971.3970,0,3.1490,6.7230,6.0970
969021.3740,2,3.0830,6.7060,6.0720
969071.3560,0,3.1590,6.7360,6.0760
969121.3320,1,3.1410,6.7780,6.0750
969171.3080,0,3.0900,6.7340,6.0560
969221.2870,2,3.1250,6.7370,6.0070
969271.2630,0,3.1100,6.7510,6.0260
969321.2450,1,3.1340,6.7240,6.0460
969371.2240,0,3.1470,6.7580,6.0490
969421.2010,2,3.1770,6.7950,6.0330
969471.1830,0,3.1940,6.7750,6.0720
969521.1580,1,3.1330,6.7300,6.0580
969571.1360,0,3.1680,6.7310,6.0490
969621.1110,2,3.1510,6.6900,6.0090
969671.0890,0,3.1050,6.7190,6.0420
969721.0710,1,3.1500,6.6840,6.0230
969771.0490,0,3.1570,6.6900,6.1370
969821.0280,2,3.1470,6.6820,6.0250
969871.0050,0,3.1320,6.6910,6.0210
969920.9860,1,3.1200,6.7820,6.0500
969970.9610,0,3.1100,6.7520,6.0630
970020.9370,2,3.1090,6.7530,6.0320
970070.9180,0,3.1050,6.6530,6.0580
970120.8970,1,3.1780,6.6420,6.0670
970170.8750,0,3.1580,6.6670,6.0340
970220.8550,2,3.1570,6.7240,6.0380
970270.8290,0,3.1580,6.7030,6.0720
970320.8130,1,3.1490,6.6570,6.0800
970370.7900,0,3.1780,6.6020,6.0340
970420.7650,2,3.1330,6.6390,6.0750
970470.7460,0,3.1660,6.6410,6.0610
970520.7270,1,3.1450,6.7020,6.0710
970570.7010,0,3.1380,6.6470,6.0950
970620.6810,2,3.1490,6.6690,6.0560
970670.6570,0,3.1230,6.6530,6.0010
970720.6390,1,3.1360,6.6890,6.0900
970770.6150,0,3.1310,6.6970,6.0750
970820.5920,2,3.1590,6.6970,6.0580
970870.5740,0,3.1140,6.6950,6.1110
970920.5520,1,3.1240,6.6860,6.0640
970970.5310,0,3.1610,6.7050,6.0310
971020.5080,2,3.1600,6.6820,6.0550
971070.4850,0,3.1710,6.6520,6.0590
971120.4670,1,3.1370,6.6400,6.0600
971170.4400,0,3.1270,6.6450,6.0450
971220.4170,2,3.1410,6.6270,6.0650
971270.4000,0,3.1610,6.6480,6.0590
971320.3740,1,3.1420,6.6360,6.1000
971370.3530,0,3.1500,6.6230,6.0900
971420.3330,2,3.1540,6.5810,6.0280
971470.3080,0,3.1380,6.5720,6.0470
971520.2870,1,3.1410,6.5580,6.0850
971570.2690,0,3.1040,6.6140,6.0560
971620.2460,2,3.1120,6.5910,6.0670
971670.2240,0,3.1370,6.5640,6.0370
971720.2010,1,3.1200,6.6050,6.0590
971770.1810,0,3.1390,6.5970,6.0010
971820.1540,2,3.1440,6.6570,6.0380
971870.1340,0,3.0990,6.6100,6.0760
971920.1110,1,3.1560,6.6130,6.0590
971970.0890,0,3.1040,6.6790,6.1030
972020.0680,2,3.1380,6.6680,6.0370
972070.0490,0,3.1640,6.6620,6.0540
972120.0220,1,3.1100,6.6860,6.0560
972169.9990,0,3.1240,6.6150,6.0190
972219.9820,2,3.1230,6.6520,6.0580
972269.9540,0,3.1590,6.5750,6.0300
972319.9320,1,3.1090,6.5880,6.0710
972369.9130,0,3.1800,6.5680,6.0390
972419.8920,2,3.1170,6.5600,6.0670
972469.8660,0,3.1530,6.6010,6.0790
972519.8440,1,3.1480,6.6140,6.0470
972569.8240,0,3.1110,6.6080,6.0730
972619.8050,2,3.1120,6.6450,6.0570
972669.7780,0,3.1570,6.6780,6.0680
972719.7570,1,3.1940,6.6810,6.0770
972769.7350,0,3.1360,6.6400,6.0560
972819.7150,2,3.1280,6.5940,6.0440
972869.6890,0,3.1310,6.6330,6.0010
972919.6670,1,3.1570,6.5980,6.0730
972969.6480,0,3.1490,6.6610,6.0590
973019.6280,2,3.1650,6.6500,6.0310
973069.6010,0,3.1400,6.6520,6.0800
973119.5830,1,3.1530,6.6400,6.0540
973169.5570,0,3.1390,6.6920,6.0350
973219.5380,2,3.1410,6.6700,6.0630
973269.5120,0,3.1340,6.6890,6.0580
973319.4940,1,3.0910,6.7690,6.0380
973369.4680,0,3.1740,6.7050,6.0000
973419.4510,0,3.1450,6.7880,6.0100
973469.4260,2,3.1380,6.8330,6.0760
973519.4070,1,3.1350,6.7850,6.0370
973569.3840,0,3.1610,6.8310,6.0580
973619.3640,2,3.1440,6.8250,6.0530
973669.3350,0,3.1280,6.7750,6.0920
973719.3190,1,3.1250,6.7740,6.0490
973769.2910,0,3.1320,6.7800,6.0220
973819.2720,0,3.1160,6.8190,6.0520
973869.2490,2,3.1270,6.7910,6.0440
973919.2310,1,3.1250,6.8120,6.0620
973969.2020,0,3.1370,6.7840,6.0560
974019.1840,2,3.1070,6.7640,6.0150
974069.1590,0,3.1120,6.7590,6.0920
974119.1390,1,3.1390,6.7150,6.0420
974169.1200,0,3.1400,6.7090,6.1290
974219.0920,0,3.1350,6.7470,6.0590
974269.0740,2,3.1530,6.6490,6.0650
974319.0520,1,3.1360,6.6580,6.0550
974369.0260,0,3.1020,6.6860,6.0460
974419.0070,2,3.1180,6.6900,6.0690
974468.9840,0,3.1500,6.6390,6.0600
974518.9620,1,3.0960,6.6110,6.0650
974568.9380,0,3.0890,6.6250,6.0800
974618.9170,0,3.1280,6.6460,6.0410
974668.8980,2,3.0910,6.6260,6.0760
974718.8770,1,3.2030,6.6490,6.0340
974768.8540,0,3.1010,6.6200,6.0520
974818.8290,2,3.0830,6.6330,6.1020
974868.8050,0,3.1740,6.6190,6.0660
974918.7880,1,3.1720,6.6160,6.0800
974968.7620,0,3.1420,6.6240,6.0490
975018.7440,0,3.1180,6.5740,6.0940
975068.7200,2,3.1550,6.6060,6.0560
975118.6960,1,3.1760,6.6060,6.0660
975168.6780,0,3.1210,6.6370,6.0760
975218.6530,2,3.0980,6.5870,6.0240
975268.6290,0,3.1460,6.5710,6.0400
975318.6050,0,3.1130,6.5160,6.0400
975368.5860,1,3.1650,6.5530,6.0310
975418.5650,0,3.1650,6.5640,6.0630
975468.5420,2,3.1980,6.6090,6.0300
975518.5200,1,3.1750,6.6390,6.0320
975568.4980,0,3.1560,6.6660,6.0620
975618.4750,2,3.1260,6.5500,6.0750
975668.4540,0,3.1380,6.6130,6.0440
975718.4300,0,3.1590,6.6140,6.0500
975768.4080,1,3.0900,6.5970,6.0420
975818.3890,0,3.1370,6.5630,6.0410
975868.3670,2,3.1500,6.5720,6.0460
975918.3460,1,3.1590,6.5230,6.0230
975968.3230,0,3.1880,6.5630,6.0610
976018.2980,2,3.1510,6.5790,6.0680
976068.2760,0,3.1570,6.5760,6.0660
976118.2540,0,3.1510,6.5980,6.0360
976168.2300,1,3.1350,6.6140,6.0630
976218.2090,0,3.1580,6.5840,6.0550
976268.1900,2,3.1240,6.5630,6.0430
976318.1650,1,3.1530,6.5510,6.0420
976368.1400,0,3.1490,6.5540,6.0230
976418.1210,2,3.1110,6.5740,6.0230
976468.0970,0,3.1170,6.5510,6.0850
976518.0780,0,3.1610,6.5300,6.0130
976568.0530,1,3.1220,6.5830,6.0490
976618.0330,0,3.1640,6.5900,6.0700
976668.0100,2,3.1430,6.5560,6.0350
976717.9900,1,3.1380,6.5750,6.0530
976767.9700,0,3.1050,6.5800,6.0590
976817.9470,0,3.1660,6.5860,6.0230
976867.9230,2,3.1240,6.5490,6.0260
976917.9010,0,3.1210,6.6010,6.0720
976967.8780,1,3.1170,6.6190,6.0800
977017.8580,0,3.1320,6.6420,6.0350
977067.8370,2,3.1160,6.5940,6.0280
977117.8100,1,3.1440,6.6050,6.0570
977167.7870,0,3.1240,6.5710,6.0610
977217.7660,0,3.1620,6.6330,6.0580
977267.7450,2,3.1340,6.6700,6.0350
977317.7240,0,3.1300,6.6670,6.0140
977367.6990,1,3.0970,6.7210,6.0850
977417.6820,0,3.1630,6.6680,6.0220
977467.6540,2,3.1460,6.6750,6.0480
977517.6340,1,3.1430,6.7240,6.0670
977567.6130,0,3.1390,6.6650,6.0700
977617.5910,0,3.1450,6.6980,6.0570
977667.5670,2,3.1320,6.6270,6.0650
977717.5450,0,3.1490,6.6520,6.0220
977767.5250,1,3.1580,6.6470,6.0440
977817.4990,0,3.1450,6.6510,6.0570
977867.4790,2,3.1630,6.6170,6.0190
977917.4540,0,3.1710,6.6530,6.0180
977967.4350,1,3.1280,6.6170,6.0140
978017.4120,0,3.1410,6.6330,6.0090
978067.3940,2,3.1200,6.6180,6.0790
978117.3720,1,3.1800,6.6560,6.0310
978167.3490,0,3.1330,6.6620,6.0240
978217.3220,0,3.1350,6.6550,6.0600
978267.3040,2,3.1280,6.6820,6.0510
978317.2790,0,3.1810,6.6340,6.1010
978367.2610,1,3.1450,6.6550,6.0380
978417.2330,0,3.1230,6.6070,6.0550
978467.2160,2,3.1380,6.6610,6.0560
978517.1890,0,3.1760,6.6310,6.0720
978567.1680,1,3.2260,6.6220,6.0340
978617.1510,0,3.1470,6.6150,6.0240
978667.1260,2,3.1180,6.6820,6.0320
978717.1050,0,3.1630,6.6510,6.0290
978767.0830,1,3.1520,6.6430,6.0630
978817.0600,0,3.1630,6.6160,6.0780
978867.0350,2,3.1410,6.6210,6.0550
978917.0180,0,3.1480,6.5660,6.0210
978966.9950,1,3.1560,6.6470,6.0410
979016.9690,0,3.1310,6.5920,6.1230
979066.9470,2,3.1610,6.6050,6.0770
979116.9270,0,3.1480,6.6480,6.0890
979166.9010,1,3.1420,6.6050,6.0490
979216.8820,0,3.1530,6.6300,6.0320
979266.8600,2,3.1240,6.6270,6.0500
979316.8360,1,3.1460,6.6100,5.9940
979366.8150,0,3.1590,6.6380,6.0540
979416.7910,0,3.1730,6.5940,6.0370
979466.7700,2,3.1280,6.5580,6.0470
979516.7480,0,3.1110,6.6150,6.0140
979566.7300,1,3.1600,6.5980,6.0440
979616.7070,0,3.1380,6.6190,5.9910
979666.6820,2,3.1520,6.6540,6.0210
979716.6600,0,3.1560,6.6660,6.0470
979766.6380,1,3.1450,6.7170,6.0510
979816.6190,0,3.1740,6.6660,6.0160
979866.5970,2,3.1140,6.7350,6.0310
979916.5690,0,3.1480,6.6770,6.0540
979966.5480,1,3.1810,6.6680,6.0680
980016.5270,0,3.0970,6.6620,6.0850
980066.5060,2,3.1360,6.6050,6.0310
980116.4830,0,3.1540,6.6970,6.0450
980166.4590,1,3.1430,6.6110,6.0570
980216.4380,0,3.1300,6.6480,6.0260
980266.4160,2,3.1220,6.6290,6.0600
980316.3980,0,3.1060,6.6880,6.0620
980366.3730,1,3.1330,6.6670,6.0450
980416.3530,0,3.1650,6.6700,6.0560
980466.3260,2,3.1590,6.6770,6.0520
980516.3050,0,3.1510,6.6030,6.0350
980566.2870,1,3.1300,6.6460,6.0740
980616.2610,0,3.1540,6.6870,6.0510
980666.2380,2,3.1480,6.7170,6.0300
980716.2170,0,3.1640,6.7450,6.0590
980766.1960,1,3.1730,6.7910,6.0380
980816.1770,0,3.1360,6.8230,6.0160
980866.1530,2,3.1110,6.7580,6.0280
980916.1330,0,3.1130,6.7490,6.0710
980966.1110,1,3.1320,6.7520,6.0350
981016.0840,0,3.1120,6.7200,6.0880
981066.0660,2,3.1040,6.7510,6.0230
981116.0390,0,3.1530,6.7200,6.0370
981166.0180,1,3.1320,6.7660,6.0540
981215.9940,0,3.1280,6.6980,6.0260
981265.9780,2,3.1220,6.6650,6.0790
981315.9500,0,3.1540,6.7150,6.0790
981365.9300,1,3.1660,6.7150,6.0610
981415.9100,0,3.1620,6.8200,6.0420
981465.8830,2,3.1170,6.8280,6.0680
981515.8650,0,3.0740,6.8600,5.9960
981565.8440,1,3.1320,6.8290,6.0330
981615.8230,0,3.1180,6.8000,6.1150
981665.7960,2,3.0970,6.7760,6.0320
981715.7790,0,3.1300,6.7640,6.0420
981765.7560,1,3.1430,6.7440,6.0450
981815.7290,0,3.1240,6.7410,6.0670
981865.7120,2,3.1210,6.6890,6.0610
981915.6840,0,3.1490,6.7530,6.0410
981965.6660,1,3.1090,6.7700,6.0490
982015.6460,0,3.1400,6.7510,6.0510
982065.6190,2,3.1350,6.7270,6.0830
982115.5980,0,3.1320,6.7020,6.0350
982165.5800,1,3.1450,6.7140,6.0620
982215.5550,0,3.1460,6.7130,6.0620
982265.5350,2,3.1130,6.7270,6.0500
982315.5130,0,3.1210,6.7310,6.0760
982365.4890,1,3.1240,6.6670,6.0330
982415.4690,0,3.1120,6.7110,6.0650
982465.4450,2,3.1680,6.7040,6.0270
982515.4230,0,3.1730,6.6560,6.0420
982565.3980,1,3.1430,6.6810,6.0560
982615.3750,0,3.1430,6.6570,6.0430
982665.3580,2,3.1180,6.5880,6.0510
982715.3350,0,3.1560,6.6590,6.0230
982765.3110,1,3.1390,6.6750,6.0730
982815.2910,0,3.1620,6.6390,6.0740
982865.2650,2,3.1850,6.6730,6.0490
982915.2460,0,3.1350,6.6460,6.0610
982965.2250,1,3.1640,6.6350,6.0460
983015.2040,0,3.1340,6.5980,6.0300
983065.1780,2,3.1640,6.5890,6.0680
983115.1560,0,3.1340,6.6080,6.0860
983165.1310,1,3.1630,6.6240,6.0810
983215.1100,0,3.1740,6.6010,6.0860
983265.0880,2,3.1450,6.5920,6.0320
983315.0680,0,3.1690,6.5960,6.0610
983365.0440,1,3.0870,6.6350,6.0340
983415.0260,0,3.1580,6.6160,6.0550
983465.0010,2,3.1540,6.6070,6.0790
983514.9810,0,3.1620,6.6250,6.0570
983564.9580,1,3.1950,6.6390,6.0560
983614.9380,0,3.1510,6.6150,6.0320
983664.9120,2,3.1380,6.6190,6.0500
983714.8890,0,3.1530,6.6040,6.0200
983764.8660,1,3.1700,6.6270,6.0740
983814.8430,0,3.1740,6.6060,6.0370
983864.8210,2,3.1240,6.5870,6.0690
983914.8030,0,3.1630,6.5700,6.0420
983964.7760,1,3.1140,6.5420,6.0780
984014.7550,0,3.1200,6.5590,6.0910
984064.7310,2,3.1660,6.5480,6.0910
984114.7120,0,3.1760,6.5760,6.0500
984164.6870,1,3.1350,6.5290,6.0540
984214.6690,0,3.1440,6.5880,6.0650
984264.6420,2,3.1460,6.6120,6.0650
984314.6200,0,3.1690,6.5930,6.0600
984364.5970,1,3.1320,6.6660,6.0900
984414.5770,0,3.1520,6.6460,6.0620
984464.5590,2,3.1360,6.5930,6.0390
984514.5360,0,3.1350,6.5870,6.0590
984564.5080,1,3.1290,6.6320,6.0460
984614.4890,0,3.1520,6.5960,6.0470
984664.4670,2,3.1460,6.6540,6.0920
984714.4400,0,3.0900,6.6210,6.0720
984764.4210,1,3.1200,6.6460,6.0520
984814.4000,0,3.1390,6.5970,6.0560
984864.3760,2,3.1530,6.6020,6.0340
984914.3550,0,3.1990,6.5700,6.0660
984964.3340,1,3.1480,6.6170,6.0790
985014.3090,0,3.0950,6.5970,6.0310
985064.2900,2,3.1690,6.5480,6.0280
985114.2680,0,3.1480,6.5850,6.0610
985164.2440,1,3.0950,6.6180,6.0750
985214.2190,0,3.1380,6.5620,6.0730
985264.1990,2,3.1550,6.5960,6.0550
985314.1750,0,3.1100,6.5420,6.0730
985364.1540,1,3.1650,6.5380,6.0880
985414.1310,0,3.1710,6.5660,6.0810
985464.1060,2,3.1620,6.6050,6.0390
985514.0900,0,3.1560,6.5630,6.0570
985564.0630,1,3.1220,6.5730,6.0490
985614.0420,0,3.1640,6.6170,6.0830
985664.0210,2,3.1040,6.5860,6.0060
985713.9970,0,3.0840,6.5210,6.0630
985763.9740,1,3.1640,6.5690,6.0530
985813.9490,0,3.1110,6.5470,6.0320
985863.9330,2,3.1600,6.5620,6.0610
985913.9080,0,3.1330,6.5160,6.0620
985963.8850,1,3.1490,6.5250,6.0350
986013.8670,0,3.1820,6.5620,6.0300
986063.8400,2,3.1320,6.6060,6.0740
986113.8160,0,3.1580,6.5640,6.0490
986163.7940,1,3.1820,6.5670,6.0600
986213.7740,0,3.1420,6.5870,6.0040
986263.7520,2,3.1520,6.5760,6.0550
986313.7320,0,3.1740,6.6350,6.0490
986363.7090,1,3.1390,6.6370,6.0200
986413.6860,0,3.1470,6.5400,6.0580
986463.6620,2,3.1740,6.5920,6.0860
986513.6380,0,3.1460,6.6140,6.0210
986563.6160,1,3.1640,6.5690,5.9930
986613.5960,0,3.1540,6.5910,6.0490
986663.5730,2,3.1440,6.5500,6.0230
986713.5530,0,3.1540,6.6310,6.0830
986763.5260,1,3.1650,6.6660,6.0810
986813.5050,0,3.1270,6.6560,6.0700
986863.4820,2,3.1360,6.6270,6.0800
986913.4640,0,3.1850,6.6550,6.0050
986963.4360,1,3.1450,6.6620,6.0320
987013.4200,0,3.1280,6.6930,6.0370
987063.3920,2,3.1220,6.6990,6.0670
987113.3720,0,3.1680,6.7180,6.0800
987163.3490,1,3.1120,6.6990,6.0820
987213.3290,0,3.1650,6.6770,6.0630
987263.3070,2,3.1530,6.6190,6.0340
987313.2830,0,3.1650,6.6300,6.0600
987363.2580,1,3.1200,6.6320,6.0300
987413.2360,0,3.1390,6.6540,6.0410
987463.2170,2,3.1230,6.6960,6.0260
987513.1910,0,3.1430,6.6520,6.0770
987563.1700,1,3.1200,6.6730,6.0270
987613.1460,0,3.1170,6.6230,5.9950
987663.1290,2,3.1630,6.6190,6.0770
987713.1030,0,3.1490,6.6610,6.0810
987763.0820,1,3.1310,6.5980,6.0530
987813.0590,0,3.1250,6.6460,6.0160
987863.0370,2,3.1630,6.6260,6.0800
987913.0130,0,3.1560,6.6280,5.9920
987962.9920,1,3.1230,6.6270,6.0950
988012.9670,0,3.1400,6.6840,6.0480
988062.9480,2,3.1270,6.6850,6.0050
988112.9230,0,3.1450,6.7010,6.0290
988162.9060,1,3.1510,6.6680,6.0280
988212.8790,0,3.1510,6.6320,6.0210
988262.8620,2,3.1510,6.6030,6.0520
988312.8360,0,3.1440,6.6000,6.0220
988362.8100,1,3.1330,6.5870,6.0620
988412.7910,0,3.1200,6.6460,6.0720
988462.7660,2,3.1490,6.6110,6.0800
988512.7500,0,3.1370,6.5930,6.1070
988562.7230,1,3.1520,6.5320,6.0810
988612.7000,0,3.1200,6.6430,6.0620
988662.6790,2,3.1610,6.5920,6.0370
988712.6570,0,3.1650,6.6280,6.0750
988762.6370,1,3.1110,6.6360,6.0380
988812.6100,0,3.1350,6.6100,6.0880
988862.5870,2,3.1630,6.6110,6.0290
988912.5700,0,3.1460,6.5970,6.0760
988962.5460,1,3.1170,6.6010,6.0730
989012.5250,0,3.1480,6.5750,6.0250
989062.5010,2,3.1480,6.6320,6.0580
989112.4810,0,3.1110,6.6150,6.0530
989162.4570,1,3.1800,6.6580,6.0310
989212.4320,0,3.1520,6.6430,6.0910
989262.4150,2,3.1480,6.6510,6.0710
989312.3910,0,3.1670,6.6210,6.0140
989362.3700,1,3.1510,6.5860,6.0440
989412.3440,0,3.1800,6.6210,6.0940
989462.3210,2,3.1540,6.5940,6.0700
989512.2990,0,3.1170,6.6200,6.0710
989562.2810,1,3.1350,6.6100,6.0770
989612.2530,0,3.1420,6.6390,6.0650
989662.2360,2,3.2000,6.5850,6.0720
989712.2140,0,3.1250,6.5590,6.0640
989762.1920,1,3.1660,6.5920,6.0890
989812.1690,0,3.0970,6.5550,6.1130
989862.1400,2,3.1350,6.5850,6.1180
989912.1230,0,3.1180,6.5530,6.0490
989962.0960,1,3.1540,6.6480,6.0410
990012.0750,0,3.1720,6.6530,6.0230
990062.0560,2,3.1030,6.6490,6.0230
990112.0300,0,3.1560,6.6260,6.0410
990162.0090,1,3.1130,6.6340,6.0620
990211.9880,0,3.1890,6.6270,6.0410
990261.9680,2,3.1320,6.5760,6.0610
990311.9440,0,3.1680,6.6280,6.0520
990361.9180,1,3.1420,6.5770,6.0570
990411.9000,0,3.1230,6.5640,6.0840
990461.8760,2,3.1540,6.5670,6.0170
990511.8550,0,3.1230,6.6200,6.0910
990561.8290,1,3.1440,6.6770,6.0710
990611.8060,0,3.1320,6.6250,6.0620
990661.7860,2,3.1300,6.5830,6.0670
990711.7640,0,3.1130,6.5810,6.0860
990761.7420,1,3.1350,6.5900,6.0790
990811.7210,0,3.1790,6.5690,6.0520
990861.7000,2,3.1720,6.6060,6.0300
990911.6780,0,3.1630,6.5780,6.0450
990961.6550,1,3.1540,6.5800,6.0210
991011.6300,0,3.1790,6.5980,6.0610
991061.6110,2,3.1420,6.5200,6.0900
991111.5840,0,3.1370,6.5830,6.0300
991161.5620,1,3.1370,6.5900,6.0500
991211.5430,0,3.1460,6.5800,6.0430
991261.5200,2,3.1710,6.5930,6.0490
991311.4930,0,3.1450,6.5740,6.0260
991361.4720,1,3.1570,6.5630,6.0670
991411.4490,0,3.1180,6.5740,6.0540
991461.4270,2,3.1300,6.5840,6.0590
991511.4060,0,3.1400,6.5970,6.0160
991561.3840,1,3.1580,6.6220,6.0580
991611.3620,0,3.1130,6.6730,6.0650
991661.3420,2,3.1670,6.5950,6.0720
991711.3200,0,3.1480,6.6210,6.0470
991761.2970,1,3.1830,6.6170,6.0180
991811.2710,0,3.1790,6.6040,6.0450
991861.2480,2,3.1080,6.5920,6.0740
991911.2270,0,3.0860,6.5940,6.0290
991961.2050,1,3.1320,6.6640,6.0660
992011.1820,0,3.1430,6.7110,6.0650
992061.1620,2,3.1020,6.7100,6.0520
992111.1360,0,3.1710,6.7620,6.0350
992161.1190,1,3.1390,6.7370,6.0610
992211.0970,0,3.1580,6.7850,6.0980
992261.0720,2,3.1770,6.7640,6.0710
992311.0520,0,3.1610,6.7460,6.0240
992361.0300,1,3.1530,6.7440,6.0540
992411.0040,0,3.1300,6.6550,6.0670
992460.9800,2,3.1640,6.6910,6.0050
992510.9600,0,3.1350,6.6080,6.0680
992560.9390,1,3.1510,6.6420,6.0870
992610.9160,0,3.1130,6.6150,6.0550
992660.8900,2,3.1290,6.6210,6.0680
992710.8740,0,3.1610,6.7170,6.0440
992760.8510,1,3.1420,6.6600,6.0590
992810.8240,0,3.1690,6.6590,6.0870
992860.8060,2,3.1600,6.6560,6.0240
992910.7800,0,3.1550,6.6510,6.0400
992960.7600,1,3.1320,6.6280,6.0440
993010.7340,0,3.1470,6.6320,6.0550
993060.7110,2,3.1440,6.6370,6.0440
993110.6960,0,3.1370,6.6220,6.0750
993160.6710,1,3.1550,6.6280,6.0420
993210.6470,0,3.1050,6.6470,6.0450
993260.6240,2,3.1330,6.5790,6.0440
993310.6020,0,3.1120,6.6100,6.0940
993360.5810,1,3.1160,6.5990,6.0390
993410.5570,0,3.0980,6.6140,6.0540
993460.5390,2,3.1870,6.6040,6.0520
993510.5140,0,3.1130,6.6160,6.0400
993560.4920,1,3.1040,6.6040,6.0670
993610.4720,0,3.1560,6.5900,6.0760
993660.4460,2,3.1180,6.5580,6.0250
993710.4270,0,3.1340,6.5310,6.0760
993760.4040,1,3.1630,6.5670,6.0420
993810.3790,0,3.1690,6.5470,6.0550
993860.3540,2,3.1490,6.6020,6.0100
993910.3320,0,3.1710,6.5720,6.0260
993960.3100,1,3.1000,6.6340,6.0190
994010.2880,0,3.1680,6.6040,6.0670
994060.2700,2,3.1610,6.6660,6.0370
994110.2450,0,3.1290,6.6410,6.0360
994160.2210,1,3.0910,6.6670,6.0380
994210.1980,0,3.1560,6.6200,6.0240
994260.1760,2,3.1420,6.6810,6.0940
994310.1560,0,3.1670,6.5960,6.0340
994360.1370,1,3.1480,6.5980,6.0270
994410.1150,0,3.1660,6.5970,6.0640
994460.0890,2,3.1440,6.5710,6.0340
994510.0640,0,3.1560,6.5960,6.0270
994560.0450,1,3.1810,6.6220,6.0340
994610.0250,0,3.1520,6.6430,6.0460
994660.0000,2,3.1300,6.6200,6.0500
994709.9780,0,3.1200,6.6260,6.0430
994759.9520,1,3.1350,6.5900,6.0550
994809.9360,0,3.1380,6.5030,6.0640
994859.9070,2,3.1420,6.5900,6.0580
994909.8900,0,3.1490,6.6080,6.0290
994959.8680,1,3.1420,6.5830,6.0850
995009.8420,0,3.1230,6.5980,6.0990
995059.8240,2,3.1630,6.5220,6.0470
995109.8000,0,3.1530,6.5560,6.0700
995159.7790,1,3.1780,6.5300,6.0770
995209.7510,0,3.1300,6.5680,6.0170
995259.7330,2,3.1730,6.5610,6.0690
995309.7130,0,3.0940,6.5710,6.0770
995359.6850,1,3.1450,6.6140,6.0360
995409.6660,0,3.1860,6.5850,6.0530
995459.6420,2,3.1530,6.6280,6.0350
995509.6200,0,3.1380,6.6300,6.0400
995559.5980,1,3.1580,6.6150,6.0460
995609.5770,0,3.1170,6.6040,6.0530
995659.5520,2,3.1660,6.5790,6.0600
995709.5320,0,3.1510,6.6220,6.0450
995759.5070,1,3.1220,6.6260,6.0400
995809.4850,0,3.1430,6.6510,6.0760
995859.4630,2,3.1690,6.5870,6.0400
995909.4410,0,3.1220,6.5600,6.0560
995959.4190,1,3.1300,6.6130,6.0610
996009.3980,0,3.1500,6.6080,6.0790
996059.3810,2,3.1520,6.6510,6.0590
996109.3530,0,3.1220,6.6190,6.0860
996159.3370,1,3.1640,6.6260,6.0120
996209.3100,0,3.1170,6.6360,6.0480
996259.2910,2,3.1460,6.6200,6.0330
996309.2690,0,3.1640,6.6390,6.0600
996359.2480,1,3.1520,6.6180,6.0140
996409.2240,0,3.1220,6.6210,6.0370
996459.2000,2,3.1460,6.6190,6.0600
996509.1820,0,3.1190,6.6130,6.0890
996559.1540,1,3.0910,6.6040,6.0480
996609.1320,0,3.1910,6.5700,6.0920
996659.1110,2,3.1230,6.6170,6.0340
996709.0880,0,3.2010,6.5880,6.0390
996759.0690,1,3.2000,6.5550,6.0600
996809.0440,0,3.1700,6.5910,6.1260
996859.0220,0,3.1430,6.5540,6.0580
996909.0020,2,3.1260,6.6480,6.0220
996958.9780,1,3.1570,6.5920,6.0770
997008.9600,0,3.1620,6.5660,6.0290
997058.9340,2,3.1190,6.5950,5.9770
997108.9170,0,3.2140,6.5370,6.0240
997158.8920,1,3.1220,6.6230,6.0320
997208.8680,0,3.1490,6.5570,6.0640
997258.8450,0,3.1280,6.5410,6.0630
997308.8280,2,3.1250,6.6030,6.0160
997358.8010,1,3.1590,6.6020,6.0300
997408.7800,0,3.1450,6.5890,6.0530
997458.7570,2,3.1220,6.5490,6.0240
997508.7400,0,3.1110,6.5730,6.0840
997558.7140,1,3.1250,6.5200,6.0390
997608.6940,0,3.1970,6.5440,6.0490
997658.6710,0,3.1730,6.5770,6.0540
997708.6520,2,3.1500,6.5520,6.0080
997758.6300,1,3.1410,6.5510,6.0430
997808.6050,0,3.1300,6.5750,6.0690
997858.5840,2,3.1470,6.5900,6.0330
997908.5600,0,3.1590,6.5980,6.0850
997958.5410,1,3.1440,6.6080,6.0460
998008.5140,0,3.1800,6.6610,6.0770
998058.4960,0,3.1660,6.5430,6.0550
998108.4740,2,3.1200,6.6310,6.0280
998158.4500,1,3.1400,6.5780,6.0560
998208.4280,0,3.1220,6.5960,6.0260
998258.4080,2,3.2000,6.5800,6.0030
998308.3830,0,3.1590,6.5600,6.0520
998358.3610,0,3.1750,6.5800,6.0370
998408.3400,1,3.1450,6.6400,6.0480
998458.3170,0,3.1760,6.5340,6.0360
998508.2950,2,3.1810,6.5600,6.0110
998558.2730,1,3.1250,6.5580,6.0270
998608.2520,0,3.1470,6.5420,6.0610
998658.2280,2,3.1710,6.5170,6.0600
998708.2090,0,3.1670,6.5590,6.0400
998758.1840,0,3.1780,6.5340,6.0670
998808.1620,0,3.1460,6.5620,6.0840
998858.1430,0,3.1530,6.5880,6.0920
998908.1170,0,3.1570,6.5940,6.0680
998958.1010,0,3.1090,6.5730,6.0540
999008.0760,0,3.1270,6.5830,6.0590
999058.0550,0,3.1040,6.6390,6.0150
999108.0350,0,3.1290,6.6510,6.0550
999158.0120,0,3.1350,6.6180,6.0690
999207.9850,0,3.1820,6.6530,6.0500
999257.9680,0,3.1400,6.6510,6.0720
999307.9430,0,3.1630,6.7730,6.0740
999357.9210,0,3.1490,6.7360,6.0950
999407.8980,0,3.1020,6.7810,6.0560
999457.8740,0,3.1490,6.8520,6.0630
999507.8540,0,3.1510,6.8640,6.0630
999557.8310,0,3.1350,6.8370,6.0600
999607.8110,0,3.1200,6.8430,6.0360
999657.7900,0,3.1880,6.8830,6.0510
999707.7690,0,3.1550,6.8520,6.0390
999757.7470,0,3.1340,6.7900,6.0370
999807.7260,0,3.1010,6.8650,6.0470
999857.7020,0,3.0930,6.7840,6.0480
999907.6780,0,3.1380,6.8170,6.0340
999957.6550,0,3.1130,6.7960,6.0340
1000007.6320,0,3.1360,6.7720,6.0550
1000057.6130,0,3.1340,6.7370,6.0720
1000107.5890,0,3.1560,6.7730,6.0410
1000157.5720,0,3.1130,6.8020,6.0320
1000207.5450,0,3.1580,6.7450,6.0720
1000257.5220,0,3.1570,6.7260,6.0620
1000307.5020,0,3.1250,6.8020,6.0270
1000357.4810,0,3.1240,6.8150,6.1040
1000407.4580,0,3.1500,6.8180,6.0750
1000457.4350,0,3.1150,6.8100,6.0500
1000507.4150,0,3.1070,6.7920,6.0360
1000557.3920,0,3.1250,6.8070,6.0370
1000607.3730,0,3.0970,6.8150,6.0780
1000657.3490,0,3.1440,6.7410,6.0380
1000707.3280,0,3.1260,6.7750,6.0780
1000757.3010,0,3.1290,6.7650,6.0250
1000807.2840,0,3.1570,6.7770,6.0210
1000857.2620,0,3.1100,6.7550,6.0540
1000907.2350,0,3.1400,6.7760,5.9960
1000957.2180,0,3.1580,6.7660,6.0240
1001007.1930,0,3.1560,6.7370,6.0750
1001057.1720,0,3.1160,6.7130,6.0720
1001107.1500,0,3.1480,6.7460,6.0510
1001157.1260,0,3.1120,6.6940,6.0570
1001207.1030,0,3.1290,6.7050,6.0360
1001257.0860,0,3.1300,6.7130,6.0270
1001307.0610,0,3.1700,6.7230,6.0600
1001357.0380,0,3.1750,6.6600,6.0410
1001407.0180,0,3.1720,6.6690,6.0830
1001456.9970,0,3.1090,6.7200,6.0220
1001506.9750,0,3.1340,6.6490,6.0070
1001556.9490,0,3.1320,6.6680,6.0740
1001606.9290,0,3.1370,6.6260,6.0390
1001656.9040,0,3.1370,6.6680,6.0800
1001706.8880,0,3.1390,6.6520,6.0810
1001756.8610,0,3.1100,6.6890,6.0770
1001806.8440,0,3.1340,6.7190,6.0550
1001856.8190,0,3.1270,6.7350,6.0560
1001906.7960,0,3.1190,6.7500,6.0540
1001956.7770,0,3.0900,6.7270,6.0500
1002006.7530,0,3.1600,6.6960,6.0460
1002056.7300,0,3.1400,6.7610,6.0640
1002106.7060,0,3.1540,6.7280,6.0460
1002156.6830,0,3.1490,6.7060,6.0460
1002206.6650,0,3.1580,6.6970,6.0370
1002256.6390,0,3.1840,6.6550,6.0900
1002306.6180,0,3.1150,6.7640,6.0930
1002356.5950,0,3.1750,6.7480,6.0380
1002406.5770,0,3.1360,6.7090,6.0220
1002456.5540,0,3.1750,6.7140,6.0430
1002506.5310,0,3.1430,6.7070,6.0930
1002556.5090,0,3.1290,6.6800,6.0300
1002606.4870,0,3.1250,6.6610,6.0570
1002656.4680,0,3.1180,6.6590,6.0630
1002706.4470,0,3.1760,6.6920,6.0220
1002756.4230,0,3.1380,6.6990,6.0320
1002806.4000,0,3.1140,6.6340,6.0240
1002856.3780,0,3.1390,6.6790,6.0700
1002906.3580,0,3.1250,6.6590,6.0650
1002956.3310,0,3.1200,6.6650,6.0390
1003006.3140,0,3.1300,6.6970,6.0690
1003056.2900,0,3.1390,6.7060,6.0270
1003106.2650,0,3.1500,6.7490,6.0330
1003156.2450,0,3.1340,6.7710,6.0290
1003206.2210,0,3.1410,6.7590,6.0650
1003256.2020,0,3.1220,6.7400,6.0690
1003306.1750,0,3.1270,6.7040,6.0980
1003356.1600,0,3.1310,6.6880,6.0260
1003406.1320,0,3.1260,6.7510,6.0030
1003456.1120,0,3.1560,6.6420,6.0730
1003506.0930,0,3.1390,6.6420,6.0770
1003556.0670,0,3.1490,6.6570,6.0810
1003606.0440,0,3.1280,6.6200,6.0810
1003656.0270,0,3.1390,6.6600,6.0390
1003706.0020,0,3.1590,6.7110,6.0600
1003755.9820,0,3.1160,6.6440,6.0920
1003805.9560,0,3.1520,6.6880,6.0620
1003855.9390,0,3.1230,6.6430,6.0330
1003905.9150,0,3.1660,6.6200,6.0540
1003955.8910,0,3.1060,6.6300,6.0530
1004005.8710,0,3.1240,6.6530,6.0840
1004055.8480,0,3.1250,6.6060,6.0680
1004105.8240,0,3.1280,6.6050,6.0270
1004155.8020,0,3.1350,6.5810,6.0210
1004205.7840,0,3.1550,6.5960,6.0210
1004255.7600,0,3.1180,6.6180,6.0590
1004305.7360,0,3.1480,6.6430,6.0540
1004355.7150,0,3.1210,6.6410,6.0620
1004405.6960,0,3.1100,6.6870,6.0450
1004455.6700,0,3.1490,6.6710,6.0800
1004505.6480,0,3.1060,6.6740,6.0360
1004555.6290,0,3.1430,6.7210,6.0700
1004605.6020,0,3.1410,6.6420,6.0370
1004655.5820,0,3.1820,6.6190,6.0930
1004705.5610,0,3.1170,6.6710,6.0580
1004755.5370,0,3.1240,6.6890,6.0460
1004805.5150,0,3.1550,6.7030,5.9980
1004855.4960,0,3.1530,6.6800,6.0060
1004905.4740,0,3.1610,6.6580,6.0540
1004955.4480,0,3.1820,6.6950,6.0250
1005005.4290,0,3.1250,6.6720,6.1100
1005055.4080,0,3.0960,6.6930,5.9780
1005105.3820,0,3.1080,6.7980,6.0180
1005155.3650,0,3.0950,6.7720,6.0570
1005205.3440,0,3.1390,6.7940,6.0670
1005255.3190,0,3.1060,6.7330,6.0300
1005305.2970,0,3.1830,6.6810,5.9990
1005355.2730,0,3.1440,6.6970,6.0410
1005405.2530,0,3.1470,6.6870,6.0550
1005455.2300,0,3.1490,6.7060,6.0070
1005505.2090,0,3.1550,6.6970,6.0420
1005555.1880,0,3.1230,6.6690,6.0670
1005605.1640,0,3.1360,6.7090,6.0520
1005655.1400,0,3.1300,6.7540,6.0660
1005705.1170,0,3.1380,6.7790,6.0180
1005755.1000,0,3.1280,6.7910,6.0690
1005805.0730,0,3.1540,6.7180,6.0530
1005855.0540,0,3.0960,6.7480,6.0570
1005905.0350,0,3.1590,6.7960,6.0350
1005955.0090,0,3.1570,6.7400,6.0240
1006004.9890,0,3.1460,6.7870,6.0800
1006054.9670,0,3.0920,6.7720,6.0550
1006104.9470,0,3.1210,6.8180,6.0370
1006154.9230,0,3.1360,6.7970,6.0660
1006204.9020,0,3.1300,6.8200,6.0470
1006254.8770,0,3.1650,6.7880,6.0450
1006304.8570,0,3.1650,6.8240,6.0700
1006354.8330,0,3.1330,6.8650,6.0010
1006404.8100,0,3.1220,6.8460,6.0790
1006454.7860,0,3.1310,6.8060,6.0040
1006504.7640,0,3.1440,6.8370,6.0710
1006554.7430,0,3.1360,6.8400,6.0520
1006604.7260,0,3.1200,6.8100,6.0590
1006654.7020,0,3.1590,6.8530,6.0880
1006704.6780,0,3.1150,6.7840,6.0230
1006754.6540,0,3.1560,6.8500,6.0460
1006804.6320,0,3.1090,6.8040,6.0740
1006854.6100,0,3.1320,6.8030,6.0690
1006904.5890,0,3.1340,6.7710,6.0650
1006954.5660,0,3.1270,6.8130,6.0450
1007004.5480,0,3.1440,6.7580,6.0440
1007054.5240,0,3.1030,6.8040,6.0460
1007104.5030,0,3.1280,6.8270,6.0510
1007154.4830,0,3.1420,6.7980,6.0010
1007204.4560,0,3.1540,6.8170,6.0830
1007254.4330,0,3.1600,6.8230,6.0740
1007304.4120,0,3.1080,6.7870,6.0550
1007354.3900,0,3.1520,6.8340,6.0950
1007404.3730,0,3.1180,6.7660,6.0690
1007454.3470,0,3.1040,6.8010,6.0880
1007504.3240,0,3.1310,6.7850,6.0010
1007554.3020,0,3.1090,6.7950,6.0020
1007604.2820,0,3.1210,6.7880,6.0520
1007654.2610,0,3.1180,6.8140,6.0580
1007704.2370,0,3.1450,6.8110,6.1060
1007754.2150,0,3.1910,6.8020,6.0010
1007804.1900,0,3.1100,6.7980,6.0380
1007854.1740,0,3.1600,6.8100,6.0280
1007904.1480,0,3.1110,6.8160,6.0970
1007954.1290,0,3.1050,6.7640,6.0500
1008004.1040,0,3.1300,6.7440,6.0680
1008054.0780,0,3.1130,6.7920,6.0900
1008104.0610,0,3.1010,6.7730,6.0370
1008154.0380,0,3.1110,6.6970,6.0330
1008204.0120,0,3.1250,6.7620,6.0580
1008253.9940,0,3.1420,6.7620,6.0680
1008303.9710,0,3.1450,6.7220,6.1060
1008353.9460,0,3.1150,6.7780,6.0870
1008403.9240,0,3.1140,6.7490,6.0570
1008453.9050,0,3.1390,6.7430,6.0660
1008503.8810,0,3.1200,6.7200,6.0430
1008553.8620,0,3.1380,6.7300,6.0730
1008603.8400,0,3.1140,6.7020,6.0300
1008653.8160,0,3.1230,6.7310,6.0360
1008703.7910,0,3.1250,6.7230,6.0060
1008753.7690,0,3.1180,6.7440,6.0830
1008803.7480,0,3.1430,6.6970,6.0460
1008853.7280,0,3.1040,6.7410,6.0770
1008903.7070,0,3.1160,6.7930,6.0090
1008953.6830,0,3.1260,6.6870,6.0660
1009003.6570,0,3.1030,6.7300,6.0510
1009053.6390,0,3.1150,6.7040,6.0320
1009103.6180,0,3.1150,6.6790,6.0170
1009153.5930,0,3.1360,6.6750,6.0830
1009203.5700,0,3.1540,6.7000,6.0570
1009253.5500,0,3.0960,6.7290,6.0300
1009303.5280,0,3.1280,6.7220,6.0570
1009353.5030,0,3.1400,6.7010,6.1020
1009403.4800,0,3.1480,6.7170,6.0300
1009453.4560,0,3.1410,6.7550,6.0570
1009503.4370,0,3.1280,6.7070,6.0380
1009553.4140,0,3.1360,6.7450,6.0440
1009603.3920,0,3.1480,6.7030,6.0670
1009653.3700,0,3.1490,6.6960,6.0530
1009703.3450,0,3.1290,6.6760,6.0450
1009753.3280,0,3.1140,6.6690,6.0990
1009803.3050,0,3.1810,6.7220,6.0640
1009853.2800,0,3.1230,6.6770,5.9740
1009903.2570,0,3.1230,6.6580,6.0740
1009953.2380,0,3.1260,6.6520,6.0370
1010003.2100,0,3.1410,6.6480,6.0490
1010053.1950,0,3.1230,6.6700,6.0410
1010103.1720,0,3.1320,6.6410,6.0590
1010153.1470,0,3.1340,6.6630,6.0690
1010203.1260,0,3.1690,6.6810,6.0210
1010253.1060,0,3.1540,6.7150,6.0610
1010303.0820,0,3.1370,6.7010,6.0700
1010353.0610,0,3.1550,6.6810,6.1030
1010403.0330,0,3.1290,6.6830,6.0530
1010453.0170,0,3.0940,6.6700,6.0220
1010502.9910,0,3.0990,6.7260,6.0490
1010552.9700,0,3.1430,6.6810,6.0780
1010602.9450,0,3.1050,6.6630,6.0510
1010652.9280,0,3.1270,6.6770,6.0420
1010702.9030,0,3.1150,6.6900,6.0530
1010752.8770,0,3.1070,6.6080,6.0320
1010802.8560,0,3.1680,6.6990,6.0690
1010852.8390,0,3.1920,6.7010,6.0490
1010902.8160,0,3.0800,6.6880,6.0650
1010952.7880,0,3.1060,6.6640,6.0280
1011002.7700,0,3.1220,6.6530,6.0700
1011052.7480,0,3.1400,6.6400,6.0480
1011102.7240,0,3.1290,6.6450,6.0420
1011152.7050,0,3.1220,6.6610,6.0650
1011202.6790,0,3.1580,6.6590,6.0280
1011252.6570,0,3.1510,6.6100,6.0630
1011302.6350,0,3.1220,6.5900,6.0240
1011352.6170,0,3.1190,6.6390,6.0260
1011402.5920,0,3.1010,6.6400,6.0660
1011452.5710,0,3.1520,6.6230,6.0360
1011502.5490,0,3.1110,6.6180,6.0280
1011552.5240,0,3.1380,6.6310,6.0150
1011602.5000,0,3.1310,6.6610,6.0530
1011652.4820,0,3.1010,6.6220,6.0340
1011702.4570,0,3.1330,6.6290,6.0120
1011752.4330,0,3.1490,6.5980,6.0630
1011802.4130,0,3.1410,6.6280,6.0200
1011852.3900,0,3.1360,6.6000,6.0050
1011902.3700,0,3.1370,6.6260,6.0340
1011952.3450,0,3.1060,6.6120,6.0680
1012002.3250,0,3.1080,6.5860,6.0630
1012052.3020,0,3.1270,6.6200,6.0240
1012102.2810,0,3.1290,6.6050,6.0020
1012152.2600,0,3.1720,6.5760,6.0230
1012202.2340,0,3.0970,6.5930,6.0420
1012252.2140,0,3.0780,6.6200,6.0210
1012302.1910,0,3.1480,6.6280,6.0310
1012352.1700,0,3.1350,6.6240,6.0340
1012402.1480,0,3.1390,6.5920,5.9960
1012452.1250,0,3.1390,6.6130,6.0360
1012502.1010,0,3.1120,6.6120,6.0170
1012552.0760,0,3.1130,6.6370,6.0710
1012602.0600,0,3.1320,6.6530,6.0580
1012652.0330,0,3.1540,6.6270,6.0800
1012702.0110,0,3.1640,6.6050,6.0190
1012751.9920,0,3.1360,6.6230,6.0330
1012801.9700,0,3.1570,6.6370,6.0820
1012851.9490,0,3.1160,6.6820,6.0190
1012901.9230,0,3.1160,6.6330,6.0520
1012951.8990,0,3.1220,6.6490,6.0730
1013001.8820,0,3.1820,6.5880,6.0330
1013051.8570,0,3.1440,6.6300,6.0700
1013101.8380,0,3.1340,6.6490,6.0870
1013151.8140,0,3.1280,6.6530,6.0420
1013201.7940,0,3.1630,6.6800,6.0210
1013251.7690,0,3.0990,6.6250,6.0440
1013301.7440,0,3.1070,6.5910,6.0410
1013351.7240,0,3.1410,6.6510,6.0110
1013401.7020,0,3.1230,6.6050,6.0730
1013451.6760,0,3.1550,6.6310,6.0550
1013501.6540,0,3.1480,6.6210,6.0800
1013551.6360,0,3.1210,6.6270,6.0910
1013601.6150,0,3.1530,6.6140,6.0480
1013651.5940,0,3.1590,6.5910,6.0520
1013701.5690,0,3.1200,6.6160,6.0660
1013751.5430,0,3.1400,6.6770,6.0560
1013801.5200,0,3.1120,6.6590,6.0730
1013851.5040,0,3.1440,6.6230,6.0680
1013901.4820,0,3.1100,6.6790,6.0320
1013951.4550,0,3.1300,6.6490,6.0550
1014001.4330,0,3.1140,6.6580,6.0530
1014051.4140,0,3.1530,6.6920,6.0680
1014101.3880,0,3.1030,6.6460,6.0370
1014151.3650,0,3.1250,6.6570,6.0310
1014201.3440,0,3.0950,6.6330,6.0670
1014251.3240,0,3.1170,6.6580,6.0230
1014301.3000,0,3.1460,6.6390,6.0680
1014351.2820,0,3.1470,6.6310,6.0480
1014401.2590,0,3.1300,6.6340,6.0580
1014451.2310,0,3.1220,6.6560,6.0440
1014501.2110,0,3.1430,6.6970,6.0630
1014551.1900,0,3.1180,6.6460,6.0150
1014601.1710,0,3.1450,6.6980,6.0480
1014651.1480,0,3.1280,6.6890,6.0330
1014701.1210,0,3.1360,6.7220,6.0530
1014751.1040,0,3.1380,6.7280,6.0140
1014801.0820,0,3.1540,6.6820,6.0490
1014851.0570,0,3.1180,6.6780,6.0420
1014901.0370,0,3.1740,6.7180,6.0280
1014951.0130,0,3.1550,6.7070,6.0970
1015000.9910,0,3.1330,6.6340,5.9830
1015050.9710,0,3.1700,6.6650,6.0540
1015100.9420,0,3.0790,6.6420,6.0610
1015150.9230,0,3.1220,6.6560,6.0430
1015200.9000,0,3.0950,6.6110,6.0300
1015250.8780,0,3.1400,6.6420,6.0570
1015300.8540,0,3.0690,6.6570,6.0280
1015350.8320,0,3.1280,6.6030,6.0590
1015400.8110,0,3.1770,6.6170,6.0160
1015450.7860,0,3.1200,6.5640,6.0460
1015500.7660,0,3.1600,6.6630,6.0710
1015550.7460,0,3.1450,6.6800,6.0650
1015600.7240,0,3.1090,6.6810,6.0620
1015650.6980,0,3.1400,6.7030,6.0650
1015700.6790,0,3.1210,6.6760,6.0350
1015750.6550,0,3.1270,6.6790,6.0380
1015800.6340,0,3.1370,6.6790,6.0240
1015850.6090,0,3.1730,6.6510,6.0320
1015900.5920,0,3.1620,6.6200,6.0820
1015950.5660,0,3.1280,6.6240,6.0580
1016000.5460,0,3.1240,6.6520,6.0490
1016050.5220,0,3.1080,6.6230,6.0940
1016100.5040,0,3.1250,6.6440,6.0160
1016150.4770,0,3.1460,6.6010,6.0400
1016200.4590,0,3.1270,6.6100,6.0010
1016250.4360,0,3.1240,6.6120,6.0500
1016300.4080,0,3.1310,6.5930,6.0470
1016350.3890,0,3.1690,6.6040,6.0710
1016400.3650,0,3.1280,6.5740,6.0520
1016450.3420,0,3.1040,6.6270,6.0470
1016500.3250,0,3.1400,6.6140,6.0530
1016550.2980,0,3.1220,6.6330,6.0710
1016600.2800,0,3.1540,6.6250,6.0900
1016650.2580,0,3.1050,6.6250,5.9770
1016700.2300,0,3.1350,6.6890,6.0430
1016750.2120,0,3.1120,6.6650,6.0290
1016800.1880,0,3.1150,6.6810,6.0490
1016850.1700,0,3.1270,6.7040,6.0410
1016900.1420,0,3.1340,6.7330,6.0530
1016950.1240,0,3.1160,6.7710,6.0470
1017000.0980,0,3.1260,6.7380,6.0580
1017050.0750,0,3.1370,6.7680,6.0430
1017100.0580,0,3.1600,6.7590,6.0430
1017150.0320,0,3.1610,6.7400,6.0730
1017200.0120,0,3.1400,6.7100,6.0290
1017249.9910,0,3.1370,6.7310,6.0660
1017299.9650,0,3.1210,6.7750,6.0220
1017349.9420,0,3.1690,6.7230,6.0690
1017399.9240,0,3.1240,6.6860,6.0550
1017449.8970,0,3.1130,6.7400,6.0280
1017499.8770,0,3.1360,6.7130,6.0670
1017549.8570,0,3.1420,6.6800,6.0620
1017599.8310,0,3.1610,6.6980,6.0480
1017649.8100,0,3.1150,6.7270,6.0610
1017699.7890,0,3.1200,6.6330,6.1090
1017749.7640,0,3.1290,6.6570,6.0710
1017799.7450,0,3.1450,6.6300,6.0170
1017849.7250,0,3.1680,6.7530,6.0730
1017899.7010,0,3.1450,6.7540,6.0080
1017949.6750,0,3.1470,6.7350,6.0200
1017999.6550,0,3.0950,6.6980,6.0530
1018049.6360,0,3.1590,6.7300,6.0450
1018099.6080,0,3.1320,6.7140,6.0180
1018149.5880,0,3.1330,6.6860,6.0640
1018199.5640,0,3.2050,6.7110,6.0770
1018249.5450,0,3.1270,6.6990,6.0270
1018299.5210,0,3.1560,6.7060,6.0530
1018349.4980,0,3.0820,6.6990,6.0770
1018399.4760,0,3.1510,6.6920,6.0820
1018449.4540,0,3.1280,6.6780,6.0690
1018499.4340,0,3.1160,6.7320,6.0370
1018549.4090,0,3.0960,6.7610,6.0820
1018599.3890,0,3.1090,6.8010,6.0570
1018649.3670,0,3.1270,6.7580,6.0610
1018699.3440,0,3.1530,6.7940,6.0520
1018749.3220,0,3.1350,6.8870,5.9930
1018799.3000,0,3.1350,6.7900,6.0280
1018849.2800,0,3.1120,6.7890,6.0260
1018899.2560,0,3.1200,6.7800,6.0590
1018949.2300,0,3.1470,6.7500,6.0610
1018999.2100,0,3.1510,6.7400,6.0680
1019049.1850,0,3.1390,6.7150,6.0590
1019099.1640,0,3.1610,6.6530,6.0190
1019149.1410,0,3.1290,6.6460,6.0470
1019199.1210,0,3.1230,6.6810,6.0170
1019249.1010,0,3.1530,6.6460,6.0620
1019299.0750,0,3.1420,6.6440,6.0550
1019349.0580,0,3.1400,6.6620,6.0320
1019399.0300,0,3.1270,6.6350,6.0190
1019449.0080,0,3.1210,6.6200,6.0650
1019498.9900,0,3.1290,6.6500,6.0390
1019548.9680,0,3.1300,6.6910,6.0350
1019598.9410,0,3.1030,6.6910,6.0930
1019648.9240,0,3.1080,6.6600,6.0300
1019698.8990,0,3.1390,6.6970,6.0350
1019748.8770,0,3.1280,6.6640,6.0760
1019798.8510,0,3.1160,6.7000,6.0450
1019848.8350,0,3.0940,6.7370,6.0520
1019898.8070,0,3.1400,6.7540,6.0450
1019948.7880,0,3.1420,6.7380,6.0460
1019998.7650,0,3.1210,6.6770,6.0680
1020048.7420,0,3.1390,6.6460,6.0080
1020098.7210,0,3.1800,6.6750,6.0500
1020148.6960,0,3.1040,6.6400,6.0500
1020198.6770,0,3.1160,6.6640,6.0360
1020248.6540,0,3.0930,6.6820,6.0550
1020298.6300,0,3.1280,6.6380,6.0940
1020348.6100,0,3.1570,6.6570,6.0960
1020398.5880,0,3.0960,6.6860,6.0690
1020448.5660,0,3.1290,6.6460,6.0680
1020498.5440,0,3.1250,6.5850,6.0500
1020548.5210,0,3.1190,6.6120,6.0800
1020598.4970,0,3.0930,6.6020,6.0550
1020648.4750,0,3.1470,6.5770,6.0840
1020698.4560,0,3.1310,6.5820,6.0130
1020748.4300,0,3.1390,6.5780,6.0520
1020798.4130,0,3.0870,6.5730,6.0760
1020848.3890,0,3.1090,6.5120,6.0380
1020898.3630,0,3.1380,6.5720,6.0290
1020948.3460,0,3.1940,6.5750,6.0580
1020998.3230,0,3.1340,6.5570,6.0420
1021048.2990,0,3.1010,6.5640,6.0140
1021098.2770,0,3.0950,6.5770,6.0300
1021148.2530,0,3.1590,6.5770,6.0120
1021198.2320,0,3.1580,6.5370,6.0820
1021248.2110,0,3.1050,6.5710,6.0350
1021298.1910,0,3.1260,6.5400,6.0590
1021348.1670,0,3.1630,6.5360,6.0620
1021398.1420,0,3.1380,6.5440,6.0640
1021448.1210,0,3.1740,6.5400,6.0500
1021498.0970,0,3.1940,6.5830,6.0400
1021548.0810,0,3.1620,6.6190,6.0740
1021598.0540,0,3.1730,6.6230,6.0380
1021648.0310,0,3.1240,6.6110,6.0680
1021698.0120,0,3.1420,6.6190,6.0780
1021747.9890,0,3.1550,6.5790,6.0860
1021797.9630,0,3.1260,6.6190,6.0410
1021847.9420,0,3.1460,6.5670,6.0750
1021897.9220,0,3.1490,6.5740,6.0580
1021947.9030,0,3.1340,6.5410,6.0660
1021997.8790,0,3.1400,6.6180,6.0730
1022047.8580,0,3.1470,6.5440,6.0470
1022097.8340,0,3.1390,6.5720,6.0490
1022147.8130,0,3.1590,6.5650,6.0160
1022197.7870,0,3.1190,6.6100,6.0600
1022247.7690,0,3.1130,6.5760,6.0210
1022297.7410,0,3.0770,6.5300,6.0600
1022347.7230,0,3.1410,6.6050,6.0560
1022397.7000,0,3.1180,6.5770,6.0520
1022447.6750,0,3.1360,6.5800,6.0580
1022497.6580,0,3.1310,6.5770,6.0400
1022547.6330,0,3.1060,6.5630,6.0440
1022597.6120,0,3.1630,6.5800,6.0500
1022647.5920,0,3.1340,6.5880,6.0310
1022697.5690,0,3.1870,6.6550,6.0730
1022747.5430,0,3.1360,6.6300,6.0940
1022797.5240,0,3.1090,6.5930,6.0570
1022847.4990,0,3.1450,6.6230,6.0680
1022897.4790,0,3.1370,6.6350,6.0310
1022947.4580,0,3.1340,6.6140,6.0460
1022997.4370,0,3.1530,6.5320,6.0220
1023047.4100,0,3.1170,6.6090,6.0430
1023097.3890,0,3.1160,6.5730,6.0460
1023147.3640,0,3.1700,6.6110,6.0410
1023197.3480,0,3.1370,6.6330,6.0770
1023247.3240,0,3.1450,6.6560,6.0720
1023297.2990,0,3.1280,6.6510,6.0970
1023347.2800,0,3.1230,6.6360,6.0510
1023397.2550,0,3.1520,6.5930,6.0330
1023447.2350,0,3.1470,6.5800,6.0100
1023497.2120,0,3.1380,6.6220,5.9860
1023547.1910,0,3.1540,6.5520,6.0230
1023597.1650,0,3.1390,6.5790,6.0280
1023647.1480,0,3.1010,6.5680,6.0700
1023697.1250,0,3.1370,6.6360,6.0440
1023747.1010,0,3.1550,6.5850,6.0350
1023797.0780,0,3.1470,6.5590,6.0400
1023847.0590,0,3.1240,6.5810,6.0580
1023897.0300,0,3.1130,6.5690,6.0350
1023947.0090,0,3.1670,6.5620,6.0740
1023996.9880,0,3.1370,6.5960,6.0900
1024046.9660,0,3.1500,6.5850,6.0660
1024096.9430,0,3.1110,6.6040,6.0250
1024146.9230,0,3.1100,6.6160,6.0570
1024196.8980,0,3.0970,6.6120,6.0340
1024246.8760,0,3.1440,6.5820,6.0440
1024296.8550,0,3.1330,6.5730,6.0430
1024346.8340,0,3.1410,6.5510,6.0590
1024396.8150,0,3.0920,6.5970,6.0120
1024446.7860,0,3.1400,6.6440,6.0590
1024496.7670,0,3.1060,6.6020,6.0370
1024546.7450,0,3.1270,6.6630,6.0790
1024596.7230,0,3.1330,6.6320,6.0500
1024646.7030,0,3.1230,6.5540,6.0550
1024696.6800,0,3.1340,6.5600,6.0440
1024746.6590,0,3.0890,6.5860,6.0130
1024796.6370,0,3.1670,6.5430,6.0320
1024846.6100,0,3.1370,6.5470,6.0910
1024896.5920,0,3.1620,6.5540,6.0450
1024946.5650,0,3.1290,6.6310,6.0510
1024996.5490,0,3.1380,6.6170,6.0820
1025046.5260,0,3.1410,6.5850,6.0590
1025096.4980,0,3.1740,6.5770,6.0650
1025146.4790,0,3.1410,6.5370,6.0430
1025196.4550,0,3.1370,6.5690,6.0510
1025246.4330,0,3.2290,6.5710,6.0770
1025296.4110,0,3.1240,6.5760,6.0270
1025346.3880,0,3.1600,6.5670,6.0220
1025396.3650,0,3.1410,6.5570,6.0290
1025446.3440,0,3.1230,6.6050,6.0390
1025496.3230,0,3.0950,6.6090,6.0000
1025546.3040,0,3.1630,6.5620,6.0450
1025596.2800,0,3.1380,6.5350,6.0530
1025646.2590,0,3.1600,6.5370,6.0460
1025696.2340,0,3.1260,6.5930,6.0290
1025746.2120,0,3.1890,6.5710,6.0040
1025796.1910,0,3.1450,6.5480,6.0180
1025846.1650,0,3.1420,6.5520,6.0380
1025896.1430,0,3.1160,6.5850,6.0240
1025946.1220,0,3.1820,6.6360,6.0720
1025996.1040,0,3.1280,6.5470,6.0440
1026046.0780,0,3.1430,6.5740,6.0330
1026096.0540,0,3.1590,6.6340,6.0500
1026146.0350,0,3.1770,6.5660,6.0530
1026196.0120,0,3.1690,6.5510,6.0730
1026245.9930,0,3.1250,6.5640,6.0630
1026295.9700,0,3.0940,6.6190,6.0250
1026345.9490,0,3.1770,6.6300,6.0230
1026395.9210,0,3.1290,6.6280,6.0390
1026445.9020,0,3.1150,6.6820,6.0380
1026495.8800,0,3.1510,6.5830,6.0390
1026545.8600,0,3.1610,6.6020,6.0970
1026595.8360,0,3.1470,6.5980,6.0610
1026645.8110,0,3.1360,6.6050,6.0090
1026695.7940,0,3.0890,6.5870,6.0480
1026745.7690,0,3.1480,6.5790,6.0520
1026795.7440,0,3.1060,6.6350,6.0480
1026845.7230,0,3.1520,6.6490,6.0430
1026895.6980,0,3.1560,6.6120,6.0660
1026945.6780,0,3.1010,6.6300,6.0090
1026995.6610,0,3.1690,6.6040,6.0400
1027045.6350,0,3.1370,6.5790,6.0450
1027095.6140,0,3.1500,6.6630,6.0450
1027145.5910,0,3.1240,6.5960,6.0850
1027195.5710,0,3.1550,6.6400,6.0450
1027245.5460,0,3.1320,6.6910,6.0520
1027295.5230,0,3.1270,6.6900,6.0610
1027345.5010,0,3.1490,6.7050,5.9980
1027395.4760,0,3.1550,6.7070,6.0390
1027445.4560,0,3.1150,6.6820,6.0240
1027495.4360,0,3.1270,6.6540,6.0940
1027545.4120,0,3.1350,6.6180,6.0540
1027595.3890,0,3.1430,6.6380,6.0140
1027645.3690,0,3.1050,6.6430,6.0710
1027695.3460,0,3.1580,6.7100,6.0860
1027745.3250,0,3.1190,6.5880,6.0510
1027795.3000,0,3.1440,6.6710,6.0770
1027845.2780,0,3.1640,6.6610,6.0390
1027895.2600,0,3.1760,6.6390,6.1000
1027945.2370,0,3.1320,6.5760,6.0800
1027995.2130,0,3.1210,6.6170,6.0330
1028045.1940,0,3.1180,6.6610,6.0400
1028095.1690,0,3.1070,6.5880,6.0160
1028145.1490,0,3.1660,6.5810,6.0800
1028195.1260,0,3.1280,6.5930,6.0340
1028245.1000,0,3.1250,6.5680,6.0330
1028295.0800,0,3.1500,6.6290,6.0610
1028345.0570,0,3.1440,6.6010,6.0270
1028395.0360,0,3.1500,6.6110,6.0370
1028445.0130,0,3.1440,6.5710,6.0180
1028494.9930,0,3.1190,6.5880,6.0580
1028544.9700,0,3.1220,6.5450,6.0250
1028594.9450,0,3.1410,6.5860,6.0280
1028644.9210,0,3.1360,6.5090,6.0330
1028694.9000,0,3.1390,6.5470,6.0310
1028744.8810,1,3.1330,6.5610,6.0600
1028794.8550,0,3.1640,6.5590,6.0450
1028844.8350,2,3.1270,6.5800,6.0270
1028894.8110,0,3.1220,6.6640,6.0260
1028944.7890,1,3.0940,6.6770,6.0470
1028994.7720,0,3.1000,6.7220,6.0810
1029044.7450,2,3.1440,6.7890,6.0630
1029094.7230,0,3.1310,6.7490,6.0360
1029144.6990,1,3.0980,6.8030,6.0610
1029194.6780,0,3.1030,6.7510,6.0530
1029244.6550,2,3.1510,6.7660,6.0620
1029294.6390,0,3.1350,6.7190,6.0180
1029344.6100,1,3.1140,6.7180,6.0500
1029394.5950,0,3.1190,6.7050,6.0540
1029444.5660,2,3.1070,6.7160,6.0600
1029494.5500,0,3.1200,6.6600,6.0530
1029544.5270,1,3.1090,6.6650,6.0390
1029594.5040,0,3.1000,6.6950,6.0510
1029644.4810,2,3.1290,6.6970,6.0340
1029694.4550,0,3.1290,6.6200,6.0830
1029744.4350,1,3.1280,6.6060,6.0350
1029794.4110,0,3.1240,6.6640,6.0830
1029844.3910,2,3.1590,6.6540,6.0130
1029894.3730,0,3.1060,6.6390,6.0190
1029944.3450,1,3.1420,6.6330,6.0230
1029994.3220,0,3.1530,6.6400,5.9990
1030044.3040,2,3.1570,6.5640,6.0830
1030094.2820,0,3.1370,6.5710,6.0810
1030144.2570,1,3.1360,6.6600,6.0240
1030194.2370,0,3.1320,6.6130,6.0700
1030244.2110,2,3.1740,6.6370,6.0680
1030294.1940,0,3.1450,6.5810,6.0540
1030344.1700,1,3.1110,6.6400,6.0410
1030394.1480,0,3.0890,6.6490,6.0190
1030444.1250,2,3.1380,6.6210,6.0850
1030494.1060,0,3.1330,6.6280,6.0910
1030544.0790,1,3.1380,6.6200,6.0560
1030594.0580,0,3.1460,6.6070,6.0680
1030644.0370,2,3.1800,6.5900,6.0080
1030694.0110,0,3.1210,6.6070,6.0390
1030743.9950,1,3.1700,6.6350,6.0640
1030793.9720,0,3.1660,6.6250,6.0720
1030843.9460,2,3.1130,6.6320,6.0340
1030893.9220,0,3.1290,6.6880,6.0680
1030943.9010,1,3.1130,6.6610,6.0580
1030993.8800,0,3.1450,6.6580,6.0320
1031043.8570,2,3.1340,6.6380,6.0640
1031093.8350,0,3.1080,6.6830,6.0480
1031143.8120,1,3.1440,6.5820,6.0320
1031193.7930,0,3.1350,6.5940,6.0540
1031243.7700,2,3.0990,6.6310,6.0600
1031293.7480,0,3.0920,6.6380,6.0420
1031343.7230,1,3.1060,6.6040,6.0620
1031393.7050,0,3.1270,6.6420,6.0200
1031443.6790,2,3.1280,6.6010,6.0370
1031493.6580,0,3.1210,6.6730,6.1000
1031543.6350,1,3.1120,6.5950,6.0690
1031593.6180,0,3.1660,6.6560,6.0400
1031643.5930,2,3.1370,6.6120,6.0440
1031693.5700,0,3.1300,6.6030,6.0610
1031743.5510,1,3.1450,6.6330,6.0500
1031793.5270,0,3.1090,6.6380,5.9960
1031843.5050,2,3.1260,6.7160,6.0670
1031893.4840,0,3.1150,6.7090,6.0130
1031943.4620,1,3.1370,6.7420,6.0220
1031993.4420,0,3.1210,6.7600,6.1370
1032043.4200,2,3.1070,6.7960,6.0330
1032093.3960,0,3.1050,6.7870,6.0570
1032143.3770,1,3.1320,6.7720,6.0470
1032193.3490,0,3.1270,6.7340,5.9900
1032243.3300,2,3.1180,6.7610,6.0770
1032293.3090,0,3.1120,6.7290,6.0220
1032343.2890,1,3.1700,6.6900,6.0430
1032393.2670,0,3.0700,6.7010,6.0330
1032443.2400,2,3.1300,6.7020,6.0530
1032493.2240,0,3.0790,6.7290,6.0200
1032543.2020,1,3.1250,6.7010,6.0300
1032593.1780,0,3.1670,6.6640,6.0600
1032643.1540,2,3.1460,6.6390,6.0130
1032693.1300,0,3.1080,6.6820,6.0640
1032743.1130,1,3.1260,6.6620,6.0380
1032793.0920,0,3.1310,6.6750,6.0220
1032843.0670,2,3.1280,6.5880,6.0330
1032893.0450,0,3.1240,6.6360,5.9980
1032943.0230,1,3.0820,6.6420,6.0210
1032993.0000,0,3.1370,6.5880,6.0490
1033042.9790,2,3.1420,6.5950,6.0670
1033092.9580,0,3.1570,6.6270,6.0010
1033142.9340,1,3.1180,6.5770,6.0530
1033192.9170,0,3.1080,6.6080,6.0980
1033242.8910,2,3.1400,6.5870,6.0610
1033292.8700,0,3.1210,6.5770,6.0380
1033342.8490,1,3.1400,6.5720,6.0100
1033392.8290,0,3.1330,6.5770,6.0290
1033442.8020,2,3.1230,6.5830,6.0620
1033492.7840,0,3.1740,6.5680,6.0500
1033542.7640,1,3.1380,6.5500,6.0680
1033592.7420,0,3.1110,6.5690,6.0340
1033642.7200,2,3.1550,6.5730,6.0810
1033692.6930,0,3.1740,6.6460,6.0600
1033742.6730,1,3.1070,6.5520,6.0470
1033792.6540,0,3.1180,6.5880,6.0700
1033842.6300,2,3.1270,6.6130,6.0360
1033892.6110,0,3.1950,6.6530,6.0430
1033942.5830,1,3.1440,6.5930,6.0220
1033992.5640,0,3.1190,6.6720,6.0210
1034042.5440,2,3.1380,6.6820,6.0070
1034092.5200,0,3.0940,6.6620,6.0440
1034142.4990,1,3.1210,6.6720,6.0620
1034192.4780,0,3.1080,6.5850,6.0350
1034242.4540,2,3.1400,6.6180,6.1010
1034292.4310,0,3.1060,6.6430,6.0720
1034342.4140,1,3.1220,6.6670,6.0620
1034392.3880,0,3.1460,6.6220,6.0730
1034442.3660,2,3.1000,6.6380,6.0370
1034492.3430,0,3.0910,6.6400,6.0480
1034542.3280,1,3.0990,6.6410,6.0250
1034592.3060,0,3.1130,6.6470,6.0190
1034642.2790,2,3.1260,6.6330,5.9900
1034692.2590,0,3.1360,6.6050,6.0470
1034742.2390,1,3.1260,6.6200,6.0430
1034792.2130,0,3.1440,6.6520,6.0710
1034842.1940,2,3.1030,6.6650,6.0740
1034892.1710,0,3.1420,6.6880,6.0360
1034942.1520,1,3.1300,6.6430,6.0410
1034992.1250,0,3.1470,6.6560,6.0680
1035042.1040,2,3.0930,6.6690,6.0520
1035092.0830,0,3.1320,6.6600,6.0130
1035142.0580,1,3.1220,6.6720,6.0580
1035192.0410,0,3.1470,6.6450,6.0000
1035242.0210,2,3.1800,6.6510,6.0040
1035291.9930,0,3.1230,6.6500,6.0730
1035341.9730,1,3.1400,6.6280,6.0090
1035391.9550,0,3.1300,6.5840,6.0080
1035441.9290,2,3.1310,6.6320,6.0170
1035491.9090,0,3.1290,6.6390,6.0810
1035541.8900,1,3.1750,6.6180,6.0590
1035591.8650,0,3.1140,6.5670,6.0370
1035641.8430,2,3.1520,6.6340,6.0370
1035691.8240,0,3.1510,6.6710,6.0370
1035741.7980,1,3.1590,6.5480,6.0800
1035791.7770,0,3.1690,6.6070,6.0640
1035841.7570,2,3.1210,6.5780,6.0300
1035891.7350,0,3.1000,6.6070,6.0290
1035941.7140,1,3.1940,6.5710,6.0500
1035991.6890,0,3.1040,6.5240,6.0700
1036041.6660,2,3.1610,6.5390,6.0330
1036091.6490,0,3.1690,6.5220,6.0880
1036141.6250,1,3.0920,6.5700,6.0800
1036191.6010,0,3.1190,6.6050,6.0710
1036241.5810,2,3.1090,6.5100,6.0210
1036291.5580,0,3.1260,6.5510,6.0440
1036341.5370,1,3.1510,6.5360,6.0400
1036391.5170,0,3.1730,6.5900,6.0730
1036441.4960,2,3.1640,6.5720,6.0630
1036491.4710,0,3.0810,6.6020,6.0370
1036541.4500,1,3.0880,6.5930,6.0790
1036591.4290,0,3.1350,6.5940,6.0260
1036641.4080,2,3.1330,6.5970,6.0590
1036691.3840,0,3.0980,6.5720,6.0460
1036741.3590,1,3.1280,6.5440,6.0520
1036791.3370,0,3.1370,6.5550,6.0490
1036841.3150,2,3.1360,6.5330,6.0590
1036891.2930,0,3.1250,6.5690,6.0040
1036941.2760,1,3.1390,6.5830,6.0410
1036991.2500,0,3.1450,6.5580,6.0420
1037041.2270,2,3.1230,6.5000,6.0560
1037091.2060,0,3.1310,6.5070,6.0830
1037141.1870,1,3.1260,6.4840,6.0570
1037191.1640,0,3.1320,6.5010,5.9910
1037241.1460,2,3.1330,6.5640,6.0700
1037291.1200,0,3.1370,6.5400,6.0970
1037341.1010,1,3.1220,6.5270,6.0300
1037391.0740,0,3.1670,6.5550,6.0560
1037441.0560,2,3.1540,6.5060,6.0820
1037491.0300,0,3.1350,6.5430,6.0210
1037541.0120,1,3.0970,6.5580,6.0480
1037590.9900,0,3.1320,6.5500,6.0320
1037640.9710,2,3.1200,6.4870,6.0690
1037690.9460,0,3.1260,6.5600,6.0590
1037740.9260,1,3.1590,6.5410,6.0760
1037790.9040,0,3.1460,6.5230,6.0500
1037840.8810,2,3.1520,6.5870,6.0480
1037890.8560,0,3.1470,6.5840,6.0640
1037940.8370,1,3.1610,6.6040,6.0340
1037990.8160,0,3.1270,6.5780,6.0190
1038040.7950,2,3.1110,6.5820,6.0370
1038090.7710,0,3.1770,6.5970,6.0660
1038140.7510,1,3.1240,6.6070,6.0530
1038190.7310,0,3.1070,6.5570,6.0580
1038240.7040,2,3.1670,6.5920,6.0080
1038290.6850,0,3.1350,6.5980,6.0540
1038340.6600,1,3.1300,6.6390,6.0090
1038390.6430,0,3.1020,6.6160,6.0340
1038440.6160,2,3.1240,6.5950,6.0030
1038490.5960,0,3.0910,6.5970,6.0740
1038540.5720,1,3.1280,6.6040,6.0350
1038590.5520,0,3.1550,6.5610,6.0320
1038640.5310,2,3.1140,6.6190,6.0610
1038690.5100,0,3.1660,6.5770,6.0720
1038740.4890,1,3.1790,6.5620,6.0650
1038790.4630,0,3.1560,6.5930,6.0200
1038840.4430,2,3.1400,6.5710,6.0220
1038890.4230,0,3.1630,6.5890,6.0230
1038940.4020,1,3.1250,6.5810,6.0600
1038990.3800,0,3.1440,6.5830,6.0310
1039040.3540,2,3.1090,6.5460,6.0310
1039090.3330,0,3.1620,6.4990,6.0100
1039140.3110,1,3.1220,6.4920,6.0140
1039190.2910,0,3.1460,6.5320,6.0500
1039240.2660,2,3.1490,6.5470,6.0860
1039290.2490,0,3.1290,6.5250,6.0720
1039340.2260,1,3.1120,6.5700,6.0350
1039390.2010,0,3.1380,6.5530,6.0360
1039440.1790,2,3.1450,6.5150,6.0490
1039490.1590,0,3.1240,6.5700,6.0430
1039540.1340,1,3.0830,6.5780,6.0240
1039590.1140,0,3.1540,6.5220,6.0160
1039640.0920,2,3.1380,6.5450,6.0540
1039690.0690,0,3.1060,6.5160,6.0480
1039740.0520,1,3.1150,6.5330,6.0760
1039790.0290,0,3.1830,6.5470,6.0400
1039840.0090,2,3.1050,6.5680,6.0490
1039889.9820,0,3.1200,6.5800,6.0400
1039939.9590,1,3.1230,6.5960,6.0070
1039989.9380,0,3.1250,6.5870,6.0570
1040039.9170,2,3.1400,6.5160,6.0350
1040089.8950,0,3.1450,6.5520,6.0550
1040139.8750,1,3.1360,6.5390,6.0530
1040189.8520,0,3.1600,6.5980,6.0320
1040239.8290,2,3.1460,6.6720,6.0220
1040289.8110,0,3.1310,6.6060,6.0100
1040339.7900,1,3.1140,6.5990,6.0390
1040389.7650,0,3.1540,6.6190,6.0280
1040439.7410,2,3.1610,6.6500,6.0370
1040489.7220,0,3.1390,6.6910,6.0280
1040539.7020,1,3.1380,6.7130,6.0610
1040589.6760,0,3.1020,6.7370,6.0510
1040639.6540,2,3.1600,6.7420,6.0450
1040689.6360,0,3.1180,6.7870,6.0650
1040739.6140,1,3.1080,6.7640,6.0190
1040789.5930,0,3.0930,6.8070,6.0570
1040839.5650,2,3.1240,6.8360,6.0470
1040889.5460,0,3.0780,6.7890,6.0720
1040939.5240,1,3.1460,6.8060,6.0070
1040989.5050,0,3.1180,6.7580,6.0490
1041039.4810,2,3.1040,6.7950,6.0250
1041089.4600,0,3.1600,6.7640,6.0370
1041139.4350,1,3.1590,6.7700,6.0420
1041189.4170,0,3.1380,6.8530,6.0350
1041239.3900,2,3.1070,6.8090,6.0640
1041289.3720,0,3.1530,6.8000,6.0820
1041339.3510,1,3.1150,6.7460,6.0810
1041389.3310,0,3.1570,6.7630,6.0240
1041439.3060,2,3.1470,6.7420,6.0180
1041489.2870,0,3.1410,6.7270,6.0780
1041539.2620,1,3.1120,6.6900,6.0640
1041589.2410,0,3.1020,6.7380,6.0300
1041639.2200,2,3.0840,6.6850,6.0760
1041689.1940,0,3.1440,6.7540,6.0310
1041739.1760,1,3.1160,6.7000,6.0940
1041789.1500,0,3.1080,6.6780,6.0160
1041839.1310,2,3.1070,6.6950,6.0450
1041889.1070,0,3.1160,6.6690,6.0610
1041939.0850,1,3.0930,6.6300,6.0310
1041989.0630,0,3.0970,6.6020,6.0320
1042039.0460,2,3.1040,6.6540,6.0080
1042089.0210,0,3.1200,6.6420,6.0580
1042138.9990,1,3.1300,6.6560,6.0560
1042188.9750,0,3.1490,6.7270,6.0770
1042238.9570,2,3.0840,6.6990,6.0370
1042288.9330,0,3.1290,6.6280,6.0060
1042338.9090,1,3.0950,6.6190,6.0600
1042388.8900,0,3.1390,6.6150,6.0600
1042438.8660,2,3.1280,6.6440,6.0140
1042488.8440,0,3.1440,6.6050,6.0300
1042538.8210,1,3.1820,6.6310,5.9940
1042588.8030,0,3.1210,6.6230,6.0230
1042638.7830,2,3.1060,6.6340,6.0460
1042688.7600,0,3.1030,6.6270,6.0550
1042738.7400,1,3.1370,6.6670,6.0150
1042788.7140,0,3.1380,6.5920,6.0470
1042838.6950,2,3.1250,6.6050,6.0390
1042888.6690,0,3.1360,6.5740,6.0650
1042938.6520,1,3.1500,6.5660,6.0180
1042988.6270,0,3.1430,6.5580,6.0430
1043038.6050,2,3.1210,6.5630,6.0050
1043088.5820,0,3.1430,6.6420,6.0100
1043138.5610,1,3.1310,6.6660,6.0410
1043188.5390,0,3.1310,6.6060,6.0280
1043238.5210,2,3.1340,6.6040,6.0260
1043288.5000,0,3.1150,6.6350,6.0040
1043338.4740,1,3.1260,6.6560,6.0390
1043388.4550,0,3.1220,6.6220,6.0800
1043438.4280,2,3.0870,6.6500,6.0500
1043488.4100,0,3.1540,6.6300,6.0890
1043538.3900,1,3.1110,6.6310,6.0460
1043588.3680,0,3.1230,6.6220,6.0340
1043638.3460,2,3.1310,6.6710,6.0480
1043688.3230,0,3.1000,6.6580,6.0250
1043738.3020,1,3.1160,6.6590,6.0610
1043788.2780,0,3.0930,6.7130,6.0120
1043838.2570,2,3.1260,6.6900,6.0540
1043888.2330,0,3.1060,6.7150,6.0550
1043938.2150,1,3.1060,6.7410,6.0120
1043988.1820,0,3.1400,6.7230,6.0350
1044038.1700,2,3.1360,6.7590,6.0500
1044088.1490,0,3.1380,6.7210,6.1070
1044138.1230,1,3.1230,6.7100,6.0390
1044188.0990,0,3.1580,6.7360,6.0570
1044238.0830,2,3.1510,6.7880,6.0440
1044288.0590,0,3.1000,6.7640,6.0600
1044338.0380,1,3.1190,6.7920,5.9950
1044388.0160,0,3.1350,6.8040,6.0870
1044437.9910,0,3.1780,6.7580,6.0460
1044487.9740,2,3.0910,6.8260,6.0370
1044537.9490,1,3.1270,6.8120,6.0210
1044587.9260,0,3.1340,6.7930,6.0610
1044637.9060,2,3.1150,6.8070,6.0700
1044687.8860,0,3.1590,6.7630,6.0770
1044737.8600,1,3.1530,6.8400,6.0580
1044787.8370,0,3.0960,6.8460,6.0830
1044837.8210,0,3.0890,6.8460,6.0300
1044887.7980,2,3.1210,6.8780,6.0140
1044937.7770,1,3.1100,6.8340,6.0840
1044987.7490,0,3.0950,6.8690,6.0470
1045037.7280,2,3.1050,6.8310,5.9950
1045087.7110,0,3.0850,6.8250,6.0490
1045137.6870,1,3.0880,6.8310,6.0170
1045187.6660,0,3.1120,6.8270,6.0550
1045237.6410,0,3.0940,6.8380,6.0580
1045287.6180,2,3.1130,6.8450,6.0330
1045337.6000,1,3.1060,6.7920,6.0470
1045387.5760,0,3.1650,6.7760,6.0530
1045437.5560,2,3.1150,6.7130,6.0230
1045487.5360,0,3.1370,6.7320,6.0260
1045537.5110,1,3.1510,6.7030,6.0410
1045587.4910,0,3.1060,6.7120,6.0550
1045637.4700,2,3.1530,6.7360,6.0250
1045687.4430,0,3.1250,6.7010,6.0300
1045737.4250,1,3.1510,6.7310,6.0110
1045787.4050,0,3.1220,6.7590,6.0250
1045837.3790,2,3.0930,6.6890,6.0240
1045887.3570,0,3.1390,6.6680,6.0680
1045937.3360,1,3.1290,6.7270,6.0110
1045987.3160,0,3.0890,6.7260,6.0590
1046037.2910,0,3.1130,6.7020,6.0200
1046087.2690,2,3.1130,6.6790,6.0470
1046137.2520,1,3.0620,6.7040,6.0120
1046187.2270,0,3.1110,6.7210,6.0360
1046237.2050,2,3.1450,6.7280,6.0430
1046287.1870,0,3.1200,6.7340,6.0640
1046337.1590,0,3.1490,6.7700,6.0530
1046387.1380,1,3.0790,6.7430,6.0500
1046437.1180,2,3.0960,6.7800,6.0880
1046487.0930,0,3.0870,6.7770,6.0510
1046537.0770,1,3.1700,6.8230,6.0210
1046587.0500,0,3.1230,6.7540,6.0440
1046637.0320,2,3.1270,6.7410,6.0750
1046687.0060,0,3.0930,6.7060,6.0210
1046736.9870,0,3.1130,6.7390,6.0110
1046786.9630,1,3.1200,6.7210,6.0340
1046836.9450,2,3.1740,6.7210,6.0260
1046886.9230,0,3.1280,6.7280,6.0660
1046936.9000,1,3.1370,6.6960,6.0450
1046986.8800,0,3.1360,6.7800,6.0080
1047036.8580,2,3.1470,6.7130,6.0080
1047086.8330,0,3.0950,6.7170,6.0850
1047136.8130,0,3.1280,6.7590,6.0710
1047186.7880,1,3.1280,6.7020,6.0350
1047236.7680,2,3.1240,6.7590,6.0700
1047286.7460,0,3.1380,6.6830,6.0090
1047336.7230,1,3.1040,6.6850,6.0340
1047386.7040,0,3.1230,6.6890,6.0560
1047436.6830,2,3.1000,6.6980,6.0500
1047486.6610,0,3.0990,6.6550,6.0440
1047536.6380,0,3.1270,6.7080,6.0460
1047586.6130,1,3.1120,6.6260,6.0240
1047636.5940,2,3.1150,6.6500,6.0750
1047686.5680,0,3.1380,6.6420,6.0760
1047736.5470,1,3.1240,6.6300,6.0680
1047786.5300,0,3.1100,6.6320,6.0370
1047836.5050,0,3.0930,6.6780,6.0270
1047886.4860,2,3.1470,6.7100,6.0710
1047936.4640,0,3.1060,6.7420,6.0490
1047986.4390,1,3.0860,6.7120,6.0070
1048036.4190,2,3.1350,6.5970,6.0500
1048086.3990,0,3.0970,6.6750,6.0420
1048136.3710,1,3.1300,6.6570,6.0590
1048186.3500,0,3.1060,6.6880,6.0560
1048236.3320,0,3.1140,6.6890,6.0590
1048286.3080,2,3.1160,6.6800,6.0600
1048336.2880,0,3.1440,6.7040,6.0310
1048386.2680,1,3.1280,6.6830,6.0300
1048436.2400,2,3.1340,6.6320,6.0380
1048486.2180,0,3.1370,6.6720,6.0580
1048536.1980,1,3.0980,6.6130,6.0140
1048586.1760,0,3.1610,6.6310,6.0590
1048636.1580,0,3.1300,6.6810,6.0470
1048686.1320,2,3.1010,6.6340,6.0350
1048736.1140,0,3.1080,6.6520,6.0020
1048786.0880,1,3.0680,6.6740,6.0100
1048836.0710,2,3.1490,6.6980,6.0440
1048886.0470,0,3.1110,6.6460,6.0680
1048936.0260,1,3.1040,6.6860,6.0730
1048986.0020,0,3.1130,6.7480,6.0370
1049035.9830,0,3.1510,6.7690,6.0370
1049085.9550,2,3.1330,6.7190,6.0360
1049135.9340,0,3.1240,6.7100,6.0290
1049185.9110,1,3.1090,6.6500,6.0240
1049235.8960,2,3.1290,6.6710,6.0320
1049285.8730,0,3.0920,6.6240,6.0180
1049335.8510,1,3.1700,6.5760,6.0190
1049385.8250,0,3.1230,6.6340,6.0340
1049435.8050,0,3.1300,6.5500,6.0480
1049485.7820,2,3.1530,6.5890,6.0760
1049535.7610,0,3.1230,6.5850,6.0430
1049585.7410,1,3.1420,6.5890,6.0160
1049635.7180,2,3.1210,6.5650,6.0340
1049685.6970,0,3.1140,6.6100,6.0320
1049735.6740,0,3.1550,6.5570,6.0550
1049785.6550,1,3.1280,6.6180,6.0240
1049835.6280,0,3.1090,6.6060,6.0310
1049885.6060,2,3.0880,6.6050,5.9700
1049935.5870,0,3.1150,6.5810,6.0420
1049985.5640,1,3.1380,6.5780,5.9860
1050035.5400,2,3.1280,6.6050,6.0670
1050085.5200,0,3.1370,6.6130,6.0720
1050135.4970,0,3.1230,6.6720,6.0460
1050185.4800,1,3.1320,6.6490,6.0570
1050235.4550,0,3.1520,6.6960,6.0480
1050285.4300,2,3.1120,6.6570,6.0220
1050335.4130,0,3.1180,6.6090,6.0430
1050385.3870,1,3.1010,6.5860,6.0580
1050435.3710,2,3.1080,6.5760,6.0400
1050485.3450,0,3.1700,6.5940,6.0410
1050535.3270,0,3.1120,6.5980,6.0240
1050585.3030,1,3.1390,6.5480,6.0720
1050635.2780,0,3.1350,6.5990,6.0460
1050685.2580,2,3.1390,6.5990,6.0480
1050735.2340,0,3.1060,6.6170,6.0340
1050785.2140,1,3.1210,6.5590,6.0290
1050835.1950,0,3.1270,6.6110,6.0330
1050885.1730,2,3.0970,6.6190,6.0260
1050935.1500,0,3.1060,6.6170,6.0190
1050985.1240,1,3.1350,6.6700,6.0630
1051035.1030,0,3.1290,6.6530,5.9930
1051085.0820,2,3.1320,6.6800,6.0110
1051135.0610,0,3.0990,6.6110,6.0370
1051185.0400,1,3.1250,6.6750,6.0610
1051235.0200,0,3.1510,6.6680,6.0180
1051284.9960,2,3.0940,6.6430,6.0610
1051334.9750,0,3.1200,6.6590,6.0240
1051384.9490,1,3.1230,6.6520,6.0610
1051434.9290,0,3.1600,6.6220,6.0620
1051484.9080,2,3.1090,6.5690,6.0680
1051534.8870,0,3.1740,6.5890,6.0380
1051584.8650,1,3.1350,6.5970,6.0260
1051634.8450,0,3.1080,6.5860,6.0330
1051684.8190,2,3.1370,6.6270,6.0010
1051734.8010,0,3.1430,6.6220,6.0460
1051784.7770,1,3.1070,6.6570,6.0750
1051834.7570,0,3.1130,6.6120,6.0440
1051884.7350,2,3.1470,6.7140,6.0270
1051934.7120,0,3.1270,6.7150,6.0470
1051984.6860,1,3.1360,6.7970,6.0580
1052034.6660,0,3.0970,6.7240,6.0370
1052084.6440,2,3.1370,6.7050,6.0480
1052134.6250,0,3.1430,6.7260,6.0510
1052184.6020,1,3.1420,6.7030,6.0070
1052234.5810,0,3.1170,6.6570,6.0210
1052284.5590,2,3.1310,6.6730,5.9750
1052334.5340,0,3.1050,6.6160,6.0470
1052384.5120,1,3.1150,6.5880,6.0640
1052434.4890,0,3.1290,6.5990,6.0490
1052484.4700,2,3.1280,6.5720,6.0760
1052534.4480,0,3.1040,6.5940,6.0580
1052584.4260,1,3.1560,6.5790,6.0310
1052634.4060,0,3.1060,6.6270,6.1010
1052684.3860,2,3.1600,6.6860,6.0380
1052734.3620,0,3.1530,6.6970,5.9940
1052784.3370,1,3.1310,6.7180,6.0490
1052834.3170,0,3.1430,6.6910,6.0080
1052884.2930,2,3.1390,6.6620,6.0530
1052934.2760,0,3.1300,6.6390,6.0940
1052984.2540,1,3.1530,6.6700,6.0260
1053034.2290,0,3.1640,6.6330,6.0240
1053084.2060,2,3.1170,6.6620,6.0740
1053134.1880,0,3.1300,6.6180,5.9960
1053184.1630,1,3.1200,6.5970,6.0280
1053234.1410,0,3.1380,6.5710,6.0740
1053284.1200,2,3.1350,6.5930,6.0230
1053334.1010,0,3.0860,6.6500,6.0700
1053384.0740,1,3.1480,6.5440,6.0240
1053434.0570,0,3.1420,6.5950,6.0580
1053484.0310,2,3.1060,6.6310,6.0930
1053534.0090,0,3.1040,6.5720,6.0180
1053583.9910,1,3.1430,6.5970,6.0260
1053633.9690,0,3.1220,6.5960,6.0040
1053683.9460,2,3.1400,6.6320,6.0750
1053733.9210,0,3.1440,6.5540,6.0270
1053783.9040,1,3.1690,6.4760,6.0500
1053833.8820,0,3.1340,6.5610,6.0160
1053883.8550,2,3.1630,6.5810,6.0670
1053933.8340,0,3.1300,6.5660,6.0250
1053983.8150,1,3.1220,6.5970,6.0330
1054033.7920,0,3.1450,6.6540,6.0170
1054083.7710,2,3.1250,6.5820,6.0720
1054133.7450,0,3.1230,6.5690,6.0290
1054183.7270,1,3.1150,6.5650,6.0690
1054233.7070,0,3.1120,6.5160,6.0440
1054283.6820,2,3.1270,6.5510,6.0540
1054333.6630,0,3.1190,6.6050,6.0560
1054383.6400,1,3.1400,6.5450,6.0640
1054433.6160,0,3.1220,6.5850,6.0200
1054483.5980,2,3.1230,6.5690,6.0950
1054533.5740,0,3.1530,6.5640,6.0500
1054583.5540,1,3.1230,6.5520,6.0480
1054633.5290,0,3.1460,6.5280,6.0460
1054683.5100,2,3.1170,6.5710,6.0490
1054733.4880,0,3.1220,6.5170,6.0320
1054783.4630,1,3.1260,6.5760,6.0640
1054833.4450,0,3.1520,6.5430,6.0140
1054883.4230,2,3.1630,6.5470,6.0480
1054933.3980,0,3.1320,6.5540,6.0370
1054983.3770,1,3.1600,6.5520,6.0640
1055033.3550,0,3.1790,6.5200,6.0300
1055083.3310,2,3.1090,6.5430,6.0420
1055133.3130,0,3.0990,6.5260,6.0350
1055183.2870,1,3.1120,6.5120,6.0790
1055233.2680,0,3.1230,6.5020,6.0530
1055283.2470,2,3.1190,6.5530,6.0930
1055333.2250,0,3.1160,6.5070,6.0360
1055383.2010,1,3.1210,6.4920,6.0880
1055433.1800,0,3.1150,6.5360,6.0190
1055483.1590,2,3.1120,6.5870,6.0460
1055533.1360,0,3.1090,6.5600,6.0820
1055583.1110,1,3.1490,6.5740,6.0620
1055633.0910,0,3.1250,6.5410,6.0390
1055683.0690,2,3.1350,6.6180,5.9970
1055733.0440,0,3.1370,6.6360,6.0560
1055783.0250,1,3.1530,6.6100,6.0800
1055833.0060,0,3.1460,6.6110,6.0120
1055882.9830,2,3.1400,6.5980,5.9890
1055932.9610,0,3.0930,6.5570,6.0210
1055982.9380,1,3.0950,6.5870,6.0340
1056032.9100,0,3.0890,6.5310,6.0600
1056082.8930,2,3.1440,6.5250,6.0460
1056132.8700,0,3.1300,6.5040,6.0380
1056182.8490,1,3.1280,6.4740,6.0200
1056232.8250,0,3.1010,6.5450,6.0580
1056282.8020,2,3.1110,6.5650,6.0560
1056332.7830,0,3.1800,6.5430,6.0290
1056382.7620,1,3.1390,6.5420,6.0720
1056432.7380,0,3.1620,6.5260,6.0850
1056482.7160,2,3.1250,6.5110,6.0580
1056532.6910,0,3.1290,6.5470,6.0530
1056582.6660,1,3.1230,6.5930,6.0210
1056632.6440,0,3.1200,6.5390,6.0410
1056682.6230,2,3.1290,6.5490,6.0710
1056732.6060,0,3.1090,6.4970,6.0570
1056782.5830,1,3.1020,6.5420,6.0340
1056832.5600,0,3.1590,6.5270,6.0370
1056882.5340,2,3.1320,6.5460,6.0520
1056932.5120,0,3.1180,6.5210,6.0310
1056982.4950,1,3.1700,6.5770,6.0650
1057032.4690,0,3.0980,6.5610,6.0390
1057082.4500,2,3.0860,6.5930,6.0280
1057132.4270,0,3.1130,6.5810,6.0870
1057182.4020,1,3.1270,6.5780,6.0740
1057232.3840,0,3.0860,6.5400,6.0280
1057282.3620,2,3.1830,6.6110,6.0380
1057332.3350,0,3.1400,6.6440,6.0370
1057382.3170,1,3.1060,6.6550,6.0260
1057432.2900,0,3.1710,6.6360,6.0140
1057482.2720,2,3.1520,6.6500,6.0390
1057532.2450,0,3.1680,6.7100,6.0730
1057582.2260,1,3.0890,6.6790,6.0650
1057632.2010,0,3.1210,6.7420,6.0110
1057682.1820,2,3.1200,6.7290,6.0690
1057732.1580,0,3.1240,6.7010,6.0110
1057782.1380,1,3.1150,6.7090,6.0480
1057832.1130,0,3.1530,6.7280,6.0370
1057882.0890,2,3.1120,6.6650,6.0130
1057932.0730,0,3.1340,6.6910,6.0490
1057982.0500,1,3.1240,6.6880,6.0920
1058032.0300,0,3.1460,6.6600,6.0700
1058082.0030,2,3.1760,6.6220,6.0620
1058131.9800,0,3.1240,6.6630,6.0810
1058181.9570,1,3.1370,6.6610,6.0570
1058231.9390,0,3.1220,6.6370,6.0550
1058281.9140,2,3.0980,6.5950,6.0450
1058331.8910,0,3.1140,6.5960,6.0650
1058381.8720,1,3.1330,6.5720,6.0730
1058431.8470,0,3.1170,6.5270,6.0580
1058481.8270,2,3.1160,6.5800,6.0660
1058531.8030,0,3.1260,6.5820,6.0380
1058581.7820,1,3.1600,6.5640,6.0430
1058631.7570,0,3.0910,6.5640,6.0330
1058681.7380,2,3.1460,6.5820,6.0530
1058731.7160,0,3.0700,6.5270,6.0050
1058781.6940,0,3.1200,6.5920,6.0760
1058831.6710,0,3.1030,6.5990,6.0230
1058881.6520,0,3.1370,6.6340,6.0400
1058931.6290,0,3.1250,6.6040,6.0770
1058981.6070,0,3.1500,6.6650,6.0540
1059031.5830,0,3.1200,6.6790,6.0260
1059081.5640,0,3.1410,6.6590,6.0470
1059131.5410,0,3.1130,6.6670,6.0520
1059181.5170,0,3.1100,6.6600,6.0570
1059231.4920,0,3.1410,6.6930,6.0660
1059281.4730,0,3.1120,6.5910,6.0360
1059331.4480,0,3.1100,6.5980,6.0230
1059381.4280,0,3.0920,6.5930,6.0510
1059431.4020,0,3.1440,6.5910,6.0420
1059481.3820,0,3.1330,6.6180,6.0020
1059531.3610,0,3.1320,6.6080,6.0460
1059581.3410,0,3.1200,6.5700,6.0440
1059631.3130,0,3.1300,6.5320,6.0530
1059681.2970,0,3.1310,6.5790,6.0610
1059731.2740,0,3.1230,6.5090,6.0380
1059781.2470,0,3.1120,6.5820,6.0560
1059831.2240,0,3.1030,6.5420,6.0050
1059881.2030,0,3.1450,6.6090,6.0160
1059931.1800,0,3.1060,6.5880,6.0390
1059981.1580,0,3.1390,6.6100,6.0330
1060031.1420,0,3.1490,6.5890,6.0050
1060081.1150,0,3.1360,6.5640,6.0240
1060131.0950,0,3.1720,6.6230,6.0330
1060181.0720,0,3.1100,6.6100,6.0750
1060231.0530,0,3.1320,6.5560,6.0510
1060281.0310,0,3.1310,6.6370,6.0470
1060331.0030,0,3.1510,6.6270,6.0530
1060380.9860,0,3.1540,6.5660,6.0660
1060430.9610,0,3.1630,6.6370,6.0530
1060480.9420,0,3.1630,6.5310,6.0260
1060530.9150,0,3.1390,6.5400,6.0140
1060580.8970,0,3.1470,6.5360,6.0200
1060630.8700,0,3.1180,6.5450,6.0300
1060680.8470,0,3.1370,6.6270,6.0170
1060730.8280,0,3.1360,6.5910,6.0860
1060780.8080,0,3.1330,6.5670,6.0570
1060830.7820,0,3.1370,6.5440,6.0550
1060880.7640,0,3.1490,6.5610,6.0110
1060930.7400,0,3.1500,6.5550,6.0220
1060980.7150,0,3.1420,6.6110,6.0050
1061030.6920,0,3.1710,6.6110,6.0420
1061080.6750,0,3.1040,6.6120,6.0250
1061130.6540,0,3.1180,6.6450,6.0500
1061180.6250,0,3.1260,6.6120,6.0410
1061230.6090,0,3.1260,6.6280,6.0430
1061280.5820,0,3.0990,6.6730,6.0660
1061330.5630,0,3.1820,6.6360,6.0680
1061380.5370,0,3.1240,6.5710,6.0200
1061430.5140,0,3.1480,6.6310,6.0500
1061480.4920,0,3.1620,6.5800,6.0420
1061530.4710,0,3.1330,6.6280,6.0880
1061580.4540,0,3.1110,6.6200,6.0780
1061630.4280,0,3.1170,6.5640,6.0670
1061680.4090,0,3.1550,6.6190,6.0310
1061730.3840,0,3.1130,6.6040,6.0120
1061780.3630,0,3.1820,6.5720,6.0220
1061830.3430,0,3.1620,6.5810,6.0310
1061880.3190,0,3.1260,6.6170,6.0410
1061930.2940,0,3.1160,6.5730,6.0550
1061980.2740,0,3.1180,6.5810,6.0500
1062030.2550,0,3.1170,6.6540,6.0680
1062080.2270,0,3.1150,6.6600,6.0380
1062130.2050,0,3.0990,6.6400,6.0560
1062180.1850,0,3.1150,6.6040,6.0550
1062230.1640,0,3.1420,6.6990,6.0420
1062280.1430,0,3.1350,6.6290,6.0040
1062330.1180,0,3.1630,6.6960,6.0500
1062380.0960,0,3.1300,6.6680,6.0550
1062430.0770,0,3.0880,6.6480,5.9950
1062480.0550,0,3.1170,6.6930,6.0660
1062530.0310,0,3.1150,6.7450,6.0670
1062580.0110,0,3.1530,6.7510,6.0140
1062629.9830,0,3.1010,6.7480,6.0260
1062679.9630,0,3.1180,6.7570,6.0460
1062729.9430,0,3.1380,6.7300,6.0320
1062779.9170,0,3.1460,6.7080,6.0620
1062829.8970,0,3.1240,6.6440,6.0310
1062879.8770,0,3.1290,6.6750,6.0460
1062929.8550,0,3.1510,6.6400,6.0600
1062979.8320,0,3.1640,6.6800,6.0500
1063029.8060,0,3.1090,6.6850,6.0790
1063079.7850,0,3.1440,6.6730,6.0630
1063129.7620,0,3.1260,6.7160,6.0530
1063179.7440,0,3.1050,6.6410,5.9970
1063229.7180,0,3.1240,6.5940,6.0780
1063279.6990,0,3.0920,6.5700,6.0230
1063329.6740,0,3.1310,6.6180,6.0460
1063379.6510,0,3.1030,6.6140,6.0660
1063429.6280,0,3.1100,6.6280,6.0210
1063479.6100,0,3.1340,6.5940,5.9870
1063529.5840,0,3.1370,6.6140,6.0200
1063579.5640,0,3.1310,6.6010,6.0290
1063629.5440,0,3.1390,6.5700,6.0500
1063679.5200,0,3.1620,6.5740,6.0270
1063729.4970,0,3.1420,6.5790,6.1130
1063779.4740,0,3.0830,6.5510,6.0830
1063829.4510,0,3.1140,6.5680,6.0530
1063879.4280,0,3.1590,6.5480,6.0200
1063929.4090,0,3.1170,6.6050,5.9920
1063979.3890,0,3.1110,6.6150,6.0360
1064029.3640,0,3.1380,6.6150,6.0630
1064079.3440,0,3.1150,6.6110,6.0380
1064129.3170,0,3.1140,6.6180,6.0690
1064179.3010,0,3.1600,6.6640,6.0940
1064229.2780,0,3.1420,6.6660,6.0560
1064279.2520,0,3.1260,6.6320,6.0130
1064329.2310,0,3.0960,6.6250,6.0480
1064379.2050,0,3.1530,6.6050,6.0240
1064429.1860,0,3.1430,6.6020,6.0380
1064479.1660,0,3.1350,6.5980,6.0490
1064529.1430,0,3.1490,6.5890,6.0400
1064579.1180,0,3.1730,6.5450,6.0300
1064629.0960,0,3.1310,6.5700,6.0370
1064679.0740,0,3.1790,6.6100,6.0330
1064729.0560,0,3.1320,6.6030,5.9900
1064779.0280,0,3.1920,6.5880,6.0430
1064829.0100,0,3.1410,6.5860,6.0590
1064878.9860,0,3.1360,6.5890,6.0820
1064928.9620,0,3.1290,6.5890,6.0180
1064978.9450,0,3.1060,6.6050,6.0430
1065028.9210,0,3.1100,6.6100,6.0820
1065078.8950,0,3.1110,6.6000,6.0250
1065128.8780,0,3.1510,6.5600,6.0370
1065178.8540,0,3.1050,6.5680,6.0340
1065228.8310,0,3.1110,6.6280,6.0750
1065278.8120,0,3.1110,6.6420,6.0540
1065328.7870,0,3.1450,6.6170,6.0350
1065378.7620,0,3.1660,6.6950,6.0250
1065428.7420,0,3.1470,6.7070,6.0300
1065478.7180,0,3.1230,6.6340,6.0490
1065528.6970,0,3.1620,6.6720,5.9940
1065578.6770,0,3.1270,6.7150,6.0450
1065628.6570,0,3.1260,6.6710,6.0820
1065678.6310,0,3.2040,6.7150,6.0590
1065728.6090,0,3.1570,6.6680,6.0640
1065778.5840,0,3.1400,6.6320,6.0630
1065828.5640,0,3.1290,6.6440,6.0320
1065878.5430,0,3.1340,6.6340,6.0300
1065928.5240,0,3.1510,6.6650,6.0280
1065978.5020,0,3.1190,6.6390,6.0610
1066028.4750,0,3.1460,6.6090,6.0370
1066078.4530,0,3.1130,6.6130,6.0030
1066128.4350,0,3.0970,6.6280,6.0270
1066178.4090,0,3.1150,6.6200,6.0450
1066228.3860,0,3.1490,6.5920,6.0310
1066278.3690,0,3.1590,6.6170,6.0270
1066328.3460,0,3.1460,6.5810,6.0380
1066378.3190,0,3.1360,6.5900,6.0320
1066428.3010,0,3.1260,6.6280,6.0390
1066478.2740,0,3.1200,6.5950,6.0910
1066528.2520,0,3.1260,6.6100,6.0400
1066578.2360,0,3.1280,6.5640,6.0630
1066628.2100,0,3.1370,6.5710,6.0260
1066678.1850,0,3.1360,6.5910,6.0430
1066728.1670,0,3.1430,6.6030,6.0140
1066778.1450,0,3.1480,6.5700,6.0450
1066828.1180,0,3.1420,6.5720,6.0460
1066878.1010,0,3.1080,6.5450,6.0120
1066928.0760,0,3.1140,6.5830,6.0290
1066978.0560,0,3.1310,6.5160,6.0330
1067028.0300,0,3.1380,6.5030,6.0480
1067078.0110,0,3.1410,6.6150,6.0330
1067127.9860,0,3.1490,6.5800,6.0150
1067177.9680,0,3.1200,6.5580,6.0140
1067227.9420,0,3.0840,6.5410,6.0720
1067277.9200,0,3.1230,6.5840,6.0430
1067327.8990,0,3.1310,6.5500,6.0790
1067377.8780,0,3.1400,6.5160,6.0350
1067427.8550,0,3.1760,6.5670,6.0390
1067477.8310,0,3.1320,6.5040,6.0740
1067527.8090,0,3.1020,6.5480,6.0230
1067577.7900,0,3.1180,6.6400,6.0490
1067627.7640,0,3.1400,6.6090,6.0060
1067677.7460,0,3.1110,6.5910,5.9920
1067727.7200,0,3.1530,6.6050,6.0290
1067777.6970,0,3.1740,6.6280,6.0150
1067827.6800,0,3.1240,6.6460,6.0310
1067877.6550,0,3.1550,6.6360,6.0450
1067927.6330,0,3.1440,6.6480,6.0200
1067977.6140,0,3.1270,6.6320,6.0060
1068027.5870,0,3.1070,6.6720,6.0450
1068077.5660,0,3.1200,6.6410,5.9960
1068127.5450,0,3.1440,6.5870,6.0700
1068177.5200,0,3.1230,6.6680,6.0460
1068227.5030,0,3.1250,6.6340,6.0560
1068277.4800,0,3.1080,6.6790,6.0520
1068327.4580,0,3.1250,6.6480,6.0610
1068377.4360,0,3.1220,6.6270,6.0190
1068427.4140,0,3.1490,6.6230,6.0670
1068477.3870,0,3.1210,6.6520,6.0160
1068527.3690,0,3.1400,6.5800,6.0310
1068577.3430,0,3.0940,6.5410,6.0980
1068627.3220,0,3.1300,6.6230,6.0510
1068677.3030,0,3.1720,6.6630,6.0290
1068727.2790,0,3.0870,6.6720,6.0520
1068777.2550,0,3.1200,6.6840,6.0420
1068827.2380,0,3.1260,6.7730,6.0330
1068877.2130,0,3.0980,6.7360,6.0720
1068927.1930,0,3.1190,6.7740,6.0700
1068977.1660,0,3.1170,6.7480,6.0300
1069027.1480,0,3.0870,6.7950,6.0810
1069077.1270,0,3.1040,6.8060,6.0400
1069127.0990,0,3.1430,6.8180,6.0560
1069177.0780,0,3.1170,6.7360,6.0820
1069227.0560,0,3.0960,6.7630,6.0510
1069277.0340,0,3.1060,6.7440,6.0150
1069327.0110,0,3.1200,6.7820,5.9910
1069376.9920,0,3.1190,6.7540,6.0490
1069426.9700,0,3.1230,6.7390,6.0730
1069476.9440,0,3.0970,6.7850,6.0270
1069526.9280,0,3.1220,6.7310,6.0890
1069576.9050,0,3.1100,6.8350,6.0950
1069626.8840,0,3.0680,6.7760,6.0410
1069676.8560,0,3.1410,6.7630,6.0360
1069726.8340,0,3.1420,6.7880,6.0070
1069776.8140,0,3.0850,6.7390,6.0000
1069826.7930,0,3.1330,6.7570,5.9990
1069876.7710,0,3.0780,6.7620,6.0210
1069926.7480,0,3.1110,6.7670,6.0810
1069976.7250,0,3.0720,6.7290,6.0110
1070026.7080,0,3.1250,6.7460,6.0200
1070076.6840,0,3.1370,6.7690,6.0570
1070126.6570,0,3.1220,6.7410,6.0450
1070176.6360,0,3.1170,6.7400,6.0450
1070226.6180,0,3.0860,6.7170,6.0360
1070276.5930,0,3.1370,6.7090,6.0570
1070326.5680,0,3.1220,6.7640,5.9990
1070376.5460,0,3.1200,6.7500,6.0740
1070426.5260,0,3.1370,6.7350,6.0190
1070476.5060,0,3.1150,6.7140,6.0710
1070526.4800,0,3.1490,6.7080,6.0170
1070576.4630,0,3.1250,6.6710,6.0190
1070626.4370,0,3.1270,6.7020,6.0240
1070676.4140,0,3.1100,6.7120,6.0330
1070726.3950,0,3.1330,6.7020,6.0250
1070776.3730,0,3.1330,6.6860,6.0470
1070826.3500,0,3.1100,6.7070,6.0220
1070876.3290,0,3.1030,6.6940,6.0960
1070926.3050,0,3.1110,6.6490,6.0530
1070976.2800,0,3.1420,6.6680,5.9990
1071026.2590,0,3.1010,6.6450,6.0700
1071076.2380,0,3.1460,6.6420,6.0430
1071126.2200,0,3.1170,6.6510,6.0340
1071176.1950,0,3.0920,6.6220,6.0000
1071226.1740,0,3.1590,6.6310,6.0370
1071276.1500,0,3.1560,6.6270,6.0460
1071326.1260,0,3.1020,6.6120,6.0170
1071376.1030,0,3.1620,6.6130,6.0760
1071426.0870,0,3.1420,6.6070,6.0480
1071476.0640,0,3.1150,6.6300,6.0490
1071526.0410,0,3.1230,6.5700,6.0620
1071576.0210,0,3.1220,6.6210,5.9990
1071625.9950,0,3.1260,6.6750,6.0540
1071675.9720,0,3.1020,6.5860,6.0810
1071725.9550,0,3.1690,6.6200,6.0030
1071775.9330,0,3.1350,6.6500,6.0430
1071825.9060,0,3.1420,6.6290,6.0060
1071875.8840,0,3.1190,6.6620,6.0570
1071925.8600,0,3.1650,6.6360,6.1060
1071975.8440,0,3.1330,6.6900,6.0630
1072025.8190,0,3.1540,6.6360,6.0010
1072075.7980,0,3.1280,6.6510,6.0080
1072125.7780,0,3.1220,6.6860,6.0270
1072175.7520,0,3.1290,6.6990,6.0790
1072225.7280,0,3.1070,6.7170,6.0580
1072275.7060,0,3.1360,6.7120,6.0510
1072325.6880,0,3.1190,6.7240,5.9910
1072375.6640,0,3.0980,6.7850,6.0890
1072425.6410,0,3.1180,6.7330,6.0270
1072475.6230,0,3.1210,6.8020,6.0230
1072525.5950,0,3.1510,6.7150,6.0490
1072575.5770,0,3.1440,6.7630,6.0520
1072625.5500,0,3.0900,6.7320,6.0360
1072675.5330,0,3.0860,6.7500,6.0730
1072725.5090,0,3.0940,6.7740,6.0860
1072775.4850,0,3.1350,6.7470,6.0610
1072825.4660,0,3.1280,6.7450,6.0340
1072875.4440,0,3.1040,6.7040,6.0280
1072925.4200,0,3.1360,6.7520,6.0430
1072975.3960,0,3.0770,6.7320,6.0370
1073025.3790,0,3.1500,6.7830,6.0200
1073075.3530,0,3.1210,6.8060,6.0390
1073125.3300,0,3.1290,6.7900,6.0270
1073175.3070,0,3.1080,6.8270,6.0590
1073225.2880,0,3.0670,6.7710,6.0610
1073275.2670,0,3.1080,6.8350,6.0420
1073325.2400,0,3.1160,6.8510,6.0610
1073375.2200,0,3.0830,6.8830,6.0520
1073425.1960,0,3.1430,6.9370,6.0290
1073475.1780,0,3.1210,6.8430,6.0960
1073525.1580,0,3.1300,6.8730,6.0480
1073575.1350,0,3.0890,6.8290,6.0440
1073625.1120,0,3.1410,6.8530,6.0250
1073675.0870,0,3.1300,6.7950,6.0160
1073725.0690,0,3.1110,6.8650,6.0230
1073775.0440,0,3.1020,6.8090,6.0330
1073825.0190,0,3.0920,6.8310,6.0330
1073874.9970,0,3.0850,6.8560,6.0660
1073924.9800,0,3.0910,6.7960,6.0550
1073974.9530,0,3.1330,6.8890,6.0020
1074024.9350,0,3.0690,6.8230,6.0590
1074074.9120,0,3.1250,6.8930,6.0540
1074124.8890,0,3.1090,6.8320,6.0290
1074174.8690,0,3.1080,6.7610,6.0290
1074224.8450,0,3.0940,6.7680,6.0220
1074274.8240,0,3.1190,6.7710,6.0230
1074324.8020,0,3.1070,6.7810,6.0480
1074374.7760,0,3.1270,6.7370,6.0370
1074424.7570,0,3.1160,6.7310,6.0770
1074474.7340,0,3.0950,6.7600,6.0420
1074524.7150,0,3.1060,6.7130,6.0110
1074574.6900,0,3.1270,6.7370,6.0380
1074624.6640,0,3.0880,6.7050,6.0220
1074674.6450,0,3.0980,6.7490,6.0570
1074724.6230,0,3.0930,6.7560,6.0330
1074774.5980,0,3.1360,6.6980,6.0000
1074824.5810,0,3.1570,6.7160,6.0570
1074874.5570,0,3.1660,6.7640,6.0110
1074924.5340,0,3.1110,6.7130,6.0700
1074974.5160,0,3.1060,6.6910,6.0200
1075024.4900,0,3.1370,6.6800,6.0530
1075074.4650,0,3.1260,6.7010,5.9970
1075124.4460,0,3.1140,6.6680,6.0310
1075174.4260,0,3.1370,6.7140,6.0400
1075224.4010,0,3.1120,6.6530,6.0400
1075274.3760,0,3.1170,6.6920,6.0190
1075324.3600,0,3.1430,6.6950,6.0430
1075374.3370,0,3.1400,6.7350,6.0420
1075424.3150,0,3.1500,6.7400,6.0540
1075474.2880,0,3.1390,6.7280,6.0320
1075524.2670,0,3.1190,6.7450,6.0430
1075574.2480,0,3.1260,6.8030,6.0260
1075624.2260,0,3.1210,6.7050,6.0110
1075674.2050,0,3.1530,6.7520,6.0940
1075724.1800,0,3.1680,6.7630,6.0240
1075774.1590,0,3.1620,6.7160,6.0390
1075824.1340,0,3.1270,6.6810,6.0570
1075874.1150,0,3.1320,6.7550,6.0490
1075924.0940,0,3.1140,6.7640,6.0480
1075974.0680,0,3.1310,6.7180,6.0370
1076024.0510,0,3.1050,6.7320,6.0380
1076074.0260,0,3.1450,6.7020,6.0400
1076124.0050,0,3.1250,6.7420,6.0000
1076173.9780,0,3.1060,6.6450,6.0160
1076223.9560,0,3.1300,6.6650,6.0190
1076273.9340,0,3.1310,6.6740,6.0140
1076323.9150,0,3.1310,6.6560,6.0830
1076373.8900,0,3.1320,6.6700,6.0580
1076423.8720,0,3.1080,6.6470,6.0440
1076473.8490,0,3.1520,6.6390,6.0080
1076523.8250,0,3.1380,6.6990,6.0670
1076573.8030,0,3.1170,6.6550,6.0660
1076623.7850,0,3.1200,6.6700,6.0690
1076673.7630,0,3.1250,6.7030,6.0610
1076723.7380,0,3.1400,6.7190,6.0510
1076773.7180,0,3.1410,6.7530,6.0630
1076823.6900,0,3.1030,6.7720,6.0360
1076873.6740,0,3.1530,6.8350,6.0020
1076923.6500,0,3.1080,6.7910,6.0510
1076973.6300,0,3.1180,6.7830,6.0360
1077023.6030,0,3.1340,6.7660,6.0970
1077073.5850,0,3.1440,6.7430,6.0770
1077123.5610,0,3.0940,6.7570,6.0450
1077173.5360,0,3.1440,6.8010,6.0080
1077223.5160,0,3.1170,6.8020,6.0420
1077273.4980,0,3.1230,6.8220,6.0320
1077323.4720,0,3.0980,6.8040,6.0470
1077373.4530,0,3.1340,6.8350,6.0510
1077423.4250,0,3.1190,6.8580,6.0400
1077473.4090,0,3.1070,6.9080,6.0250
1077523.3850,0,3.0690,6.9140,6.0490
1077573.3600,0,3.0550,6.9370,6.0190
1077623.3420,0,3.0880,6.8740,6.0600
1077673.3210,0,3.1150,6.8670,6.0580
1077723.2960,0,3.1160,6.8200,6.0830
1077773.2740,0,3.1140,6.7720,6.0680
1077823.2530,0,3.1020,6.8400,6.0230
1077873.2310,0,3.1490,6.9150,6.0450
1077923.2050,0,3.1180,6.9120,6.0130
1077973.1870,0,3.1310,6.9000,6.0870
1078023.1590,0,3.0920,6.9260,6.0380
1078073.1380,0,3.1240,6.9480,6.0210
1078123.1150,0,3.1180,6.9430,6.0260
1078173.0930,0,3.1140,6.9270,6.0660
1078223.0760,0,3.1210,6.8930,6.0280
1078273.0490,0,3.0660,6.8770,6.0820
1078323.0310,0,3.0840,6.9200,6.0050
1078373.0070,0,3.0880,6.8550,6.0550
1078422.9860,0,3.0870,6.8390,6.0430
1078472.9630,0,3.1200,6.8430,6.0030
1078522.9380,0,3.1480,6.7740,6.0590
1078572.9220,0,3.1550,6.7950,6.0310
1078622.8940,0,3.0950,6.7520,6.0260
1078672.8720,0,3.1060,6.7370,6.0450
1078722.8510,0,3.1200,6.7430,6.0450
1078772.8300,0,3.1050,6.7540,6.0270
1078822.8050,0,3.1130,6.7690,6.0710
1078872.7830,0,3.0830,6.7990,6.0220
1078922.7630,0,3.1440,6.8310,6.0220
1078972.7440,0,3.1330,6.7490,6.0100
1079022.7190,0,3.1140,6.7530,6.0230
1079072.7010,0,3.1440,6.7870,6.0520
1079122.6740,0,3.1320,6.8000,6.0260
1079172.6530,0,3.1260,6.8560,6.0490
1079222.6320,0,3.0810,6.8780,6.0370
1079272.6070,0,3.1280,6.8800,6.0250
1079322.5850,0,3.0860,6.8310,6.0590
1079372.5650,0,3.1130,6.9160,6.0350
1079422.5400,0,3.1330,6.9430,6.0470
1079472.5240,0,3.1210,6.8920,6.0450
1079522.5000,0,3.0840,6.8530,6.0660
1079572.4750,0,3.1110,6.8500,6.0410
1079622.4570,0,3.1010,6.8500,6.0300
1079672.4300,0,3.1240,6.8540,6.0710
1079722.4110,0,3.0970,6.8800,6.0180
1079772.3890,0,3.0680,6.8470,6.0180
1079822.3630,0,3.1120,6.8880,5.9840
1079872.3450,0,3.0890,6.8590,6.0280
1079922.3250,0,3.1190,6.8550,6.0220
1079972.2970,0,3.1180,6.8760,6.0030
1080022.2760,0,3.1220,6.8140,6.0610
1080072.2540,0,3.1230,6.8020,6.0520
1080122.2370,0,3.0720,6.7790,6.0370
1080172.2100,0,3.1090,6.8100,6.0550
1080222.1890,0,3.0910,6.8160,6.0280
1080272.1710,0,3.0910,6.8550,6.0350
1080322.1470,0,3.1130,6.8290,6.0350
1080372.1220,0,3.0930,6.8440,6.0120
1080422.1050,0,3.1000,6.8470,6.0450
1080472.0780,0,3.1130,6.8330,5.9930
1080522.0580,0,3.1080,6.8060,6.0540
1080572.0370,0,3.0780,6.8040,6.0500
1080622.0160,0,3.0600,6.8370,6.0530
1080671.9920,0,3.1320,6.8120,6.0610
1080721.9700,0,3.1120,6.7890,6.0600
1080771.9460,0,3.1410,6.7630,6.0640
1080821.9250,0,3.1210,6.7670,6.0180
1080871.9070,0,3.1270,6.7880,6.0480
1080921.8850,0,3.1100,6.7950,6.0600
1080971.8590,0,3.1170,6.8100,6.0500
1081021.8370,0,3.1380,6.7730,5.9860
1081071.8170,0,3.0790,6.7860,6.0440
1081121.7940,0,3.0610,6.8210,6.0420
1081171.7710,0,3.0760,6.7650,6.0570
1081221.7490,0,3.1260,6.7550,6.0330
1081271.7280,0,3.1180,6.7840,6.0310
1081321.7090,0,3.0860,6.7510,6.0570
1081371.6870,0,3.0940,6.7260,6.0580
1081421.6590,0,3.1210,6.7260,6.0200
1081471.6400,0,3.1130,6.6910,6.0280
1081521.6180,0,3.1040,6.6850,6.0580
1081571.5980,0,3.0740,6.6900,6.0400
1081621.5760,0,3.0970,6.7110,6.0350
1081671.5510,0,3.1360,6.7320,6.0240
1081721.5310,0,3.1040,6.7210,6.0780
1081771.5050,0,3.1360,6.7620,6.0360
1081821.4870,0,3.1280,6.7100,6.0720
1081871.4620,0,3.1130,6.7200,6.0170
1081921.4400,0,3.1450,6.7730,6.0370
1081971.4180,0,3.1110,6.6880,6.0660
1082021.4010,0,3.1100,6.6800,6.0470
1082071.3740,0,3.0820,6.7130,6.0440
1082121.3530,0,3.1010,6.7200,6.0590
1082171.3310,0,3.1130,6.6860,6.0180
1082221.3120,0,3.0910,6.6980,6.0370
1082271.2900,0,3.1070,6.6900,6.0460
1082321.2660,0,3.1140,6.7620,6.0840
1082371.2460,0,3.1310,6.7350,6.0020
1082421.2230,0,3.1080,6.7620,6.0290
1082471.2020,0,3.1460,6.7640,6.0200
1082521.1760,0,3.1310,6.7120,6.0580
1082571.1530,0,3.1230,6.6820,6.0560
1082621.1340,0,3.1670,6.6760,6.0720
1082671.1140,0,3.1100,6.6850,6.0790
1082721.0900,0,3.1150,6.6770,6.0690
1082771.0720,0,3.1100,6.6970,6.0510
1082821.0440,0,3.1140,6.6760,6.0200
1082871.0260,0,3.1310,6.6610,5.9880
1082920.9990,0,3.1030,6.6590,6.0060
1082970.9840,0,3.1280,6.6860,6.0450
1083020.9550,0,3.0860,6.6750,6.0190
1083070.9390,0,3.1310,6.6920,5.9950
1083120.9120,0,3.1090,6.6950,6.0440
1083170.8890,0,3.1380,6.6540,6.0730
1083220.8680,0,3.0840,6.6860,5.9810
1083270.8460,0,3.1030,6.7850,6.0380
1083320.8260,0,3.0930,6.7370,5.9990
1083370.8050,0,3.0900,6.7490,6.0530
1083420.7840,0,3.1240,6.8020,6.0390
1083470.7600,0,3.1520,6.8000,6.0210
1083520.7380,0,3.1080,6.8130,6.0270
1083570.7170,0,3.1130,6.8170,6.0530
1083620.6940,0,3.1250,6.7710,6.0410
1083670.6750,0,3.1280,6.8300,6.0800
1083720.6510,0,3.1350,6.7900,6.0720
1083770.6310,0,3.1120,6.8010,6.0410
1083820.6050,0,3.1290,6.8100,6.0300
1083870.5820,0,3.1110,6.8120,6.0410
1083920.5620,0,3.1110,6.7770,6.0580
1083970.5390,0,3.0510,6.7900,6.0150
1084020.5160,0,3.0940,6.7800,6.0270
1084070.4950,0,3.0750,6.7520,6.0420
1084120.4760,0,3.0980,6.7890,6.0590
1084170.4500,0,3.1230,6.7410,6.0620
1084220.4330,0,3.0780,6.7040,6.0270
1084270.4070,0,3.0880,6.7300,6.0200
1084320.3880,0,3.1230,6.7100,6.0480
1084370.3660,0,3.0820,6.7440,6.0620
1084420.3390,0,3.0780,6.7500,6.0350
1084470.3200,0,3.0730,6.7170,6.0570
1084520.3000,0,3.1110,6.7900,6.0250
1084570.2760,0,3.1090,6.7350,6.0180
1084620.2530,0,3.1130,6.6670,6.0220
1084670.2300,0,3.1040,6.6980,6.0620
1084720.2070,0,3.1080,6.7230,6.0880
1084770.1870,0,3.1020,6.7030,6.0430
1084820.1650,0,3.0960,6.6720,6.0490
1084870.1440,0,3.0580,6.6790,6.0590
1084920.1230,0,3.1440,6.7100,6.0730
1084970.1010,0,3.0860,6.7370,6.0310
1085020.0750,0,3.1070,6.6770,5.9720
1085070.0540,0,3.0890,6.6680,5.9880
1085120.0330,0,3.1630,6.6920,6.0440
1085170.0090,0,3.1490,6.6780,6.0250
1085219.9870,0,3.1630,6.7050,6.0490
1085269.9650,0,3.1530,6.7190,5.9890
1085319.9430,0,3.1420,6.6670,6.0670
1085369.9210,0,3.1060,6.7500,6.0660
1085419.9020,0,3.1380,6.7490,6.0680
1085469.8790,0,3.0840,6.7260,6.0660
1085519.8560,0,3.0910,6.6590,6.0720
1085569.8350,0,3.0980,6.7180,6.0210
1085619.8160,0,3.1590,6.7280,6.0420
1085669.7920,0,3.1330,6.7610,5.9790
1085719.7690,0,3.0990,6.7120,6.1060
1085769.7470,0,3.1230,6.7770,6.0970
1085819.7250,0,3.1500,6.7130,6.0480
1085869.7060,0,3.1400,6.7470,6.0190
1085919.6840,0,3.0970,6.7320,6.0510
1085969.6620,0,3.1440,6.7130,6.0170
1086019.6380,0,3.1130,6.7240,6.0340
1086069.6130,0,3.1150,6.7400,6.0370
1086119.5970,0,3.0720,6.7710,6.0260
1086169.5720,0,3.1150,6.7580,6.0050
1086219.5480,0,3.1010,6.7320,6.0440
1086269.5290,0,3.1010,6.7080,6.0590
1086319.5070,0,3.1390,6.6250,6.0440
1086369.4830,0,3.1560,6.6800,6.0320
1086419.4620,0,3.1140,6.6660,6.0240
1086469.4370,0,3.0680,6.6620,6.0290
1086519.4190,0,3.1290,6.6950,6.0440
1086569.3940,0,3.1230,6.6310,6.0260
1086619.3710,0,3.1080,6.6420,6.0130
1086669.3530,0,3.1260,6.6150,6.0740
1086719.3290,0,3.1310,6.6160,6.0190
1086769.3100,0,3.0870,6.6300,6.0250
1086819.2880,0,3.1150,6.6370,6.0570
1086869.2640,0,3.1170,6.5950,6.0420
1086919.2440,0,3.1380,6.5630,6.0290
1086969.2190,0,3.0790,6.5690,6.0570
1087019.2010,0,3.1260,6.5830,5.9860
1087069.1760,0,3.0570,6.5990,6.0170
1087119.1560,0,3.1240,6.6050,6.0990
1087169.1340,0,3.1140,6.6030,6.0340
1087219.1130,0,3.1480,6.6180,6.0670
1087269.0870,0,3.1360,6.5990,6.0630
1087319.0640,0,3.1190,6.6180,6.0430
1087369.0450,0,3.1460,6.5930,6.0310
1087419.0220,0,3.1380,6.6290,6.0000
1087469.0030,0,3.1680,6.5760,6.0450
1087518.9770,0,3.1450,6.5730,6.0360
1087568.9540,0,3.0940,6.5560,6.0330
1087618.9360,0,3.0940,6.5580,6.0490
1087668.9120,0,3.0980,6.5820,6.0180
1087718.8910,0,3.1480,6.5950,6.0260
1087768.8680,0,3.1160,6.6510,5.9940
1087818.8430,0,3.1680,6.6690,6.1090
1087868.8230,0,3.1060,6.6510,6.0190
1087918.8040,0,3.1450,6.6900,6.0530
1087968.7820,0,3.0770,6.7040,6.0380
1088018.7580,0,3.0960,6.7100,6.0180
1088068.7370,0,3.0870,6.7200,6.0350
1088118.7130,0,3.1220,6.7390,6.0640
1088168.6910,0,3.1170,6.7130,6.0160
1088218.6690,0,3.1210,6.7430,6.0800
1088268.6510,0,3.0980,6.7540,6.0300
1088318.6280,0,3.1030,6.7300,6.0130
1088368.6010,0,3.0820,6.7340,6.0340
1088418.5810,0,3.1290,6.7560,5.9830
1088468.5610,0,3.0830,6.7590,6.0220
1088518.5380,0,3.1330,6.7210,6.0420
1088568.5130,0,3.0660,6.7980,6.0200
1088618.4960,0,3.1500,6.7580,6.0490
1088668.4700,0,3.1440,6.7350,6.0410
1088718.4470,1,3.1330,6.7510,6.0030
1088768.4280,0,3.1040,6.7500,6.0050
1088818.4060,2,3.1360,6.7200,6.0050
1088868.3840,0,3.1300,6.7210,6.0650
1088918.3590,1,3.1140,6.7480,6.0000
1088968.3380,0,3.1140,6.7820,6.0560
1089018.3150,2,3.1000,6.7720,6.0230
1089068.2960,0,3.0870,6.7310,6.0410
1089118.2710,1,3.1270,6.7130,6.0090
1089168.2510,0,3.1210,6.7160,6.0220
1089218.2270,2,3.1080,6.7100,6.0460
1089268.2110,0,3.0940,6.7020,6.0050
1089318.1830,1,3.1210,6.6920,6.0210
1089368.1620,0,3.1360,6.6840,6.0740
1089418.1380,2,3.1100,6.6650,6.0590
1089468.1180,0,3.1160,6.6950,6.0620
1089518.1000,1,3.1040,6.6760,6.0820
1089568.0780,0,3.0870,6.6580,6.0640
1089618.0530,2,3.1440,6.6920,6.0690
1089668.0290,0,3.1110,6.7140,5.9980
1089718.0110,1,3.1370,6.7000,6.0010
1089767.9850,0,3.1030,6.7220,5.9920
1089817.9660,2,3.0850,6.7150,6.0080
1089867.9410,0,3.1170,6.7450,6.0060
1089917.9240,1,3.1510,6.6510,6.0060
1089967.8960,0,3.1060,6.6510,6.0530
1090017.8750,2,3.1290,6.6380,6.0340
1090067.8550,0,3.1040,6.6390,6.0740
1090117.8340,1,3.1320,6.6860,6.0060
1090167.8120,0,3.1030,6.6620,6.0610
1090217.7870,2,3.1050,6.6660,6.0320
1090267.7700,0,3.1280,6.6570,6.0300
1090317.7460,1,3.1400,6.5980,6.0500
1090367.7250,0,3.1250,6.6010,6.0230
1090417.7030,2,3.1120,6.6130,6.0100
1090467.6780,0,3.1180,6.5970,6.0030
1090517.6550,1,3.1220,6.6210,6.0940
1090567.6330,0,3.1680,6.6210,6.0080
1090617.6110,2,3.1200,6.5930,6.0220
1090667.5910,0,3.1430,6.5830,6.0530
1090717.5730,1,3.1290,6.6390,6.0550
1090767.5460,0,3.1000,6.6100,6.0590
1090817.5280,2,3.1470,6.5760,5.9970
1090867.5040,0,3.1240,6.5630,6.0010
1090917.4790,0,3.1130,6.6020,6.0350
1090967.4590,1,3.1090,6.5560,6.0830
1091017.4370,2,3.0960,6.5620,6.0630
1091067.4140,0,3.1710,6.5670,6.0450
1091117.3900,1,3.1240,6.5590,6.0440
1091167.3750,0,3.0950,6.5540,6.0710
1091217.3520,2,3.1530,6.5190,6.0410
1091267.3270,0,3.1540,6.5670,6.0270
1091317.3060,0,3.1420,6.5400,6.0760
1091367.2830,1,3.1680,6.5380,6.0180
1091417.2590,2,3.1380,6.6330,6.0700
1091467.2370,0,3.0910,6.6120,6.0310
1091517.2160,1,3.0920,6.6570,6.0550
1091567.1980,0,3.1340,6.6110,6.0460
1091617.1750,2,3.1180,6.5980,6.0260
1091667.1530,0,3.0970,6.5940,5.9690
1091717.1290,0,3.1460,6.6050,6.0340
1091767.1050,1,3.1350,6.5550,6.0490
1091817.0880,2,3.1090,6.5360,6.0710
1091867.0600,0,3.1450,6.5420,6.0610
1091917.0400,1,3.0880,6.5880,6.0360
1091967.0160,0,3.1300,6.5320,6.0100
1092016.9940,0,3.1510,6.5350,6.0430
1092066.9730,2,3.1290,6.5360,6.0210
1092116.9540,1,3.1390,6.5610,6.0000
1092166.9280,0,3.0650,6.5560,6.0380
1092216.9080,2,3.1120,6.4780,6.0390
1092266.8830,0,3.1310,6.5630,6.0750
1092316.8650,1,3.1360,6.5650,6.0530
1092366.8390,0,3.1310,6.5740,6.0230
1092416.8200,0,3.1470,6.6010,6.0050
1092466.7970,2,3.0900,6.5960,6.0300
1092516.7760,1,3.1190,6.5940,6.0550
1092566.7510,0,3.1110,6.5830,5.9990
1092616.7300,2,3.0950,6.6160,6.0250
1092666.7060,0,3.1340,6.5970,6.0760
1092716.6880,1,3.1120,6.6230,6.0640
1092766.6640,0,3.1180,6.5410,6.0590
1092816.6430,0,3.1060,6.6060,6.0290
1092866.6210,2,3.0880,6.6160,6.0260
1092916.5990,1,3.1290,6.5840,6.0310
1092966.5750,0,3.0900,6.6200,6.0130
1093016.5520,2,3.0880,6.5450,6.0240
1093066.5310,0,3.1600,6.5830,6.0770
1093116.5050,1,3.1530,6.5830,6.0770
1093166.4870,0,3.1000,6.5560,6.0390
1093216.4610,0,3.1030,6.5220,6.0320
1093266.4390,2,3.1020,6.5570,6.0510
1093316.4160,1,3.1240,6.5360,6.0530
1093366.3940,0,3.1350,6.5150,6.0310
1093416.3720,2,3.1170,6.5290,5.9720
1093466.3540,0,3.1490,6.5520,6.0460
1093516.3310,1,3.1350,6.5140,6.0220
1093566.3100,0,3.1400,6.5600,6.0400
1093616.2850,0,3.0940,6.5680,6.0350
1093666.2670,2,3.0760,6.5170,6.0510
1093716.2380,1,3.1140,6.5940,6.0420
1093766.2190,0,3.1580,6.5910,6.0330
1093816.1950,2,3.1460,6.6220,6.0600
1093866.1720,0,3.1660,6.6040,5.9890
1093916.1530,1,3.0850,6.5710,6.0340
1093966.1340,0,3.1250,6.5700,6.0530
1094016.1100,0,3.0880,6.5120,6.0680
1094066.0830,2,3.1320,6.5750,6.0620
1094116.0640,1,3.1390,6.5480,6.0320
1094166.0450,0,3.0970,6.5520,6.0370
1094216.0170,2,3.1150,6.5340,6.0590
1094265.9960,0,3.1080,6.5730,6.0010
1094315.9760,0,3.1400,6.6010,6.0710
1094365.9560,1,3.1140,6.6360,6.0510
1094415.9280,0,3.1320,6.5880,6.0590
1094465.9070,2,3.1290,6.5590,6.0220
1094515.8900,1,3.1400,6.6170,6.0180
1094565.8660,0,3.1370,6.5450,6.0570
1094615.8460,2,3.1510,6.6100,6.0140
1094665.8220,0,3.1310,6.5380,5.9960
1094715.8000,0,3.1140,6.5980,6.0330
1094765.7760,1,3.1350,6.5890,6.0630
1094815.7570,0,3.1330,6.5740,6.0750
1094865.7320,2,3.1240,6.6280,6.0450
1094915.7080,1,3.1040,6.6740,6.0580
1094965.6900,0,3.1180,6.6530,6.0430
1095015.6640,2,3.1520,6.6710,6.0270
1095065.6410,0,3.1510,6.7070,6.0560
1095115.6190,0,3.1130,6.7230,6.0650
1095165.5950,1,3.1340,6.7650,6.0450
1095215.5760,0,3.1480,6.6930,6.0270
1095265.5540,2,3.1160,6.7060,6.0390
1095315.5300,1,3.1340,6.6740,6.0030
1095365.5070,0,3.1360,6.6880,6.0270
1095415.4910,0,3.1050,6.7000,6.0770
1095465.4690,2,3.1510,6.6790,6.0860
1095515.4460,0,3.1310,6.6590,6.0490
1095565.4210,1,3.1130,6.6240,6.0680
1095615.3980,0,3.1360,6.6520,6.0180
1095665.3780,2,3.1300,6.6720,6.0670
1095715.3520,1,3.1510,6.6930,6.0140
1095765.3350,0,3.1650,6.7060,6.0110
1095815.3130,0,3.1470,6.7110,6.0620
1095865.2860,2,3.1210,6.7040,6.0130
1095915.2690,0,3.1190,6.7330,6.0420
1095965.2470,1,3.1080,6.6950,6.0420
1096015.2250,0,3.1180,6.7670,6.0120
1096065.1990,2,3.1430,6.7180,6.0490
1096115.1800,1,3.1190,6.6950,6.0000
1096165.1550,0,3.0970,6.7230,6.0180
1096215.1360,0,3.1030,6.6330,6.0540
1096265.1080,2,3.1220,6.7200,5.9850
1096315.0870,0,3.1130,6.6590,6.0660
1096365.0670,1,3.1070,6.7200,6.0960
1096415.0480,0,3.1170,6.6810,6.0090
1096465.0190,2,3.1290,6.6880,6.0950
1096514.9980,1,3.1240,6.6890,6.0220
1096564.9760,0,3.1060,6.6480,6.0230
1096614.9580,0,3.1010,6.6680,6.0470
1096664.9340,2,3.1370,6.6450,6.0370
1096714.9140,0,3.1450,6.5990,6.0570
1096764.8900,1,3.1530,6.6670,6.0000
1096814.8680,0,3.1120,6.6880,6.0780
1096864.8440,2,3.1200,6.6160,6.0020
1096914.8220,1,3.0860,6.6730,6.0360
1096964.8020,0,3.1170,6.6380,6.0380
1097014.7770,0,3.0850,6.6090,6.0120
1097064.7530,2,3.1350,6.6410,6.0340
1097114.7330,0,3.1050,6.6300,6.0010
1097164.7120,1,3.1170,6.6370,6.0400
1097214.6910,0,3.1290,6.6790,6.0590
1097264.6650,2,3.1040,6.6780,6.0490
1097314.6460,0,3.1240,6.7390,6.0350
1097364.6240,1,3.0960,6.7200,6.0600
1097414.6010,0,3.0790,6.7920,6.0520
1097464.5790,2,3.1130,6.8300,6.0150
1097514.5580,0,3.1060,6.8010,6.0170
1097564.5330,1,3.1180,6.7920,6.0460
1097614.5090,0,3.1110,6.8320,6.0190
1097664.4920,2,3.1100,6.7540,6.0210
1097714.4680,0,3.0870,6.7850,6.0670
1097764.4420,1,3.0890,6.8180,6.0770
1097814.4240,0,3.1200,6.7540,6.0120
1097864.3980,2,3.1240,6.7830,6.0510
1097914.3760,0,3.1390,6.7540,6.0370
1097964.3580,1,3.1000,6.6880,6.0170
1098014.3370,0,3.0980,6.7090,6.0990
1098064.3130,2,3.1610,6.6890,6.0360
1098114.2870,0,3.0990,6.6600,6.0600
1098164.2710,1,3.1350,6.6350,6.0140
1098214.2460,0,3.1000,6.6690,6.0260
1098264.2260,2,3.1330,6.6660,6.0510
1098314.1980,0,3.0980,6.7450,6.0710
1098364.1810,1,3.1340,6.7460,6.0150
1098414.1580,0,3.1270,6.7470,6.0110
1098464.1350,2,3.1100,6.6750,6.0140
1098514.1160,0,3.0940,6.6840,6.0150
1098564.0900,1,3.1510,6.7000,6.0250
1098614.0700,0,3.1210,6.6670,6.0290
1098664.0480,2,3.1140,6.6720,6.0190
1098714.0260,0,3.1540,6.6520,5.9820
1098763.9990,1,3.1330,6.6720,6.0380
1098813.9770,0,3.0980,6.6490,6.0250
1098863.9550,2,3.1070,6.6230,6.0590
1098913.9370,0,3.1200,6.5850,6.0500
1098963.9150,1,3.1380,6.5950,6.0410
1099013.8930,0,3.1430,6.5280,6.0330
1099063.8680,2,3.1040,6.5910,6.0190
1099113.8470,0,3.1030,6.5880,6.0390
1099163.8280,1,3.1320,6.6520,6.0280
1099213.8040,0,3.1450,6.6030,6.0790
1099263.7820,2,3.1590,6.6180,6.0330
1099313.7580,0,3.1580,6.6360,6.0120
1099363.7340,1,3.1380,6.5540,6.0300
1099413.7120,0,3.1080,6.6430,6.0690
1099463.6890,2,3.1130,6.6150,6.0490
1099513.6700,0,3.1220,6.5940,6.0320
1099563.6450,1,3.1400,6.5810,6.0410
1099613.6240,0,3.1410,6.6040,6.0500
1099663.6020,2,3.1280,6.5910,6.0520
1099713.5830,0,3.0950,6.5580,6.0420
1099763.5590,1,3.1080,6.6050,6.0740
1099813.5380,0,3.1010,6.6120,6.0240
1099863.5130,2,3.1040,6.6140,6.0560
1099913.4900,0,3.1540,6.5970,6.0610
1099963.4700,1,3.1090,6.5840,6.0490
1100013.4500,0,3.1160,6.6380,6.0270
1100063.4280,2,3.1030,6.6220,6.0660
1100113.4050,0,3.1170,6.7100,6.0790
1100163.3790,1,3.0880,6.6740,6.0740
1100213.3570,0,3.1170,6.6990,6.0820
1100263.3380,2,3.1440,6.6960,6.0120
1100313.3150,0,3.1290,6.6560,6.0370
1100363.2920,1,3.1300,6.6310,6.0620
1100413.2730,0,3.1210,6.6280,6.0050
1100463.2470,2,3.1200,6.6000,5.9970
1100513.2260,0,3.1330,6.5750,6.0710
1100563.2030,1,3.1580,6.5710,6.0610
1100613.1790,0,3.1550,6.6120,6.0440
1100663.1560,2,3.1060,6.5530,6.0340
1100713.1340,0,3.1000,6.5860,6.0360
1100763.1140,1,3.1180,6.5880,6.0030
1100813.0950,0,3.1100,6.6020,6.0550
1100863.0740,2,3.1580,6.5480,6.0410
1100913.0480,0,3.0940,6.5390,6.0630
1100963.0240,1,3.1150,6.4970,6.0570
1101013.0030,0,3.1330,6.5630,6.0500
1101062.9810,2,3.1510,6.5360,6.0540
1101112.9580,0,3.0850,6.5890,6.0070
1101162.9370,1,3.1540,6.5400,6.0480
1101212.9160,0,3.1130,6.5490,6.0350
1101262.8950,2,3.1000,6.5560,6.0370
1101312.8710,0,3.1620,6.5640,6.0530
1101362.8460,1,3.1300,6.6000,6.0380
1101412.8280,0,3.1650,6.6360,6.0020
1101462.8050,2,3.1330,6.6830,6.0230
1101512.7850,0,3.1880,6.6320,6.0600
1101562.7620,1,3.1850,6.5840,6.0470
1101612.7380,0,3.1550,6.6190,6.0420
1101662.7130,2,3.0840,6.6090,6.0330
1101712.6910,0,3.1310,6.5630,6.0550
1101762.6730,1,3.1630,6.5400,6.0470
1101812.6460,0,3.1350,6.5420,6.0370
1101862.6300,2,3.1530,6.5520,6.0670
1101912.6030,0,3.1080,6.5730,6.0480
1101962.5820,1,3.1200,6.5680,6.0130
1102012.5630,0,3.1340,6.5450,6.0280
1102062.5380,2,3.1250,6.5580,6.0620
1102112.5150,0,3.1350,6.5390,6.0020
1102162.4960,1,3.1380,6.4620,6.0340
1102212.4700,0,3.1400,6.4840,6.0520
1102262.4490,2,3.1120,6.5530,6.0570
1102312.4240,0,3.1340,6.5200,6.0440
1102362.4040,1,3.1080,6.5740,5.9990
1102412.3860,0,3.1560,6.5510,6.0500
1102462.3600,2,3.0910,6.5840,6.0630
1102512.3420,0,3.1180,6.5570,6.0450
1102562.3190,1,3.1070,6.5370,6.0320
1102612.2930,0,3.1060,6.4730,6.0710
1102662.2740,2,3.1190,6.5580,6.0410
1102712.2490,0,3.1080,6.5550,6.0510
1102762.2280,1,3.0880,6.5590,6.0210
1102812.2060,0,3.1540,6.5290,6.0710
1102862.1830,2,3.1200,6.4830,6.0360
1102912.1610,0,3.0940,6.4910,6.0400
1102962.1390,1,3.1000,6.5450,6.0150
1103012.1170,0,3.1580,6.5030,6.0300
1103062.0930,2,3.1170,6.4900,6.0730
1103112.0740,0,3.1140,6.5450,6.0310
1103162.0530,1,3.1110,6.5070,6.0680
1103212.0270,0,3.1260,6.5610,6.0740
1103262.0070,2,3.1260,6.5350,6.0450
1103311.9840,0,3.1320,6.6120,6.0650
1103361.9590,1,3.1460,6.5920,6.0520
1103411.9400,0,3.1190,6.5740,6.0510
1103461.9150,2,3.1070,6.5420,6.0460
1103511.8960,0,3.1000,6.5410,6.0450
1103561.8700,1,3.1480,6.5490,6.0360
1103611.8500,0,3.1560,6.5040,6.0560
1103661.8270,2,3.1160,6.5100,6.0320
1103711.8040,0,3.0980,6.5340,6.0340
1103761.7840,1,3.1730,6.5660,6.0410
1103811.7630,0,3.1520,6.5730,6.0220
1103861.7400,2,3.1310,6.5340,6.0510
1103911.7170,0,3.1380,6.5240,6.0200
1103961.6900,1,3.1520,6.5450,6.0150
1104011.6680,0,3.1560,6.4910,6.0510
1104061.6490,2,3.1580,6.5480,6.0430
1104111.6250,0,3.1490,6.5590,6.0240
1104161.6040,1,3.1220,6.5270,6.0340
1104211.5830,0,3.1510,6.5330,6.0570
1104261.5600,2,3.1560,6.5660,6.0520
1104311.5380,0,3.1130,6.5590,6.0280
1104361.5110,1,3.1250,6.5460,6.0250
1104411.4910,0,3.1180,6.5980,6.0550
1104461.4660,2,3.1180,6.5810,6.0820
1104511.4440,0,3.1430,6.5330,6.0570
1104561.4240,1,3.1150,6.5840,6.0220
1104611.4030,0,3.1280,6.5620,6.0420
1104661.3780,2,3.1250,6.5550,6.0280
1104711.3560,0,3.1250,6.6710,6.0280
1104761.3310,1,3.1360,6.6820,6.0110
1104811.3150,0,3.1300,6.6910,6.0450
1104861.2890,2,3.1520,6.6830,6.0520
1104911.2700,0,3.1240,6.6820,6.0380
1104961.2470,1,3.1180,6.6590,6.0200
1105011.2210,0,3.1100,6.6420,6.0410
1105061.2020,2,3.0980,6.6570,6.0540
1105111.1800,0,3.1310,6.6080,6.0380
1105161.1520,1,3.0950,6.6030,6.0510
1105211.1330,0,3.1350,6.6250,6.0500
1105261.1090,2,3.1100,6.6730,6.0500
1105311.0840,0,3.1120,6.5380,6.0530
1105361.0650,1,3.0810,6.5800,6.0150
1105411.0410,0,3.0990,6.6010,6.0010
1105461.0190,2,3.1520,6.5650,6.0240
1105510.9990,0,3.0980,6.6150,6.0890
1105560.9750,1,3.1210,6.5930,6.0370
1105610.9530,0,3.1100,6.5680,6.0560
1105660.9280,2,3.1450,6.5630,6.0760
1105710.9050,0,3.1330,6.5510,6.0360
1105760.8840,1,3.1620,6.5600,6.0870
1105810.8610,0,3.1480,6.5860,5.9880
1105860.8380,2,3.1530,6.5870,6.0230
1105910.8200,0,3.1410,6.6050,6.0370
1105960.7920,1,3.1220,6.6020,6.0410
1106010.7700,0,3.1310,6.6100,6.0540
1106060.7480,2,3.1550,6.6100,6.0350
1106110.7300,0,3.1140,6.5990,6.0380
1106160.7030,1,3.1270,6.5760,6.0160
1106210.6850,0,3.1510,6.6050,6.0620
1106260.6630,2,3.1340,6.6060,6.0320
1106310.6400,0,3.1240,6.5720,6.0640
1106360.6130,1,3.1560,6.5900,6.0650
1106410.5960,0,3.1460,6.5500,6.0710
1106460.5700,2,3.1250,6.6000,6.0870
1106510.5450,0,3.1070,6.5680,6.0250
1106560.5250,1,3.1470,6.5950,6.0320
1106610.5010,0,3.1380,6.6160,6.0450
1106660.4800,2,3.1210,6.5600,6.0210
1106710.4590,0,3.1500,6.5590,6.0160
1106760.4360,1,3.1080,6.5640,6.0390
1106810.4120,0,3.1510,6.5300,6.0730
1106860.3880,2,3.1230,6.4870,6.0830
1106910.3670,0,3.1080,6.5830,6.0870
1106960.3450,1,3.1040,6.5580,6.0120
1107010.3260,0,3.0850,6.5470,6.0150
1107060.2990,2,3.1320,6.4970,6.0610
1107110.2760,0,3.1860,6.5440,6.0160
1107160.2550,1,3.1310,6.5380,6.0580
1107210.2370,0,3.1450,6.5260,6.0280
1107260.2100,2,3.1240,6.5800,6.0480
1107310.1880,0,3.1260,6.6170,6.0260
1107360.1690,1,3.1470,6.6380,6.0520
1107410.1470,0,3.1490,6.6830,6.0530
1107460.1210,2,3.1560,6.6610,6.0080
1107510.1010,0,3.1320,6.6520,6.0050
1107560.0790,1,3.1710,6.6090,6.0310
1107610.0570,0,3.1260,6.6680,6.0630
1107660.0340,2,3.1200,6.5910,6.0250
1107710.0080,0,3.1230,6.5490,6.0460
1107759.9880,1,3.1320,6.5950,6.0120
1107809.9640,0,3.1200,6.5630,6.0200
1107859.9430,2,3.1220,6.5870,6.0700
1107909.9200,0,3.0860,6.5320,6.0440
1107959.8980,1,3.0990,6.5650,6.0820
1108009.8750,0,3.1200,6.5370,6.0540
1108059.8520,2,3.1510,6.5180,6.0320
1108109.8300,0,3.1490,6.5850,6.0640
1108159.8100,1,3.1350,6.5450,6.0110
1108209.7830,0,3.0900,6.5780,6.0320
1108259.7650,2,3.1740,6.5220,6.0560
1108309.7400,0,3.1290,6.5730,6.0480
1108359.7160,1,3.1240,6.6000,6.0150
1108409.6950,0,3.0740,6.6050,6.0350
1108459.6740,2,3.1100,6.6060,5.9710
1108509.6490,0,3.1100,6.5940,6.0330
1108559.6310,1,3.1470,6.6160,6.0210
1108609.6080,0,3.1400,6.5220,6.0280
1108659.5860,2,3.1540,6.5280,6.0680
1108709.5570,0,3.0970,6.5720,5.9900
1108759.5400,1,3.1340,6.5500,6.0360
1108809.5140,0,3.1480,6.5340,6.0250
1108859.4930,2,3.1480,6.5740,6.0250
1108909.4740,0,3.0860,6.5580,6.0860
1108959.4450,1,3.1500,6.5640,6.0510
1109009.4270,0,3.1270,6.5770,6.0080
1109059.4010,2,3.1460,6.5930,6.0510
1109109.3820,0,3.1180,6.6130,6.0590
1109159.3620,1,3.1250,6.5700,6.0180
1109209.3330,0,3.1290,6.5790,6.0250
1109259.3120,2,3.1340,6.5460,6.0520
1109309.2890,0,3.1580,6.5960,6.0210
1109359.2720,1,3.1240,6.5710,6.0540
1109409.2440,0,3.1680,6.5830,6.0170
1109459.2200,2,3.1630,6.5710,6.0910
1109509.2050,0,3.1420,6.5680,6.0740
1109559.1780,1,3.1200,6.5780,6.0640
1109609.1550,0,3.1370,6.5560,6.0400
1109659.1340,2,3.1460,6.4880,6.0780
1109709.1140,0,3.1670,6.5540,6.0260
1109759.0900,1,3.1240,6.4760,6.0490
1109809.0680,0,3.1390,6.5020,6.0080
1109859.0410,2,3.1260,6.5380,5.9920
1109909.0240,0,3.1470,6.5270,6.0410
1109959.0010,1,3.1310,6.5610,6.0360
1110008.9780,0,3.1720,6.5030,6.0440
1110058.9510,2,3.1240,6.5290,6.0140
1110108.9340,0,3.1270,6.4990,6.0530
1110158.9130,1,3.1260,6.5350,5.9970
1110208.8890,0,3.1520,6.5240,6.0510
1110258.8650,2,3.1440,6.5180,6.0410
1110308.8400,0,3.1160,6.5060,6.0800
1110358.8170,1,3.1550,6.5260,6.0340
1110408.7960,0,3.1200,6.4960,6.0840
1110458.7730,2,3.0980,6.5140,6.0080
1110508.7500,0,3.1400,6.4910,6.0320
1110558.7320,1,3.1030,6.5000,6.0170
1110608.7060,0,3.1390,6.4610,5.9890
1110658.6860,2,3.1530,6.4920,6.0440
1110708.6640,0,3.1120,6.5100,6.0350
1110758.6410,1,3.0970,6.5320,5.9830
1110808.6170,0,3.0940,6.5300,6.0660
1110858.5980,2,3.1390,6.5070,6.0630
1110908.5690,0,3.1170,6.4630,6.0400
1110958.5510,1,3.1010,6.5230,6.0290
1111008.5280,0,3.1410,6.4730,6.0660
1111058.5050,2,3.1460,6.5370,6.0530
1111108.4860,0,3.1330,6.4880,6.0260
1111158.4580,1,3.1370,6.4970,6.0080
1111208.4380,0,3.1100,6.4840,6.0390
1111258.4140,2,3.1100,6.4820,6.0460
1111308.3920,0,3.0980,6.5390,6.0580
1111358.3670,1,3.1330,6.5280,6.0630
1111408.3470,0,3.1080,6.5600,6.0660
1111458.3230,2,3.1310,6.5260,6.0210
1111508.3030,0,3.1790,6.6340,6.0510
1111558.2780,1,3.1130,6.5730,6.0360
1111608.2580,0,3.1550,6.5770,6.0170
1111658.2360,2,3.1280,6.5670,6.0360
1111708.2150,0,3.1810,6.5630,6.0280
1111758.1930,1,3.1290,6.5560,6.0300
1111808.1680,0,3.0860,6.5060,6.0300
1111858.1440,2,3.1390,6.5200,6.0290
1111908.1230,0,3.1420,6.5280,6.0170
1111958.1050,1,3.0960,6.5510,6.0160
1112008.0820,0,3.1230,6.5500,6.0060
1112058.0540,2,3.1360,6.5920,6.0370
1112108.0340,0,3.0920,6.5130,6.0460
1112158.0120,1,3.1250,6.5520,6.0650
1112207.9890,0,3.1060,6.5350,5.9990
1112257.9640,2,3.1360,6.5480,5.9880
1112307.9430,0,3.1320,6.5420,6.0290
1112357.9210,1,3.1080,6.5640,6.0660
1112407.8990,0,3.1160,6.5270,6.0580
1112457.8790,2,3.1420,6.5180,6.0870
1112507.8530,0,3.1270,6.4840,6.0480
1112557.8340,1,3.1500,6.5220,6.0890
1112607.8120,0,3.1540,6.5070,5.9610
1112657.7840,2,3.1700,6.4760,6.0600
1112707.7630,0,3.1220,6.4720,6.0320
1112757.7420,1,3.1030,6.5100,6.0750
1112807.7220,0,3.1370,6.5090,6.0350
1112857.6970,2,3.1210,6.5360,6.0950
1112907.6760,0,3.0870,6.5660,6.0170
1112957.6490,1,3.1370,6.5680,6.0370
1113007.6310,0,3.1270,6.5740,6.0770
1113057.6060,2,3.1370,6.5680,6.0470
1113107.5850,0,3.1150,6.6090,6.0140
1113157.5610,1,3.1620,6.5850,6.0610
1113207.5360,0,3.1480,6.6260,6.0300
1113257.5140,2,3.1190,6.6070,6.0350
1113307.4930,0,3.1720,6.6150,6.0300
1113357.4750,1,3.1120,6.5690,6.0200
1113407.4520,0,3.1270,6.5550,6.0410
1113457.4290,2,3.1020,6.5210,6.0050
1113507.4020,0,3.1320,6.5410,6.0070
1113557.3800,1,3.1170,6.5980,6.0910
1113607.3620,0,3.1240,6.5160,6.0350
1113657.3410,2,3.1310,6.5060,6.0570
1113707.3170,0,3.1210,6.5520,6.0640
1113757.2900,1,3.1430,6.5520,6.0170
1113807.2730,0,3.1420,6.5620,6.0440
1113857.2500,2,3.1070,6.5480,6.0080
1113907.2230,0,3.1360,6.6050,6.0600
1113957.2020,1,3.1080,6.5920,6.1010
1114007.1810,0,3.1400,6.5980,6.0240
1114057.1590,2,3.1250,6.4810,6.0640
1114107.1360,0,3.1130,6.5330,6.0230
1114157.1150,1,3.1300,6.5120,6.0110
1114207.0940,0,3.1230,6.4770,6.0620
1114257.0660,2,3.1520,6.5440,5.9910
1114307.0460,0,3.0860,6.5330,6.0310
1114357.0240,1,3.0510,6.4960,6.0090
1114407.0030,0,3.1530,6.5170,6.0790
1114456.9790,2,3.1160,6.5020,6.0590
1114506.9540,0,3.1130,6.4970,5.9950
1114556.9350,1,3.1380,6.5290,6.0760
1114606.9110,0,3.1560,6.5430,6.0330
1114656.8910,2,3.1480,6.5330,5.9980
1114706.8650,0,3.1540,6.5220,6.0620
1114756.8420,1,3.1480,6.5640,6.0340
1114806.8190,0,3.0820,6.5340,6.0430
1114856.8020,2,3.1370,6.5000,6.0130
1114906.7770,0,3.1120,6.5390,6.0330
1114956.7560,1,3.0850,6.5360,6.0790
1115006.7320,0,3.0900,6.5440,6.0440
1115056.7070,2,3.1460,6.6240,6.0130
1115106.6880,0,3.0940,6.5460,6.0370
1115156.6620,1,3.1320,6.5620,6.0630
1115206.6400,0,3.1220,6.5190,6.0470
1115256.6220,0,3.1160,6.4930,6.0080
1115306.5970,2,3.1420,6.4960,6.0120
1115356.5750,0,3.1290,6.4860,6.0470
1115406.5540,1,3.1170,6.5020,6.0750
1115456.5330,2,3.0950,6.5430,6.0000
1115506.5090,0,3.1690,6.5510,6.0480
1115556.4880,1,3.1720,6.5320,6.0420
1115606.4630,0,3.1200,6.5770,6.0440
1115656.4430,2,3.1150,6.6010,6.0480
1115706.4200,0,3.1330,6.6340,6.0400
1115756.4010,1,3.1190,6.6320,6.0380
1115806.3780,0,3.1740,6.6600,6.0300
1115856.3570,2,3.1130,6.6220,6.0520
1115906.3320,0,3.1150,6.6880,5.9750
1115956.3140,1,3.0940,6.6580,6.0430
1116006.2870,0,3.1340,6.6240,6.0050
1116056.2710,2,3.1030,6.6060,6.1160
1116106.2470,0,3.0960,6.6080,6.0190
1116156.2270,1,3.0880,6.5990,6.0290
1116206.2030,0,3.1430,6.6030,6.0270
1116256.1830,2,3.1380,6.5980,6.0980
1116306.1580,0,3.1040,6.5900,6.0680
1116356.1340,1,3.1250,6.5310,6.0250
1116406.1150,0,3.1180,6.5930,6.0320
1116456.0920,0,3.1550,6.5150,6.0320
1116506.0740,2,3.1420,6.5620,6.0660
1116556.0500,1,3.1380,6.5540,6.0330
1116606.0260,0,3.1080,6.5300,6.0260
1116656.0050,2,3.1250,6.5700,6.0390
1116705.9860,0,3.1610,6.5790,6.0210
1116755.9630,1,3.1030,6.5380,6.0650
1116805.9410,0,3.1150,6.5200,6.0290
1116855.9150,0,3.1220,6.5170,6.0170
1116905.8980,2,3.1140,6.4870,6.0390
1116955.8750,1,3.0880,6.5300,6.0310
1117005.8540,0,3.1660,6.5570,6.0310
1117055.8280,2,3.1400,6.5510,6.0300
1117105.8120,0,3.1580,6.5570,6.0600
1117155.7850,1,3.1600,6.5150,6.0340
1117205.7660,0,3.0920,6.5440,6.0380
1117255.7420,0,3.1620,6.5330,6.0530
1117305.7230,2,3.1430,6.5020,6.0400
1117355.7000,1,3.1310,6.5700,6.0670
1117405.6800,0,3.1440,6.5490,6.0750
1117455.6560,2,3.1850,6.4750,6.0540
1117505.6340,0,3.1510,6.5090,6.0610
1117555.6150,1,3.0990,6.5090,6.0250
1117605.5870,0,3.0970,6.5310,6.0350
1117655.5710,0,3.1200,6.5620,6.0460
1117705.5500,2,3.1510,6.5850,6.0550
1117755.5230,1,3.1200,6.6270,6.0350
1117805.5040,0,3.1330,6.6490,6.0270
1117855.4800,2,3.1220,6.6450,6.0570
1117905.4610,0,3.1110,6.7220,6.0550
1117955.4400,1,3.1090,6.6930,6.0800
1118005.4150,0,3.1360,6.6010,6.0420
1118055.3950,0,3.1470,6.6310,6.0090
1118105.3690,2,3.1470,6.6210,6.0170
1118155.3520,1,3.1190,6.6030,6.0500
1118205.3310,0,3.1140,6.5570,6.0060
1118255.3060,2,3.1240,6.5440,6.0350
1118305.2830,0,3.1400,6.5370,6.0460
1118355.2620,0,3.1350,6.5680,6.0220
1118405.2440,1,3.1300,6.5850,6.0330
1118455.2200,0,3.1320,6.5460,6.0320
1118505.1990,2,3.0990,6.5810,6.0060
1118555.1740,1,3.1280,6.5820,6.0300
1118605.1570,0,3.1090,6.5640,5.9950
1118655.1290,2,3.1360,6.5310,6.0230
1118705.1100,0,3.1140,6.5910,6.0380
1118755.0910,0,3.1320,6.5340,6.0480
1118805.0650,0,3.1230,6.5620,6.0280
1118855.0410,0,3.1350,6.5300,6.0240
1118905.0260,0,3.1380,6.5120,6.0480
1118954.9980,0,3.1440,6.5440,6.0310
1119004.9770,0,3.1300,6.5250,6.0270
1119054.9580,0,3.1180,6.4970,6.0260
1119104.9370,0,3.1210,6.5450,6.0230
1119154.9110,0,3.1720,6.5440,6.0070
1119204.8910,0,3.1060,6.5760,5.9660
1119254.8680,0,3.1390,6.5490,6.0230
1119304.8500,0,3.1600,6.5790,6.0210
1119354.8270,0,3.1130,6.5990,6.0150
1119404.8010,0,3.1050,6.6060,6.0170
1119454.7830,0,3.0740,6.5910,6.0440
1119504.7590,0,3.1440,6.6430,6.0110
1119554.7410,0,3.0810,6.6010,6.0690
1119604.7200,0,3.1170,6.6380,6.0690
1119654.6960,0,3.1130,6.6490,6.0350
1119704.6740,0,3.0710,6.6020,6.0250
1119754.6490,0,3.0970,6.5900,6.0680
1119804.6300,0,3.1260,6.5870,6.0450
1119854.6090,0,3.1280,6.5980,6.0600
1119904.5850,0,3.1060,6.5740,6.0490
1119954.5630,0,3.1530,6.5480,6.0460
1120004.5450,0,3.1500,6.5970,6.0470
1120054.5180,0,3.1180,6.5620,6.0520
1120104.5000,0,3.1450,6.5240,6.0680
1120154.4770,0,3.1270,6.5750,6.0050
1120204.4520,0,3.1380,6.5600,6.0490
1120254.4340,0,3.1440,6.5470,6.0690
1120304.4130,0,3.1020,6.5520,6.0520
1120354.3900,0,3.1130,6.5740,6.0320
1120404.3690,0,3.1120,6.5720,5.9950
1120454.3440,0,3.1310,6.5560,6.0730
1120504.3250,0,3.1280,6.5920,6.0400
1120554.3010,0,3.1390,6.5350,6.0400
1120604.2830,0,3.1640,6.5240,6.0440
1120654.2610,0,3.1440,6.5100,6.0350
1120704.2330,0,3.1490,6.4680,6.0240
1120754.2150,0,3.1450,6.4910,6.0630
1120804.1940,0,3.1260,6.5370,6.0680
1120854.1700,0,3.1220,6.5100,6.0390
1120904.1500,0,3.1250,6.4850,6.0290
1120954.1280,0,3.1330,6.5050,6.0620
1121004.1050,0,3.1500,6.5370,6.0350
1121054.0860,0,3.1090,6.5340,6.0300
1121104.0610,0,3.1340,6.5040,6.0370
1121154.0420,0,3.1250,6.5740,6.0540
1121204.0160,0,3.1010,6.5240,6.0440
1121253.9950,0,3.1090,6.5340,5.9810
1121303.9760,0,3.1140,6.5500,6.0280
1121353.9550,0,3.1650,6.5390,6.0680
1121403.9340,0,3.1510,6.5300,6.0320
1121453.9100,0,3.1170,6.5580,6.0540
1121503.8870,0,3.1220,6.5800,6.0210
1121553.8660,0,3.1200,6.5460,6.0860
1121603.8410,0,3.1690,6.5270,6.0530
1121653.8230,0,3.1190,6.5500,6.0200
1121703.7980,0,3.1390,6.5800,6.0620
1121753.7790,0,3.1270,6.5410,6.0040
1121803.7570,0,3.1360,6.5390,6.0510
1121853.7310,0,3.0960,6.5830,6.0360
1121903.7140,0,3.1360,6.5040,6.0250
1121953.6940,0,3.1410,6.5410,6.0440
1122003.6680,0,3.1650,6.5420,6.0520
1122053.6450,0,3.1390,6.5250,6.0430
1122103.6260,0,3.1890,6.5390,6.0830
1122153.6010,0,3.0950,6.5270,6.0390
1122203.5780,0,3.0900,6.5190,5.9940
1122253.5590,0,3.0990,6.5700,6.0460
1122303.5370,0,3.1110,6.6250,6.0240
1122353.5170,0,3.0920,6.5700,6.0420
1122403.4970,0,3.1600,6.5810,6.0200
1122453.4720,0,3.1460,6.5650,6.0230
1122503.4480,0,3.1190,6.5470,6.0420
1122553.4280,0,3.1190,6.5430,6.0530
1122603.4090,0,3.1020,6.5300,6.0450
1122653.3860,0,3.1570,6.4920,6.0290
1122703.3630,0,3.1250,6.5000,6.0760
1122753.3400,0,3.1380,6.5060,6.0210
1122803.3210,0,3.1520,6.5240,6.0290
1122853.2950,0,3.1370,6.4970,6.0450
1122903.2750,0,3.1370,6.5380,6.0300
1122953.2550,0,3.1250,6.5000,6.0160
1123003.2350,0,3.0970,6.5030,6.0340
1123053.2070,0,3.1470,6.5200,6.0210
1123103.1850,0,3.1460,6.5410,6.0010
1123153.1670,0,3.1330,6.5130,6.0760
1123203.1450,0,3.1230,6.5180,6.0190
1123253.1200,0,3.1190,6.5740,6.0290
1123303.1000,0,3.1400,6.5490,6.0450
1123353.0770,0,3.1310,6.5150,6.0210
1123403.0600,0,3.0710,6.4960,6.0120
1123453.0360,0,3.1270,6.4470,6.0460
1123503.0150,0,3.1260,6.5270,6.0720
1123552.9890,0,3.1250,6.5360,6.0220
1123602.9700,0,3.1090,6.5700,6.0560
1123652.9470,0,3.1250,6.5390,6.0530
1123702.9240,0,3.1420,6.5550,6.0550
1123752.9030,0,3.1520,6.5080,6.0310
1123802.8820,0,3.1410,6.5420,6.0140
1123852.8630,0,3.1670,6.5120,6.0290
1123902.8400,0,3.1090,6.5220,6.0760
1123952.8140,0,3.1400,6.5090,6.0330
1124002.7970,0,3.1440,6.5520,6.0580
1124052.7710,0,3.1070,6.5020,6.0290
1124102.7490,0,3.1370,6.5200,6.0080
1124152.7270,0,3.1240,6.5170,6.0430
1124202.7080,0,3.1110,6.4960,6.0160
1124252.6870,0,3.1530,6.5160,6.0350
1124302.6660,0,3.0980,6.5360,6.0430
1124352.6390,0,3.1230,6.5780,6.1000
1124402.6180,0,3.1370,6.6020,6.0810
1124452.5970,0,3.1170,6.5880,6.0520
1124502.5790,0,3.1130,6.6330,6.0420
1124552.5560,0,3.1120,6.6550,6.0770
1124602.5330,0,3.1470,6.5450,6.0240
1124652.5150,0,3.1250,6.6020,6.0200
1124702.4930,0,3.1580,6.6400,6.0010
1124752.4640,0,3.1060,6.5820,6.0260
1124802.4440,0,3.1210,6.6340,6.0500
1124852.4260,0,3.1190,6.6030,6.0150
1124902.4040,0,3.1360,6.6710,6.0120
1124952.3810,0,3.1310,6.5950,6.0400
1125002.3610,0,3.1130,6.5620,6.0470
1125052.3350,0,3.0510,6.5830,6.0700
1125102.3130,0,3.1490,6.5780,6.1000
1125152.2960,0,3.1380,6.5340,6.0580
1125202.2720,0,3.0610,6.5730,6.0460
1125252.2490,0,3.1210,6.5960,6.0310
1125302.2270,0,3.1000,6.5910,6.0230
1125352.2060,0,3.1150,6.5840,6.0470
1125402.1830,0,3.0910,6.6610,6.0590
1125452.1610,0,3.1210,6.6010,6.0290
1125502.1400,0,3.1040,6.6120,6.0150
1125552.1180,0,3.1160,6.6060,6.0010
1125602.0980,0,3.1120,6.5730,6.0640
1125652.0750,0,3.1270,6.6030,6.0490
1125702.0520,0,3.1160,6.5960,6.0760
1125752.0300,0,3.1140,6.6660,6.0740
1125802.0090,0,3.0750,6.6220,6.0080
1125851.9900,0,3.1180,6.6740,6.0040
1125901.9630,0,3.0970,6.7310,6.0510
1125951.9470,0,3.1150,6.7170,6.0190
1126001.9200,0,3.1250,6.6580,5.9810
1126051.9000,0,3.1460,6.7640,6.0440
1126101.8800,0,3.1450,6.7140,6.0380
1126151.8590,0,3.1250,6.6620,6.0510
1126201.8380,0,3.1530,6.6530,6.0590
1126251.8160,0,3.1250,6.6960,5.9970
1126301.7900,0,3.1190,6.6800,6.0440
1126351.7660,0,3.1140,6.6940,6.0550
1126401.7460,0,3.1000,6.7220,5.9990
1126451.7220,0,3.1190,6.6520,6.0400
1126501.7070,0,3.1060,6.6380,6.0260
1126551.6780,0,3.1310,6.6190,6.0300
1126601.6590,0,3.1130,6.5930,6.0260
1126651.6400,0,3.1300,6.5830,6.0710
1126701.6200,0,3.0910,6.6500,6.0520
1126751.5910,0,3.1100,6.5620,6.0270
1126801.5730,0,3.1020,6.5850,6.0220
1126851.5540,0,3.1070,6.5600,6.0300
1126901.5300,0,3.0860,6.5410,6.0360
1126951.5070,0,3.1380,6.5210,6.0560
1127001.4880,0,3.0900,6.5270,6.0120
1127051.4640,0,3.1500,6.5490,6.0380
1127101.4390,0,3.1290,6.5470,6.0110
1127151.4230,0,3.1180,6.5620,6.0230
1127201.3980,0,3.1640,6.5530,6.0610
1127251.3770,0,3.1210,6.6020,6.0810
1127301.3510,0,3.1380,6.5780,6.0530
1127351.3300,0,3.1480,6.6240,6.0170
1127401.3130,0,3.1080,6.6120,6.0590
1127451.2860,0,3.1330,6.5700,6.0250
1127501.2640,0,3.1690,6.5580,6.0310
1127551.2430,0,3.0680,6.5820,6.0210
1127601.2240,0,3.1380,6.6050,6.0330
1127651.1980,0,3.0870,6.5770,6.0620
1127701.1760,0,3.1520,6.5970,6.0760
1127751.1600,0,3.1240,6.6040,6.0310
1127801.1320,0,3.0650,6.6080,6.0470
1127851.1140,0,3.0820,6.5780,6.0610
1127901.0910,0,3.1370,6.5670,6.0550
1127951.0700,0,3.1240,6.5660,6.0460
1128001.0490,0,3.1360,6.5440,6.0480
1128051.0250,0,3.1620,6.5680,6.0140
1128101.0020,0,3.1310,6.5090,6.0050
1128150.9810,0,3.1400,6.5390,6.0350
1128200.9570,0,3.1000,6.5740,6.0340
1128250.9350,0,3.1050,6.5710,6.0520
1128300.9130,0,3.1380,6.5480,5.9720
1128350.8940,0,3.1330,6.6140,6.0320
1128400.8680,0,3.1170,6.5830,6.0440
1128450.8520,0,3.1370,6.5860,6.0250
1128500.8250,0,3.0800,6.5660,6.0260
1128550.8050,0,3.1350,6.5910,6.0520
1128600.7810,0,3.1250,6.5530,6.0340
1128650.7630,0,3.1110,6.6040,5.9940
1128700.7410,0,3.1180,6.5620,6.0210
1128750.7200,0,3.1410,6.5550,6.0120
1128800.6930,0,3.1300,6.5480,6.0110
1128850.6700,0,3.1440,6.6050,6.0840
1128900.6490,0,3.1640,6.5980,6.0040
1128950.6280,0,3.1310,6.5960,6.0180
1129000.6070,0,3.1080,6.6070,6.0070
1129050.5880,0,3.1300,6.5490,6.0450
1129100.5660,0,3.1260,6.5580,6.0010
1129150.5440,0,3.1300,6.5600,6.0290
1129200.5200,0,3.1060,6.5710,6.1000
1129250.4990,0,3.0900,6.5920,6.0440
1129300.4740,0,3.1200,6.6120,6.0360
1129350.4550,0,3.1400,6.5860,6.0520
1129400.4350,0,3.0990,6.5930,6.0240
1129450.4110,0,3.1220,6.5920,6.0360
1129500.3850,0,3.1200,6.6380,6.0780
1129550.3620,0,3.1340,6.6050,6.0330
1129600.3410,0,3.1170,6.6510,6.0470
1129650.3250,0,3.1290,6.6340,6.0110
1129700.3000,0,3.0980,6.6030,6.0520
1129750.2740,0,3.1580,6.6130,6.0770
1129800.2530,0,3.1300,6.6490,6.0220
1129850.2360,0,3.1080,6.6280,6.0360
1129900.2090,0,3.1580,6.5720,6.0510
1129950.1920,0,3.1310,6.6340,6.0410
1130000.1650,0,3.1380,6.6300,6.0230
1130050.1430,0,3.1360,6.6070,6.0670
1130100.1210,0,3.0990,6.6390,6.0170
1130150.1010,0,3.1280,6.6160,5.9910
1130200.0820,0,3.0700,6.5980,5.9890
1130250.0610,0,3.1240,6.6340,6.0330
1130300.0350,0,3.1180,6.5910,6.0520
1130350.0150,0,3.1270,6.5670,6.0160
1130399.9940,0,3.1510,6.6120,6.0200
1130449.9710,0,3.1080,6.5520,5.9880
1130499.9460,0,3.1020,6.5220,6.0520
1130549.9280,0,3.1140,6.5810,6.0100
1130599.9020,0,3.0950,6.5660,6.0210
1130649.8830,0,3.1110,6.6170,6.0480
1130699.8600,0,3.1250,6.6170,5.9980
1130749.8400,0,3.0960,6.6310,6.0100
1130799.8150,0,3.1130,6.6170,5.9920
1130849.7950,0,3.0950,6.5610,6.0110
1130899.7710,0,3.1200,6.6120,6.0470
1130949.7470,0,3.1190,6.6410,6.0390
1130999.7270,0,3.0720,6.6090,6.0190
1131049.7030,0,3.1150,6.6430,6.0290
1131099.6870,0,3.1150,6.5860,6.0090
1131149.6590,0,3.1070,6.5730,6.0240
1131199.6410,0,3.0760,6.5770,6.0240
1131249.6180,0,3.1440,6.5970,6.0440
1131299.5970,0,3.1060,6.5600,6.0330
1131349.5740,0,3.1400,6.5910,6.0710
1131399.5490,0,3.1370,6.5580,5.9830
1131449.5330,0,3.1340,6.5560,6.0190
1131499.5050,0,3.1080,6.5190,6.0510
1131549.4880,0,3.1060,6.5780,6.0630
1131599.4640,0,3.1160,6.6110,6.0120
1131649.4430,0,3.0970,6.6330,6.0560
1131699.4210,0,3.1490,6.6480,6.0360
1131749.4010,0,3.1620,6.6250,5.9970
1131799.3740,0,3.1110,6.6360,5.9810
1131849.3570,0,3.1220,6.5960,6.0890
1131899.3350,0,3.0880,6.6250,6.0360
1131949.3090,0,3.1050,6.6340,6.0140
1131999.2900,0,3.1380,6.6010,6.0970
1132049.2640,0,3.1410,6.6200,6.0680
1132099.2440,0,3.1030,6.6200,6.0480
1132149.2240,0,3.1770,6.6100,6.0400
1132199.1990,0,3.1510,6.6150,6.0200
1132249.1760,0,3.1250,6.6300,6.0300
1132299.1580,0,3.1190,6.5830,6.0430
1132349.1320,0,3.1250,6.5660,6.0430
1132399.1150,0,3.1200,6.5630,6.0370
1132449.0880,0,3.0750,6.5350,6.0610
1132499.0670,0,3.1270,6.5810,5.9740
1132549.0470,0,3.0980,6.5610,6.0620
1132599.0230,0,3.1420,6.5520,6.0770
1132649.0000,0,3.1410,6.5280,6.0350
1132698.9820,0,3.0930,6.5330,6.0020
1132748.9610,0,3.0960,6.5900,6.0550
1132798.9360,0,3.1160,6.5510,6.0360
1132848.9140,0,3.1080,6.5740,6.0400
1132898.8920,0,3.0830,6.5790,6.0280
1132948.8710,0,3.1200,6.6070,6.0330
1132998.8470,0,3.1470,6.5770,6.0230
1133048.8250,0,3.1050,6.5990,6.0270
1133098.8060,0,3.1230,6.6140,6.0330
1133148.7860,0,3.0820,6.5300,6.0560
1133198.7590,0,3.0810,6.6140,6.0600
1133248.7390,0,3.1070,6.5560,6.0270
1133298.7160,0,3.0820,6.5530,6.0260
1133348.6920,0,3.1180,6.5250,6.0010
1133398.6700,0,3.0710,6.5760,6.0690
1133448.6520,0,3.1200,6.5630,6.0330
1133498.6300,0,3.0860,6.5460,6.0130
1133548.6060,0,3.0920,6.5700,6.0250
1133598.5880,0,3.1430,6.6320,6.0350
1133648.5640,0,3.1470,6.5950,6.0350
1133698.5450,0,3.1410,6.6370,6.0410
1133748.5180,0,3.1050,6.6260,6.0360
1133798.4940,0,3.1290,6.6610,6.0840
1133848.4770,0,3.0990,6.6400,6.0030
1133898.4500,0,3.0980,6.5740,6.0540
1133948.4330,0,3.1690,6.5850,6.0290
1133998.4070,0,3.0950,6.6140,6.0490
1134048.3850,0,3.0830,6.5730,6.0590
1134098.3680,0,3.0790,6.5350,6.0360
1134148.3420,0,3.1300,6.5510,6.0260
1134198.3190,0,3.1150,6.5850,6.0190
1134248.3030,0,3.1050,6.5880,6.0380
1134298.2770,0,3.1090,6.5340,6.0230
1134348.2530,0,3.0930,6.5430,6.0270
1134398.2370,0,3.1240,6.5490,6.0250
1134448.2140,0,3.1090,6.4900,6.0170
1134498.1920,0,3.1220,6.5110,6.0140
1134548.1660,0,3.1330,6.4690,6.0410
1134598.1490,0,3.1100,6.5280,6.0430
1134648.1250,0,3.1390,6.5270,6.0390
1134698.1050,0,3.1060,6.5540,6.0150
1134748.0780,0,3.1650,6.5440,6.0230
1134798.0560,0,3.1070,6.5540,6.0210
1134848.0380,0,3.1470,6.5540,6.0290
1134898.0160,0,3.1130,6.5140,6.0410
1134947.9890,0,3.1140,6.5460,6.0350
1134997.9670,0,3.1010,6.5110,6.0510
1135047.9500,0,3.1370,6.5380,6.0090
1135097.9270,0,3.1640,6.5160,6.0390
1135147.9070,0,3.1570,6.4940,6.0600
1135197.8800,0,3.1140,6.5390,6.0230
1135247.8610,0,3.1520,6.5550,6.0320
1135297.8370,0,3.1290,6.5210,6.0410
1135347.8150,0,3.1340,6.5460,6.0010
1135397.7950,0,3.1440,6.4710,6.0230
1135447.7750,0,3.1120,6.5110,6.0560
1135497.7490,0,3.1020,6.5120,6.0350
1135547.7250,0,3.1270,6.5490,6.0440
1135597.7030,0,3.1440,6.5700,6.0300
1135647.6870,0,3.0940,6.5200,6.0900
1135697.6630,0,3.0720,6.5260,6.0560
1135747.6370,0,3.1490,6.5120,6.0220
1135797.6150,0,3.1260,6.4820,6.0360
1135847.5970,0,3.1320,6.4790,6.0230
1135897.5770,0,3.1180,6.4890,6.0120
1135947.5500,0,3.0900,6.4950,6.0550
1135997.5310,0,3.1210,6.5250,5.9970
1136047.5070,0,3.1510,6.5250,6.0440
1136097.4870,0,3.1290,6.5360,6.0810
1136147.4620,0,3.1170,6.5790,6.0270
1136197.4390,0,3.1290,6.5530,6.0230
1136247.4210,0,3.1240,6.5940,6.0040
1136297.3960,0,3.0900,6.5250,6.0320
1136347.3790,0,3.1140,6.5610,6.0350
1136397.3540,0,3.1260,6.5240,6.0440
1136447.3330,0,3.1670,6.5460,6.1140
1136497.3110,0,3.1100,6.5560,6.0550
1136547.2900,0,3.1500,6.5730,6.0210
1136597.2640,0,3.0960,6.5800,5.9790
1136647.2410,0,3.1160,6.5410,6.0790
1136697.2250,0,3.0570,6.5380,6.0490
1136747.1990,0,3.1310,6.5280,6.0460
1136797.1760,0,3.1300,6.5930,6.0050
1136847.1580,0,3.1090,6.5820,6.0590
1136897.1370,0,3.1350,6.5000,6.0360
1136947.1140,0,3.1300,6.5560,6.0330
1136997.0920,0,3.1030,6.5550,6.0500
1137047.0720,0,3.1100,6.5830,6.0500
1137097.0470,0,3.1170,6.5290,6.0190
1137147.0260,0,3.1260,6.5700,6.0390
1137197.0010,0,3.1280,6.5610,6.0170
1137246.9840,0,3.1260,6.5540,6.0390
1137296.9580,0,3.0730,6.5660,6.0240
1137346.9340,0,3.0740,6.5370,6.0330
1137396.9150,0,3.1130,6.5300,6.0520
1137446.8900,0,3.1270,6.5510,6.0170
1137496.8720,0,3.1240,6.5070,6.0310
1137546.8510,0,3.1180,6.5710,6.0390
1137596.8290,0,3.1510,6.5680,6.0540
1137646.8070,0,3.1100,6.5270,6.0440
1137696.7800,0,3.1230,6.5630,6.0670
1137746.7580,0,3.1200,6.5500,6.0200
1137796.7360,0,3.1360,6.5420,6.0080
1137846.7140,0,3.0590,6.5280,6.0170
1137896.6960,0,3.1390,6.5650,6.0080
1137946.6750,0,3.1190,6.5390,6.0340
1137996.6500,0,3.1170,6.6180,6.0280
1138046.6290,0,3.1310,6.5870,6.0400
1138096.6080,0,3.1420,6.5630,6.0320
1138146.5880,0,3.1270,6.5920,5.9920
1138196.5650,0,3.1270,6.6100,6.0310
1138246.5410,0,3.1420,6.6120,6.0460
1138296.5220,0,3.0960,6.5960,6.0340
1138346.4970,0,3.1040,6.5710,5.9940
1138396.4740,0,3.1150,6.5660,6.0510
1138446.4500,0,3.1390,6.5730,6.0430
1138496.4330,0,3.1210,6.5320,6.0470
1138546.4070,0,3.1200,6.5810,6.0320
1138596.3910,0,3.1050,6.5680,6.0800
1138646.3650,0,3.0960,6.5800,6.0780
1138696.3460,0,3.1180,6.5370,6.0460
1138746.3230,0,3.1720,6.5450,6.0520
1138796.3000,0,3.1190,6.5520,5.9920
1138846.2750,0,3.1490,6.5400,6.0210
1138896.2580,0,3.1000,6.5630,6.0280
1138946.2340,0,3.0590,6.5870,6.0170
1138996.2120,0,3.1070,6.6120,6.0410
1139046.1880,0,3.1560,6.5430,5.9970
1139096.1710,0,3.1240,6.5340,6.0250
1139146.1470,0,3.1360,6.5520,6.0420
1139196.1270,0,3.1010,6.5390,6.0400
1139246.1030,0,3.1320,6.5720,6.0730
1139296.0830,0,3.1150,6.5660,6.0160
1139346.0570,0,3.1030,6.5630,6.0480
1139396.0360,0,3.1650,6.5210,6.0550
1139446.0150,0,3.1450,6.5280,6.0290
1139495.9940,0,3.0680,6.5490,6.0570
1139545.9670,0,3.1650,6.5080,6.0090
1139595.9450,0,3.1320,6.4920,6.0510
1139645.9240,0,3.1270,6.5320,6.0540
1139695.9050,0,3.0890,6.5480,6.0380
1139745.8820,0,3.1390,6.5760,6.0580
1139795.8620,0,3.0900,6.6060,6.0620
1139845.8350,0,3.1200,6.5860,6.0330
1139895.8150,0,3.1150,6.5950,6.0290
1139945.7970,0,3.1250,6.6130,6.0470
1139995.7700,0,3.1190,6.5770,6.0160
1140045.7470,0,3.1160,6.5580,6.0320
1140095.7300,0,3.1260,6.5570,6.0420
1140145.7050,0,3.1580,6.5870,6.0400
1140195.6860,0,3.1330,6.5690,6.0380
1140245.6600,0,3.1130,6.5850,6.0410
1140295.6370,0,3.1070,6.6010,6.0210
1140345.6150,0,3.1510,6.5890,6.0310
1140395.5960,0,3.1470,6.5560,6.0470
1140445.5710,0,3.1420,6.5560,6.0340
1140495.5490,0,3.0990,6.5560,5.9960
1140545.5310,0,3.1800,6.5490,6.0540
1140595.5110,0,3.0980,6.5420,6.0250
1140645.4860,0,3.1350,6.5490,6.0460
1140695.4630,0,3.1680,6.5430,6.0230
1140745.4430,0,3.1130,6.5520,5.9960
1140795.4230,0,3.1230,6.5540,5.9960
1140845.4000,0,3.1260,6.5830,6.0480
1140895.3770,0,3.0950,6.5430,6.0320
1140945.3540,0,3.1200,6.4740,6.0350
1140995.3310,0,3.1610,6.5230,6.0540
1141045.3090,0,3.1360,6.5180,5.9920
1141095.2850,0,3.1240,6.4940,6.0450
1141145.2680,0,3.1380,6.5250,6.0080
1141195.2450,0,3.1240,6.5380,6.0360
1141245.2220,0,3.0800,6.5950,6.0180
1141295.1970,0,3.1080,6.5500,5.9770
1141345.1810,0,3.0810,6.6030,6.0160
1141395.1550,0,3.0790,6.5610,6.0390
1141445.1350,0,3.1730,6.5710,6.0240
1141495.1110,0,3.1120,6.5880,6.0660
1141545.0920,0,3.1450,6.5860,6.0330
1141595.0710,0,3.1510,6.6030,6.0620
1141645.0470,0,3.1470,6.5890,6.0340
1141695.0240,0,3.1590,6.6120,6.0440
1141745.0010,0,3.1220,6.6090,6.0120
1141794.9830,0,3.1500,6.6360,6.0370
1141844.9590,0,3.1340,6.6190,6.0000
1141894.9340,0,3.1080,6.5570,5.9960
1141944.9120,0,3.0800,6.5840,6.0400
1141994.8920,0,3.1380,6.5880,6.0880
1142044.8720,0,3.1210,6.5950,6.0070
1142094.8490,0,3.1350,6.5940,6.0420
1142144.8230,0,3.0910,6.6430,6.0350
1142194.8060,0,3.0990,6.6510,6.0550
1142244.7840,0,3.1320,6.6020,6.0350
1142294.7600,0,3.1260,6.6220,6.0310
1142344.7400,0,3.1200,6.6360,6.0440
1142394.7140,0,3.1900,6.6010,6.0070
1142444.6930,0,3.0970,6.5900,6.0220
1142494.6700,0,3.0960,6.5480,6.0540
1142544.6520,0,3.1200,6.5620,6.0790
1142594.6270,0,3.0640,6.5500,6.0670
1142644.6050,0,3.1130,6.5680,6.0160
1142694.5850,0,3.1280,6.5450,6.0970
1142744.5630,0,3.1370,6.4720,6.0140
1142794.5370,0,3.1690,6.4720,6.0610
1142844.5180,0,3.1450,6.4680,6.0730
1142894.4930,0,3.1190,6.4810,6.0150
1142944.4710,0,3.1040,6.4860,6.0120
1142994.4540,0,3.1490,6.5170,6.0560
1143044.4310,0,3.1370,6.5550,5.9980
1143094.4110,0,3.1320,6.5420,6.0810
1143144.3880,0,3.1310,6.5680,6.0160
1143194.3620,0,3.1340,6.5670,6.0090
1143244.3390,0,3.0920,6.5740,6.0270
1143294.3190,0,3.1790,6.6070,6.0250
1143344.3000,0,3.1220,6.5160,6.0880
1143394.2750,0,3.1340,6.5450,6.0420
1143444.2560,0,3.1110,6.5260,6.0160
1143494.2290,0,3.1220,6.6170,6.0870
1143544.2130,0,3.1240,6.7250,6.0240
1143594.1880,0,3.1680,6.6480,6.0220
1143644.1680,0,3.1180,6.6190,6.0300
1143694.1470,0,3.0960,6.5410,6.0130
1143744.1250,0,3.1390,6.5560,6.0280
1143794.1010,0,3.1140,6.5060,6.0490
1143844.0800,0,3.0830,6.5290,6.0250
1143894.0560,0,3.1410,6.5160,6.0270
1143944.0310,0,3.1110,6.5450,6.0440
1143994.0130,0,3.1250,6.5870,6.0230
1144043.9910,0,3.1110,6.4970,6.0270
1144093.9690,0,3.1240,6.5600,6.0420
1144143.9450,0,3.1190,6.5520,6.0700
1144193.9260,0,3.1130,6.5070,6.0690
1144243.9040,0,3.1550,6.5140,6.0480
1144293.8800,0,3.1500,6.5430,6.0230
1144343.8600,0,3.1060,6.4880,6.0450
1144393.8370,0,3.1260,6.5230,6.0260
1144443.8120,0,3.1050,6.5210,6.0400
1144493.7920,0,3.1350,6.4940,5.9870
1144543.7710,0,3.1240,6.4690,6.0230
1144593.7490,0,3.1150,6.4830,6.0410
1144643.7240,0,3.1560,6.5210,6.0800
1144693.7030,0,3.1450,6.5260,6.0250
1144743.6820,0,3.1000,6.5030,6.0510
1144793.6610,0,3.1210,6.5170,6.0430
1144843.6390,0,3.1280,6.5370,6.0840
1144893.6180,0,3.1150,6.5730,6.0540
1144943.5950,0,3.1540,6.5420,6.1000
1144993.5760,0,3.1380,6.4960,6.0580
1145043.5490,0,3.1630,6.5310,6.0040
1145093.5280,0,3.0950,6.4790,6.0240
1145143.5090,0,3.1210,6.5250,5.9860
1145193.4860,0,3.1370,6.4910,5.9810
1145243.4590,0,3.1210,6.5180,6.0330
1145293.4420,0,3.1130,6.5030,5.9990
1145343.4190,0,3.1480,6.5800,6.0290
1145393.3970,0,3.1050,6.5290,6.0400
1145443.3780,0,3.1200,6.5560,6.0390
1145493.3490,0,3.1220,6.5750,6.0570
1145543.3290,0,3.1320,6.6170,5.9860
1145593.3080,0,3.1030,6.6350,6.0200
1145643.2870,0,3.1190,6.6510,6.0340
1145693.2660,0,3.0980,6.6020,6.0020
1145743.2450,0,3.1080,6.6060,6.0340
1145793.2170,0,3.0740,6.6280,6.0580
1145843.1970,0,3.1000,6.6230,6.0440
1145893.1800,0,3.1260,6.5410,6.0480
1145943.1550,0,3.1330,6.5950,6.0530
1145993.1330,0,3.1300,6.5390,6.0010
1146043.1080,0,3.1480,6.5230,6.0690
1146093.0920,0,3.1030,6.4840,6.0380
1146143.0640,0,3.0980,6.5000,5.9920
1146193.0420,0,3.1140,6.5230,6.0530
1146243.0220,0,3.1450,6.5850,6.0750
1146293.0040,0,3.1010,6.5550,6.0930
1146342.9780,0,3.0950,6.5520,6.0050
1146392.9590,0,3.1030,6.5420,6.0480
1146442.9350,0,3.1120,6.5630,6.0560
1146492.9120,0,3.1220,6.4420,5.9990
1146542.8930,0,3.1120,6.5140,6.0050
1146592.8680,0,3.1380,6.5480,6.0590
1146642.8470,0,3.1910,6.5650,6.0520
1146692.8280,0,3.1300,6.6040,6.0310
1146742.8010,0,3.1200,6.5810,6.0270
1146792.7830,0,3.1300,6.5710,5.9790
1146842.7620,0,3.1180,6.5530,6.0420
1146892.7340,0,3.1420,6.5590,5.9810
1146942.7120,0,3.1300,6.5210,6.0480
1146992.6930,0,3.0770,6.5040,6.0130
1147042.6730,0,3.1370,6.4820,6.0520
1147092.6500,0,3.1040,6.5110,6.0580
1147142.6280,0,3.1490,6.5240,6.0340
1147192.6020,0,3.1150,6.5690,6.0610
1147242.5800,0,3.1110,6.5340,6.0410
1147292.5600,0,3.1250,6.5290,6.0650
1147342.5360,0,3.0940,6.5450,6.0300
1147392.5200,0,3.1380,6.5780,6.0780
1147442.4950,0,3.1040,6.4850,6.0470
1147492.4720,0,3.1080,6.5380,6.0470
1147542.4530,0,3.1270,6.5290,6.0190
1147592.4320,0,3.1000,6.5220,6.0350
1147642.4050,0,3.1240,6.5310,6.0450
1147692.3860,0,3.1370,6.5600,6.0460
1147742.3610,0,3.1100,6.5430,6.0370
1147792.3410,0,3.1600,6.5350,6.0170
1147842.3190,0,3.1250,6.5580,6.0700
1147892.2940,0,3.1230,6.5690,6.0220
1147942.2740,0,3.1490,6.5810,6.0050
1147992.2530,0,3.1260,6.5810,6.0570
1148042.2320,0,3.0950,6.6660,5.9740
1148092.2110,0,3.1580,6.7050,5.9820
1148142.1870,0,3.1600,6.6090,6.0310
1148192.1650,0,3.1480,6.6160,6.0320
1148242.1400,0,3.1120,6.6030,6.0390
1148292.1210,0,3.1620,6.6180,6.0390
1148342.1020,0,3.0900,6.6030,6.0220
1148392.0750,0,3.1140,6.5960,6.0210
1148442.0530,0,3.1340,6.5530,6.0470
1148492.0370,0,3.1260,6.6110,6.0390
1148542.0100,0,3.1170,6.5420,6.0330
1148591.9880,0,3.1170,6.5870,6.0260
1148641.9680,0,3.1410,6.5690,6.0490
1148691.9450,0,3.1550,6.5460,6.0660
1148741.9270,1,3.1240,6.5560,5.9830
1148791.9010,0,3.1360,6.5320,6.0190
1148841.8780,2,3.1200,6.6250,6.0370
1148891.8550,0,3.0780,6.6660,5.9950
1148941.8320,1,3.1000,6.6710,6.0530
1148991.8110,0,3.0950,6.6870,6.0360
1149041.7910,2,3.1160,6.7010,6.0400
1149091.7670,0,3.1030,6.6890,6.0470
1149141.7470,1,3.1190,6.7210,6.0580
1149191.7250,0,3.1020,6.6810,6.0510
1149241.7020,2,3.0830,6.6950,6.0520
1149291.6820,0,3.0970,6.7080,6.0360
1149341.6590,1,3.1440,6.6870,6.0380
1149391.6350,0,3.1200,6.6570,6.0250
1149441.6130,2,3.1390,6.6090,6.0260
1149491.5930,0,3.1300,6.6070,6.0710
1149541.5700,1,3.1440,6.6230,6.0440
1149591.5500,0,3.1550,6.5930,6.0190
1149641.5250,2,3.1270,6.6070,6.0230
1149691.5070,0,3.0930,6.6020,6.0450
1149741.4860,1,3.1090,6.5920,6.0220
1149791.4600,0,3.1010,6.5790,6.0590
1149841.4370,2,3.0660,6.5710,6.0110
1149891.4210,0,3.1380,6.5950,6.0540
1149941.3990,1,3.1010,6.5500,6.0310
1149991.3720,0,3.1650,6.6200,6.0310
1150041.3510,2,3.1350,6.5980,6.0140
1150091.3300,0,3.1040,6.5880,6.0210
1150141.3050,1,3.1130,6.5990,6.0350
1150191.2840,0,3.1650,6.5770,6.0170
1150241.2610,2,3.1510,6.5910,6.0510
1150291.2410,0,3.0750,6.5440,6.0120
1150341.2180,1,3.1600,6.5320,6.0610
1150391.1990,0,3.1340,6.5300,6.0300
1150441.1790,2,3.1030,6.5720,6.0620
1150491.1530,0,3.1430,6.5400,6.0160
1150541.1330,1,3.1170,6.5320,6.0240
1150591.1070,0,3.0870,6.4860,6.0240
1150641.0880,2,3.0910,6.4920,6.0480
1150691.0650,0,3.1640,6.5420,6.0040
1150741.0450,1,3.1070,6.5360,5.9850
1150791.0200,0,3.1190,6.4800,6.0210
1150840.9970,2,3.1610,6.5360,6.0090
1150890.9810,0,3.1470,6.5800,6.0610
1150940.9590,1,3.1250,6.5420,6.0500
1150990.9340,0,3.1060,6.5240,6.0320
1151040.9110,2,3.0820,6.5280,6.0670
1151090.8900,0,3.0990,6.5260,6.0150
1151140.8700,1,3.0920,6.5450,6.0430
1151190.8450,0,3.1340,6.5260,6.0380
1151240.8260,2,3.1270,6.5140,6.0530
1151290.8010,0,3.0940,6.5160,6.0010
1151340.7800,1,3.1060,6.4900,6.0050
1151390.7590,0,3.1090,6.5330,6.0400
1151440.7380,2,3.1520,6.5190,6.0360
1151490.7110,0,3.1400,6.5530,6.0690
1151540.6950,1,3.1390,6.5100,6.0450
1151590.6700,0,3.1280,6.5140,6.0690
1151640.6470,2,3.1330,6.5420,6.0590
1151690.6290,0,3.1370,6.5160,6.0130
1151740.6010,1,3.0950,6.5390,6.0200
1151790.5850,0,3.1170,6.5520,6.0570
1151840.5600,2,3.1060,6.5620,6.0420
1151890.5390,0,3.1080,6.5210,6.0260
1151940.5160,1,3.0900,6.6120,6.0170
1151990.4970,0,3.1080,6.5740,6.0540
1152040.4740,2,3.1140,6.5480,6.0670
1152090.4490,0,3.1480,6.5710,6.0530
1152140.4250,1,3.1210,6.5310,5.9980
1152190.4060,0,3.1470,6.5670,6.0210
1152240.3820,2,3.1120,6.5470,6.0050
1152290.3650,0,3.1300,6.5550,5.9980
1152340.3410,1,3.1200,6.5640,6.0540
1152390.3170,0,3.0630,6.6100,5.9740
1152440.2940,2,3.0780,6.6700,6.0120
1152490.2740,0,3.1050,6.5950,6.0270
1152540.2560,1,3.1010,6.6250,6.0470
1152590.2270,0,3.1460,6.5770,6.0170
1152640.2070,2,3.0780,6.6230,6.0640
1152690.1860,0,3.1160,6.5940,6.0140
1152740.1610,1,3.1010,6.6280,6.0460
1152790.1410,0,3.0680,6.6850,6.0450
1152840.1180,2,3.1090,6.6850,6.0490
1152890.0980,0,3.1270,6.6200,6.0150
1152940.0750,1,3.1120,6.6580,6.0380
1152990.0530,0,3.1320,6.6330,6.0220
1153040.0350,2,3.0890,6.6050,6.0060
1153090.0130,0,3.1000,6.6080,6.0210
1153139.9860,1,3.1290,6.5710,6.0460
1153189.9680,0,3.0980,6.5910,6.0130
1153239.9430,2,3.1310,6.6360,6.0260
1153289.9230,0,3.0850,6.6000,6.0250
1153339.9020,1,3.1410,6.6170,6.0080
1153389.8780,0,3.1610,6.6000,6.0240
1153439.8570,2,3.1190,6.5940,5.9860
1153489.8340,0,3.1160,6.5710,6.0410
1153539.8140,1,3.1210,6.5720,6.0060
1153589.7880,0,3.1310,6.5170,6.0240
1153639.7710,2,3.1290,6.5780,6.0340
1153689.7480,0,3.1170,6.5580,5.9990
1153739.7250,1,3.1220,6.5810,5.9970
1153789.7000,0,3.1320,6.5770,6.0600
1153839.6830,2,3.1300,6.5870,6.0210
1153889.6610,0,3.1370,6.5830,6.0760
1153939.6380,1,3.1270,6.5680,6.0450
1153989.6180,0,3.1800,6.5380,6.0290
1154039.5950,2,3.0980,6.5180,6.0080
1154089.5730,0,3.1290,6.5850,6.0530
1154139.5520,1,3.1430,6.5610,6.0460
1154189.5280,0,3.1170,6.6100,6.0480
1154239.5040,2,3.1460,6.6020,6.0490
1154289.4870,0,3.1150,6.5490,5.9970
1154339.4640,1,3.1100,6.5570,6.0430
1154389.4360,0,3.1510,6.5510,6.0480
1154439.4150,2,3.1440,6.5590,6.0230
1154489.3980,0,3.1240,6.5430,6.0700
1154539.3750,1,3.1010,6.5080,6.0220
1154589.3540,0,3.0940,6.5160,6.0280
1154639.3270,2,3.1200,6.5530,6.0370
1154689.3080,0,3.1190,6.5510,6.0010
1154739.2840,1,3.1520,6.5220,5.9820
1154789.2650,0,3.1570,6.5060,6.0470
1154839.2410,2,3.1470,6.5240,6.0610
1154889.2220,0,3.1390,6.5480,6.0480
1154939.1940,1,3.1170,6.5550,6.0060
1154989.1720,0,3.1280,6.4950,6.0230
1155039.1510,2,3.1120,6.5280,6.0390
1155089.1320,0,3.1060,6.5440,6.0130
1155139.1110,1,3.0940,6.4710,6.0120
1155189.0860,0,3.1280,6.4900,6.0900
1155239.0690,2,3.1140,6.4980,6.0310
1155289.0470,0,3.1180,6.4550,6.0050
1155339.0230,1,3.0910,6.5210,6.0850
1155388.9980,0,3.1220,6.5700,6.0790
1155438.9810,2,3.1080,6.6460,6.0220
1155488.9570,0,3.1180,6.6460,6.0110
1155538.9330,1,3.1370,6.6180,6.0580
1155588.9110,0,3.1550,6.6290,6.0520
1155638.8890,2,3.1280,6.5880,6.0680
1155688.8660,0,3.1450,6.5800,6.0130
1155738.8460,1,3.1470,6.5780,6.0590
1155788.8270,0,3.0940,6.5540,6.0180
1155838.8000,2,3.1350,6.5530,6.0460
1155888.7770,0,3.1050,6.5420,6.0050
1155938.7610,1,3.0960,6.5140,6.0050
1155988.7330,0,3.1010,6.4970,6.0280
1156038.7150,2,3.1480,6.4750,6.0450
1156088.6910,0,3.1750,6.5670,5.9900
1156138.6670,1,3.1010,6.5150,6.0310
1156188.6490,0,3.1310,6.5260,6.0190
1156238.6270,2,3.1730,6.5530,6.0510
1156288.6040,0,3.1310,6.5570,6.0300
1156338.5800,1,3.0740,6.5560,6.0770
1156388.5620,0,3.0960,6.5610,6.0010
1156438.5340,2,3.1080,6.5860,6.0070
1156488.5180,0,3.1650,6.5290,6.0430
1156538.4920,1,3.1230,6.5260,6.0570
1156588.4730,0,3.1100,6.5060,6.0170
1156638.4520,2,3.1320,6.5260,6.0570
1156688.4300,0,3.1240,6.5130,5.9820
1156738.4060,1,3.1600,6.4860,6.0290
1156788.3870,0,3.1040,6.5260,6.0530
1156838.3660,2,3.1180,6.5270,6.0200
1156888.3400,0,3.1280,6.5620,6.0490
1156938.3210,1,3.1410,6.5390,6.0650
1156988.2960,0,3.1590,6.5750,6.0580
1157038.2770,2,3.0920,6.6070,6.0600
1157088.2510,0,3.0920,6.5290,6.0420
1157138.2280,1,3.1560,6.4560,6.0430
1157188.2090,0,3.1350,6.5440,6.0430
1157238.1870,2,3.1500,6.4700,6.0390
1157288.1620,0,3.1420,6.4480,6.0600
1157338.1450,1,3.1610,6.4730,6.0400
1157388.1230,0,3.1320,6.4890,6.0080
1157438.1010,2,3.1270,6.5150,5.9760
1157488.0790,0,3.0910,6.4690,6.0170
1157538.0570,1,3.1370,6.4790,6.0230
1157588.0360,0,3.1530,6.5090,6.0270
1157638.0100,2,3.1200,6.4510,6.0550
1157687.9870,0,3.1580,6.5170,6.0850
1157737.9670,1,3.1430,6.5210,5.9980
1157787.9450,0,3.1760,6.5150,5.9950
1157837.9250,2,3.1160,6.5640,6.0450
1157887.8990,0,3.1200,6.5700,6.0210
1157937.8760,1,3.1390,6.5300,6.0080
1157987.8560,0,3.1070,6.6030,5.9900
1158037.8380,2,3.1560,6.5540,6.0230
1158087.8110,0,3.1580,6.5460,6.0150
1158137.7900,1,3.0800,6.5430,6.0450
1158187.7670,0,3.1280,6.5440,6.0130
1158237.7490,2,3.1350,6.5680,6.0620
1158287.7230,0,3.1230,6.5340,6.0410
1158337.7000,1,3.0870,6.5640,6.0260
1158387.6830,0,3.1410,6.5480,6.0450
1158437.6610,2,3.1370,6.5650,6.0220
1158487.6380,0,3.1290,6.5030,6.0270
1158537.6170,1,3.0920,6.5510,5.9950
1158587.5950,0,3.1190,6.5490,6.0100
1158637.5710,2,3.0820,6.5600,6.0170
1158687.5500,0,3.1370,6.5890,6.0380
1158737.5310,1,3.1210,6.5420,6.0340
1158787.5050,0,3.1110,6.5800,5.9970
1158837.4840,2,3.0860,6.5700,6.0250
1158887.4590,0,3.1470,6.6160,6.0130
1158937.4430,1,3.1430,6.5180,6.0300
1158987.4140,0,3.1530,6.6130,6.0480
1159037.3930,2,3.1510,6.5630,6.0570
1159087.3710,0,3.1420,6.5840,6.0420
1159137.3510,1,3.1090,6.5410,6.0790
1159187.3300,0,3.1420,6.5190,5.9960
1159237.3070,2,3.1390,6.5570,6.0130
1159287.2850,0,3.1120,6.5660,6.0180
1159337.2610,1,3.1270,6.5110,6.0510
1159387.2420,0,3.0670,6.5460,5.9760
1159437.2230,2,3.1220,6.5460,6.0500
1159487.1970,0,3.1380,6.5340,6.0080
1159537.1730,1,3.1090,6.4780,6.0370
1159587.1510,0,3.1040,6.5330,6.0300
1159637.1330,2,3.1010,6.5200,6.0390
1159687.1090,0,3.1520,6.5790,6.0400
1159737.0890,1,3.1320,6.5130,6.0350
1159787.0690,0,3.1370,6.4740,6.0450
1159837.0450,2,3.1000,6.5890,6.0010
1159887.0210,0,3.1060,6.5830,6.0490
1159937.0000,1,3.0950,6.5850,6.0270
1159986.9810,0,3.0740,6.5480,6.0180
1160036.9540,2,3.1000,6.5520,6.0030
1160086.9370,0,3.1170,6.5440,6.0560
1160136.9120,1,3.1370,6.5720,6.0080
1160186.8870,0,3.0900,6.5090,6.0160
1160236.8670,2,3.0850,6.5530,5.9950
1160286.8450,0,3.1360,6.5180,6.0230
1160336.8260,1,3.0920,6.5600,6.0210
1160386.8020,0,3.1370,6.5590,6.0250
1160436.7820,2,3.1210,6.5700,6.0570
1160486.7610,0,3.1020,6.5360,6.0690
1160536.7330,1,3.1480,6.5470,6.0380
1160586.7150,0,3.1110,6.5020,6.0340
1160636.6940,2,3.0860,6.4600,6.0520
1160686.6710,0,3.1030,6.4650,6.0530
1160736.6460,1,3.1130,6.4640,6.0500
1160786.6260,0,3.1310,6.4770,6.0160
1160836.6070,2,3.1140,6.4900,6.0230
1160886.5800,0,3.1400,6.5280,6.0570
1160936.5600,1,3.1280,6.5210,6.0580
1160986.5400,0,3.1090,6.5290,6.0500
1161036.5200,2,3.1160,6.4490,6.0270
1161086.4950,0,3.1020,6.4760,6.0210
1161136.4710,1,3.1390,6.5100,6.0450
1161186.4470,0,3.1200,6.4970,6.0150
1161236.4250,2,3.1450,6.5410,6.0590
1161286.4060,0,3.1320,6.5470,6.0280
1161336.3830,1,3.1340,6.5200,6.0560
1161386.3590,0,3.1380,6.5360,6.0590
1161436.3410,2,3.1020,6.4420,6.0200
1161486.3200,0,3.1060,6.5260,6.0410
1161536.2980,1,3.0990,6.5200,6.0200
1161586.2770,0,3.1070,6.4780,6.0350
1161636.2500,2,3.1020,6.4520,6.0730
1161686.2290,0,3.1080,6.4860,6.0330
1161736.2080,1,3.1140,6.4970,6.0570
1161786.1830,0,3.1420,6.5310,6.0060
1161836.1670,2,3.1560,6.5250,6.0410
1161886.1430,0,3.1350,6.4860,6.0300
1161936.1210,1,3.1260,6.5260,6.0270
1161986.0960,0,3.1200,6.5480,6.0260
1162036.0790,2,3.0890,6.5570,6.0640
1162086.0550,0,3.1160,6.5440,6.0030
1162136.0340,1,3.1370,6.5470,6.0730
1162186.0120,0,3.1110,6.5200,6.0440
1162235.9900,2,3.1310,6.5790,6.0150
1162285.9640,0,3.1010,6.5710,6.0440
1162335.9420,1,3.0990,6.5730,6.0350
1162385.9260,0,3.1640,6.6060,6.0180
1162435.9020,2,3.1330,6.5480,6.0170
1162485.8810,0,3.1030,6.5360,6.0440
1162535.8580,1,3.1020,6.5730,6.0500
1162585.8350,0,3.1630,6.5660,6.0300
1162635.8100,2,3.1100,6.5420,6.0650
1162685.7880,0,3.1280,6.5390,6.0460
1162735.7660,1,3.1110,6.5180,5.9770
1162785.7490,0,3.1040,6.5960,6.0670
1162835.7230,2,3.1240,6.4850,6.0480
1162885.7030,0,3.0840,6.4610,6.0490
1162935.6820,1,3.0830,6.5750,6.0450
1162985.6610,0,3.1110,6.6480,6.0370
1163035.6380,2,3.1200,6.6550,6.0270
1163085.6130,0,3.1070,6.6180,6.0230
1163135.5960,1,3.0940,6.6260,6.0610
1163185.5700,0,3.0740,6.6180,6.0210
1163235.5490,2,3.0730,6.6280,6.0230
1163285.5250,0,3.1510,6.6110,6.0730
1163335.5090,1,3.1190,6.6210,6.0450
1163385.4810,0,3.1350,6.5800,5.9800
1163435.4590,2,3.1260,6.6660,6.0230
1163485.4390,0,3.0980,6.5640,6.0440
1163535.4170,1,3.1160,6.5920,6.0280
1163585.3900,0,3.1480,6.5830,6.0360
1163635.3680,2,3.1200,6.5190,6.0120
1163685.3470,0,3.1470,6.5460,5.9980
1163735.3260,1,3.1160,6.5480,6.0350
1163785.3030,0,3.1430,6.5600,6.0180
1163835.2800,2,3.1910,6.5490,6.0250
1163885.2600,0,3.0960,6.5740,6.0230
1163935.2320,1,3.0980,6.5490,6.0350
1163985.2140,0,3.1110,6.5530,6.0540
1164035.1860,2,3.1060,6.5440,6.0260
1164085.1670,0,3.1380,6.5530,6.0530
1164135.1440,1,3.1140,6.6320,6.0230
1164185.1190,0,3.1270,6.6190,6.0490
1164235.0960,2,3.1330,6.6380,6.0570
1164285.0750,0,3.1300,6.6560,6.0380
1164335.0540,1,3.1030,6.6610,6.0510
1164385.0320,0,3.0900,6.6070,6.0310
1164435.0050,2,3.1200,6.6230,6.0330
1164484.9850,0,3.1660,6.6220,6.0460
1164534.9620,1,3.1410,6.5930,6.0200
1164584.9370,0,3.1390,6.5690,6.0330
1164634.9180,2,3.1050,6.6060,5.9980
1164684.8960,0,3.1260,6.5880,6.0340
1164734.8730,1,3.1350,6.5740,6.0110
1164784.8490,0,3.1140,6.5670,6.0360
1164834.8260,0,3.1290,6.4920,6.0400
1164884.8050,2,3.1120,6.4770,6.0310
1164934.7780,1,3.0840,6.5430,6.0640
1164984.7550,0,3.1030,6.4780,6.0240
1165034.7340,2,3.1430,6.5730,6.0660
1165084.7140,0,3.1390,6.6000,6.0230
1165134.6910,1,3.1130,6.5820,6.0540
1165184.6690,0,3.1270,6.5930,5.9970
1165234.6440,0,3.1220,6.5280,6.0670
1165284.6170,2,3.1280,6.5940,6.0510
1165334.5990,1,3.1320,6.6350,5.9870
1165384.5760,0,3.0950,6.5600,6.0090
1165434.5500,2,3.1090,6.5930,6.0370
1165484.5280,0,3.0940,6.5780,6.0160
1165534.5060,1,3.1170,6.5780,6.0640
1165584.4830,0,3.1530,6.5980,6.0280
1165634.4600,0,3.1360,6.5470,6.0180
1165684.4420,2,3.0920,6.6270,6.0330
1165734.4160,1,3.1240,6.5550,6.0670
1165784.3960,0,3.1040,6.5710,6.0250
1165834.3680,2,3.1390,6.5560,6.0360
1165884.3450,0,3.1270,6.5440,6.0290
1165934.3270,1,3.0870,6.5860,6.0350
1165984.2990,0,3.1350,6.5410,6.0510
1166034.2820,0,3.1260,6.5110,6.0120
1166084.2570,2,3.0900,6.5150,6.0100
1166134.2320,1,3.0920,6.5450,6.0440
1166184.2090,0,3.1220,6.5210,6.0620
1166234.1870,2,3.1140,6.5270,6.0450
1166284.1630,0,3.0880,6.5470,6.0810
1166334.1460,1,3.1140,6.5250,6.0220
1166384.1230,0,3.1420,6.5020,6.0050
1166434.0960,0,3.1230,6.4830,6.0250
1166484.0740,2,3.1040,6.4520,6.0380
1166534.0540,1,3.1390,6.4360,6.0240
1166584.0290,0,3.1240,6.5450,6.0600
1166634.0050,2,3.1080,6.4620,6.0010
1166683.9810,0,3.1830,6.4490,6.0200
1166733.9640,0,3.1480,6.4660,6.0580
1166783.9350,1,3.1200,6.5280,6.0400
1166833.9170,0,3.1380,6.5170,6.0620
1166883.8910,2,3.1270,6.4810,5.9900
1166933.8700,1,3.1340,6.5050,6.0330
1166983.8490,0,3.1420,6.5090,6.0380
1167033.8250,2,3.1450,6.5070,6.0660
1167083.8020,0,3.1040,6.5670,6.0350
1167133.7790,0,3.1190,6.5550,6.0270
1167183.7540,1,3.1300,6.5730,6.0050
1167233.7300,0,3.1450,6.5780,6.0660
1167283.7100,2,3.1270,6.5080,6.0240
1167333.6910,1,3.1230,6.5390,6.0380
1167383.6650,0,3.1230,6.5100,6.0080
1167433.6400,2,3.0960,6.5190,6.0390
1167483.6180,0,3.1250,6.5110,5.9920
1167533.6000,0,3.0590,6.4730,6.0110
1167583.5780,1,3.1310,6.4730,5.9950
1167633.5510,0,3.1440,6.4780,6.0190
1167683.5270,2,3.1480,6.5010,6.0620
1167733.5070,1,3.1270,6.5290,6.0390
1167783.4800,0,3.1250,6.5100,6.0250
1167833.4600,0,3.1130,6.5870,6.0390
1167883.4380,2,3.1340,6.5510,6.0480
1167933.4180,0,3.1020,6.5130,6.0430
1167983.3920,1,3.1120,6.5290,6.0050
1168033.3670,0,3.1220,6.5260,6.0520
1168083.3460,2,3.1430,6.5220,6.0250
1168133.3210,1,3.0850,6.5380,6.0270
1168183.3010,0,3.1180,6.5660,6.0330
1168233.2800,0,3.1370,6.5730,6.0210
1168283.2530,2,3.1380,6.5270,6.0320
1168333.2320,0,3.1370,6.5840,6.0140
1168383.2070,1,3.1350,6.5790,6.0270
1168433.1840,0,3.1530,6.5920,5.9860
1168483.1620,2,3.1350,6.5620,6.0530
1168533.1440,1,3.1220,6.5620,6.0790
1168583.1210,0,3.1760,6.5340,6.0110
1168633.0950,0,3.1200,6.5370,6.0070
1168683.0770,2,3.1170,6.5100,5.9910
1168733.0480,0,3.1300,6.5240,6.0160
1168783.0290,1,3.1280,6.5360,6.0410
1168833.0090,0,3.1060,6.5000,6.0850
1168882.9800,2,3.1400,6.5460,6.0610
1168932.9630,1,3.1300,6.5810,5.9920
1168982.9390,0,3.1310,6.5570,6.0600
1169032.9140,0,3.1200,6.5570,6.0730
1169082.8930,2,3.1260,6.5660,6.0290
1169132.8700,0,3.1210,6.5850,6.0510
1169182.8470,1,3.1210,6.5920,6.0630
1169232.8230,0,3.0980,6.6050,6.0200
1169282.7980,2,3.1310,6.6020,6.0610
1169332.7820,0,3.0870,6.6260,6.0450
1169382.7580,1,3.1090,6.6510,6.0220
1169432.7330,2,3.0870,6.6670,6.0080
1169482.7090,0,3.0900,6.6530,5.9910
1169532.6870,0,3.1710,6.6330,6.0300
1169582.6630,1,3.1580,6.6040,6.0360
1169632.6380,0,3.1120,6.6510,6.0220
1169682.6180,2,3.1200,6.6390,6.0410
1169732.5970,0,3.1190,6.6610,6.0330
1169782.5720,1,3.1220,6.5510,6.0520
1169832.5480,2,3.1070,6.5490,6.0440
1169882.5270,0,3.1150,6.5750,5.9930
1169932.5060,0,3.1040,6.5420,6.0470
1169982.4840,1,3.0670,6.5680,6.0010
1170032.4590,0,3.1700,6.5460,6.0410
1170082.4400,2,3.1320,6.5110,6.0550
1170132.4160,0,3.1020,6.5330,6.0370
1170182.3920,1,3.1380,6.5030,6.0430
1170232.3720,0,3.0980,6.5560,6.0050
1170282.3470,2,3.0820,6.4930,6.0470
1170332.3250,0,3.0990,6.5100,6.0350
1170382.3000,1,3.1230,6.6090,6.0940
1170432.2780,0,3.1210,6.6400,6.0900
1170482.2560,2,3.1150,6.6430,6.0300
1170532.2340,0,3.1000,6.6960,6.0080
1170582.2120,1,3.1850,6.6380,6.0220
1170632.1850,0,3.1610,6.6460,6.0010
1170682.1640,2,3.1350,6.6720,6.0400
1170732.1420,0,3.0780,6.7040,6.0030
1170782.1190,1,3.0840,6.6500,6.0220
1170832.0990,0,3.1140,6.6620,6.0270
1170882.0720,2,3.0830,6.6750,6.0210
1170932.0510,0,3.1110,6.7120,6.0310
1170982.0310,1,3.1180,6.7330,6.0230
1171032.0080,0,3.1050,6.7010,5.9930
1171081.9850,2,3.0920,6.6470,6.0120
1171131.9590,0,3.1320,6.6570,6.0380
1171181.9360,1,3.0940,6.6080,6.0270
1171231.9130,0,3.1150,6.6280,5.9900
1171281.8890,2,3.0910,6.6340,6.0570
1171331.8710,0,3.1130,6.6580,6.0090
1171381.8430,1,3.1430,6.6340,6.0530
1171431.8230,0,3.1230,6.6700,6.0400
1171481.7980,2,3.1450,6.6360,6.0020
1171531.7760,0,3.1020,6.6690,6.0220
1171581.7560,1,3.1050,6.6490,6.0410
1171631.7310,0,3.0860,6.5640,6.0650
1171681.7070,2,3.1250,6.6090,6.0740
1171731.6870,0,3.1030,6.5990,6.0600
1171781.6610,1,3.1710,6.6020,6.0440
1171831.6400,0,3.1180,6.5810,6.0550
1171881.6170,2,3.1180,6.5600,6.0290
1171931.5930,0,3.1210,6.6080,6.0410
1171981.5720,1,3.1190,6.5850,6.0080
1172031.5510,0,3.1470,6.5580,6.0600
1172081.5250,2,3.1590,6.5610,6.0030
1172131.5030,0,3.1030,6.5480,6.0490
1172181.4830,1,3.0920,6.5920,6.0090
1172231.4590,0,3.1200,6.5800,6.0750
1172281.4400,2,3.0990,6.5390,6.0300
1172331.4170,0,3.0750,6.5360,6.0120
1172381.3890,1,3.1140,6.5070,5.9780
1172431.3690,0,3.1550,6.5220,6.0230
1172481.3420,2,3.1180,6.5480,5.9970
1172531.3240,0,3.1400,6.4970,6.0260
1172581.3000,1,3.1470,6.5500,6.0200
1172631.2760,0,3.1650,6.5140,5.9940
1172681.2550,2,3.0980,6.5040,6.0460
1172731.2340,0,3.1670,6.5520,6.0350
1172781.2090,1,3.1220,6.4960,6.0030
1172831.1830,0,3.1030,6.5480,6.0410
1172881.1650,2,3.1190,6.5500,5.9930
1172931.1380,0,3.1460,6.5050,6.0520
1172981.1150,1,3.1180,6.5750,6.0420
1173031.0940,0,3.0970,6.5590,6.0030
1173081.0720,2,3.1050,6.5550,6.0080
1173131.0480,0,3.1470,6.5180,6.0380
1173181.0300,1,3.1220,6.4910,6.0480
1173231.0060,0,3.1320,6.5610,6.0400
1173280.9830,2,3.0740,6.5190,5.9900
1173330.9580,0,3.1110,6.5250,6.0520
1173380.9360,1,3.1180,6.5090,6.0260
1173430.9170,0,3.0770,6.5450,5.9860
1173480.8880,2,3.1220,6.5360,6.0200
1173530.8680,0,3.1150,6.5430,6.0600
1173580.8430,1,3.1330,6.5490,6.0050
1173630.8210,0,3.1720,6.5450,6.0090
1173680.7980,2,3.1400,6.5500,5.9980
1173730.7740,0,3.1230,6.5630,6.0330
1173780.7520,1,3.1260,6.5910,6.0460
1173830.7300,0,3.0900,6.5740,6.0120
1173880.7050,2,3.1130,6.5510,6.0050
1173930.6830,0,3.1310,6.5280,6.0050
1173980.6640,1,3.1380,6.5380,6.0120
1174030.6420,0,3.1240,6.5020,6.0150
1174080.6170,2,3.1030,6.5670,6.0600
1174130.5980,0,3.1220,6.5410,6.0200
1174180.5710,1,3.1310,6.5230,6.0620
1174230.5470,0,3.0900,6.5420,5.9790
1174280.5240,2,3.1140,6.5160,6.0690
1174330.5000,0,3.1450,6.5780,6.0250
1174380.4840,1,3.1220,6.5430,6.0200
1174430.4560,0,3.1540,6.5840,6.0450
1174480.4320,2,3.0800,6.5740,5.9870
1174530.4120,0,3.1260,6.5980,6.0600
1174580.3910,1,3.1280,6.5730,6.0400
1174630.3700,0,3.1200,6.5270,6.0480
1174680.3420,2,3.0900,6.4860,6.0370
1174730.3240,0,3.0930,6.5630,6.0400
1174780.2980,1,3.1040,6.5790,5.9990
1174830.2760,0,3.1030,6.4880,6.0100
1174880.2510,2,3.1340,6.4510,6.0230
1174930.2270,0,3.1030,6.5720,6.0390
1174980.2090,1,3.1070,6.5200,6.0320
1175030.1860,0,3.1120,6.5620,6.0810
1175080.1630,2,3.1500,6.4960,6.0460
1175130.1360,0,3.1310,6.5680,6.0380
1175180.1180,1,3.1010,6.5250,6.0640
1175230.0970,0,3.1530,6.5510,6.0110
1175280.0740,2,3.0950,6.5580,6.0400
1175330.0510,0,3.1350,6.5470,6.0450
1175380.0280,1,3.1430,6.5610,6.0220
1175430.0050,0,3.1390,6.5520,6.0170
1175479.9820,2,3.0900,6.5060,6.0580
1175529.9610,0,3.1240,6.5370,6.0410
1175579.9380,1,3.0980,6.5470,6.0050
1175629.9140,0,3.1030,6.5320,5.9970
1175679.8930,2,3.1290,6.5310,6.0170
1175729.8710,0,3.1270,6.5710,5.9770
1175779.8540,1,3.1130,6.5660,6.0070
1175829.8300,0,3.1630,6.5190,6.0170
1175879.8120,2,3.1110,6.5260,6.0410
1175929.7870,0,3.1010,6.5950,6.0230
1175979.7650,1,3.0990,6.5890,5.9730
1176029.7470,0,3.1460,6.5540,6.0360
1176079.7260,2,3.0810,6.5080,6.0350
1176129.7030,0,3.1290,6.5280,6.0320
1176179.6840,1,3.1310,6.5480,6.0360
1176229.6570,0,3.1010,6.5350,6.0610
1176279.6340,2,3.1250,6.5270,6.0020
1176329.6140,0,3.1440,6.5520,6.0070
1176379.5950,1,3.1400,6.5530,6.0280
1176429.5750,0,3.1030,6.6060,6.0530
1176479.5510,2,3.1380,6.5550,6.0420
1176529.5300,0,3.1610,6.6030,5.9870
1176579.5090,1,3.1140,6.5930,6.0450
1176629.4890,0,3.1150,6.5570,6.0480
1176679.4660,2,3.1130,6.5670,5.9970
1176729.4460,0,3.1420,6.5480,6.0700
1176779.4250,1,3.1510,6.5970,6.0530
1176829.3970,0,3.0980,6.5910,6.0550
1176879.3800,2,3.0950,6.6060,6.0460
1176929.3550,0,3.0920,6.6200,6.0570
1176979.3360,1,3.1080,6.6500,6.0540
1177029.3170,0,3.1010,6.6050,6.0230
1177079.2920,2,3.1320,6.5970,6.0170
1177129.2740,0,3.1100,6.5630,6.0380
1177179.2520,1,3.1460,6.6110,6.0270
1177229.2280,0,3.1130,6.5440,5.9800
1177279.2040,2,3.1130,6.5870,6.0200
1177329.1830,0,3.1150,6.5850,5.9960
1177379.1630,1,3.1210,6.5880,6.0110
1177429.1450,0,3.1340,6.6440,6.0320
1177479.1210,2,3.1080,6.6100,6.0100
1177529.0970,0,3.1100,6.6130,6.0670
1177579.0760,1,3.1420,6.5810,6.0370
1177629.0580,0,3.1020,6.5940,6.0340
1177679.0370,2,3.1360,6.6160,6.0400
1177729.0130,0,3.1210,6.6120,6.0080
1177778.9910,1,3.1190,6.6080,6.0640
1177828.9720,0,3.1080,6.5680,6.0240
1177878.9500,2,3.1200,6.5990,6.0240
1177928.9270,0,3.1090,6.6000,6.0270
1177978.9020,1,3.1160,6.5660,6.0180
1178028.8860,0,3.0870,6.5320,6.0220
1178078.8640,2,3.1120,6.5620,6.0170
1178128.8390,0,3.1530,6.5770,6.0660
1178178.8170,1,3.1460,6.5520,6.0650
1178228.7990,0,3.1650,6.5650,6.0200
1178278.7780,2,3.0780,6.5950,6.0500
1178328.7570,0,3.1460,6.5860,6.0450
1178378.7320,1,3.1640,6.5860,5.9660
1178428.7080,0,3.1080,6.5670,6.0350
1178478.6860,2,3.1540,6.5810,6.0630
1178528.6650,0,3.1020,6.6140,6.0100
1178578.6430,1,3.1050,6.6390,6.0270
1178628.6230,0,3.0950,6.6200,5.9880
1178678.6030,2,3.1170,6.6220,6.0390
1178728.5840,0,3.1020,6.6000,6.0090
1178778.5580,0,3.0920,6.6190,6.0370
1178828.5390,0,3.0890,6.5960,6.0230
1178878.5150,0,3.1220,6.6590,6.0100
1178928.4930,0,3.1090,6.6390,6.0610
1178978.4770,0,3.1160,6.6210,5.9790
1179028.4540,0,3.1160,6.6030,6.0240
1179078.4310,0,3.1010,6.6710,6.0480
1179128.4090,0,3.1230,6.6580,6.0690
1179178.3880,0,3.1060,6.6240,6.0250
1179228.3650,0,3.0850,6.6370,6.0570
1179278.3480,0,3.1180,6.5950,6.0400
1179328.3210,0,3.1250,6.5800,6.0380
1179378.3010,0,3.1220,6.6810,6.0230
1179428.2780,0,3.0980,6.6560,6.0040
1179478.2600,0,3.1430,6.6300,5.9830
1179528.2380,0,3.1170,6.6440,6.0070
1179578.2160,0,3.1290,6.6220,6.0250
1179628.1930,0,3.0960,6.6300,6.0510
1179678.1760,0,3.0950,6.6210,6.0210
1179728.1490,0,3.1200,6.6180,6.0750
1179778.1270,0,3.0970,6.6320,6.0890
1179828.1090,0,3.1480,6.6250,6.0210
1179878.0900,0,3.0870,6.6430,6.0580
1179928.0660,0,3.1310,6.5780,6.0320
1179978.0450,0,3.0870,6.6240,6.0340
1180028.0210,0,3.1150,6.6070,6.0430
1180078.0000,0,3.1430,6.5720,6.0260
1180127.9820,0,3.1030,6.6590,6.0300
1180177.9560,0,3.1090,6.5920,6.0770
1180227.9360,0,3.1180,6.6580,6.0210
1180277.9180,0,3.1350,6.6410,5.9910
1180327.8890,0,3.1460,6.6440,6.0600
1180377.8720,0,3.1350,6.6050,6.0060
1180427.8520,0,3.1420,6.6090,6.0610
1180477.8260,0,3.1160,6.6000,6.0560
1180527.8080,0,3.1080,6.6300,6.0450
1180577.7820,0,3.1280,6.6420,6.0570
1180627.7640,0,3.0830,6.5990,6.0150
1180677.7430,0,3.1370,6.5910,6.0360
1180727.7180,0,3.1220,6.5660,6.0250
1180777.6970,0,3.0750,6.5450,6.0210
1180827.6800,0,3.0910,6.5370,6.0460
1180877.6590,0,3.1090,6.5220,6.0480
1180927.6310,0,3.0940,6.5390,6.0490
1180977.6140,0,3.1200,6.5940,6.0190
1181027.5950,0,3.1420,6.5480,6.0150
1181077.5680,0,3.0920,6.5690,6.0300
1181127.5470,0,3.1430,6.6040,6.0360
1181177.5240,0,3.0940,6.6020,6.0300
1181227.5070,0,3.1110,6.6120,6.0050
1181277.4860,0,3.1330,6.5680,6.0420
1181327.4640,0,3.1030,6.5990,5.9910
1181377.4410,0,3.1460,6.5670,6.0580
1181427.4210,0,3.1360,6.5490,6.0300
1181477.4000,0,3.0710,6.6040,6.0370
1181527.3730,0,3.0880,6.6320,6.0310
1181577.3550,0,3.0980,6.6440,6.0200
1181627.3350,0,3.0990,6.5940,6.0220
1181677.3110,0,3.1100,6.5990,6.0630
1181727.2890,0,3.0790,6.6260,6.0710
1181777.2650,0,3.0840,6.6000,6.0330
1181827.2450,0,3.1200,6.5580,6.0390
1181877.2230,0,3.0980,6.6130,6.0350
1181927.2030,0,3.1240,6.6270,6.0020
1181977.1840,0,3.0990,6.5970,6.0230
1182027.1600,0,3.1190,6.6420,5.9980
1182077.1390,0,3.1200,6.6260,6.0220
1182127.1150,0,3.0860,6.6160,6.0290
1182177.0940,0,3.1350,6.6330,6.0560
1182227.0760,0,3.1160,6.6290,6.0350
1182277.0510,0,3.0980,6.6380,6.0330
1182327.0280,0,3.1460,6.6030,6.0160
1182377.0100,0,3.1480,6.6810,6.0500
1182426.9900,0,3.0550,6.6990,6.0500
1182476.9640,0,3.1230,6.7580,6.0260
1182526.9430,0,3.0920,6.7410,6.0080
1182576.9200,0,3.1240,6.7420,6.0570
1182626.9040,0,3.1100,6.7550,6.0240
1182676.8820,0,3.0830,6.7460,6.0190
1182726.8600,0,3.1180,6.7480,5.9740
1182776.8340,0,3.1000,6.7830,6.0080
1182826.8160,0,3.1610,6.7290,6.0100
1182876.7950,0,3.1140,6.7680,6.0280
1182926.7730,0,3.0740,6.7520,6.0580
1182976.7520,0,3.0810,6.8180,6.0360
1183026.7310,0,3.1430,6.7670,6.0470
1183076.7060,0,3.1240,6.8360,6.0270
1183126.6850,0,3.0960,6.7770,6.0560
1183176.6660,0,3.1080,6.7840,6.0010
1183226.6460,0,3.1120,6.8010,6.0210
1183276.6240,0,3.1280,6.7740,6.0500
1183326.5970,0,3.1280,6.7290,6.0440
1183376.5820,0,3.0820,6.8500,6.0230
1183426.5610,0,3.1480,6.8040,6.0080
1183476.5380,0,3.0720,6.8220,6.0010
1183526.5140,0,3.0930,6.7890,6.0160
1183576.4940,0,3.0850,6.7770,6.0270
1183626.4690,0,3.0960,6.8120,6.0420
1183676.4480,0,3.1010,6.8310,5.9820
1183726.4320,0,3.1010,6.7960,6.0480
1183776.4080,0,3.0840,6.7270,6.0280
1183826.3860,0,3.0890,6.6910,6.0770
1183876.3600,0,3.1010,6.7120,6.0170
1183926.3390,0,3.1000,6.7580,5.9730
1183976.3240,0,3.1130,6.7320,6.0510
1184026.3030,0,3.1470,6.7150,6.0220
1184076.2810,0,3.1030,6.7820,6.0330
1184126.2590,0,3.0960,6.7170,6.0190
1184176.2340,0,3.0870,6.7440,6.0460
1184226.2140,0,3.1020,6.7560,6.0400
1184276.1890,0,3.1090,6.7730,6.0240
1184326.1700,0,3.1030,6.7870,6.0500
1184376.1470,0,3.1120,6.7360,6.0330
1184426.1280,0,3.1120,6.7510,6.0600
1184476.1090,0,3.1150,6.7570,6.0290
1184526.0810,0,3.0550,6.7410,6.0020
1184576.0610,0,3.1200,6.7040,6.0370
1184626.0410,0,3.1150,6.6910,6.0120
1184676.0200,0,3.1220,6.6980,6.0310
1184725.9960,0,3.1160,6.6820,6.0260
1184775.9780,0,3.1250,6.6470,6.0460
1184825.9560,0,3.0920,6.6920,6.0250
1184875.9330,0,3.0940,6.7140,6.0520
1184925.9120,0,3.0730,6.7020,6.0210
1184975.8900,0,3.1120,6.6900,6.0590
1185025.8710,0,3.0820,6.6740,6.0550
1185075.8460,0,3.0760,6.6920,6.0230
1185125.8280,0,3.0610,6.6900,6.0660
1185175.8030,0,3.1470,6.7110,6.0410
1185225.7850,0,3.0970,6.6430,6.0530
1185275.7600,0,3.1280,6.6820,6.0530
1185325.7370,0,3.1030,6.7520,6.0280
1185375.7190,0,3.0800,6.6960,6.0110
1185425.6990,0,3.1000,6.6700,5.9960
1185475.6760,0,3.1230,6.6650,6.0010
1185525.6520,0,3.1380,6.6790,6.0440
1185575.6300,0,3.1120,6.6590,6.0290
1185625.6100,0,3.0910,6.6840,6.0010
1185675.5880,0,3.1260,6.6640,6.0320
1185725.5680,0,3.1490,6.6900,6.0580
1185775.5470,0,3.0900,6.6660,6.0600
1185825.5230,0,3.0810,6.6560,5.9970
1185875.5040,0,3.1120,6.6950,6.0290
1185925.4830,0,3.1090,6.7260,6.0510
1185975.4590,0,3.0910,6.7750,6.0390
1186025.4350,0,3.1130,6.7410,6.0640
1186075.4140,0,3.0940,6.7480,5.9940
1186125.3960,0,3.1430,6.7610,5.9870
1186175.3740,0,3.1550,6.7360,6.0480
1186225.3480,0,3.1310,6.7800,6.0690
1186275.3330,0,3.0660,6.7800,6.0440
1186325.3060,0,3.1130,6.7510,5.9770
1186375.2860,0,3.1040,6.7850,6.0240
1186425.2630,0,3.0760,6.7370,6.0540
1186475.2420,0,3.1270,6.7500,6.0280
1186525.2260,0,3.0810,6.7660,6.0490
1186575.2040,0,3.1060,6.7490,6.0170
1186625.1820,0,3.1290,6.7910,6.0370
1186675.1570,0,3.1040,6.7290,6.0090
1186725.1400,0,3.0930,6.7210,6.0500
1186775.1180,0,3.1020,6.7290,6.0310
1186825.0910,0,3.0620,6.7170,6.0540
1186875.0690,0,3.0990,6.6950,6.0490
1186925.0470,0,3.1250,6.7240,6.0700
1186975.0310,0,3.1220,6.6910,6.0500
1187025.0050,0,3.0810,6.6920,6.0470
1187074.9880,0,3.0800,6.6860,6.0230
1187124.9680,0,3.0980,6.7360,6.0270
1187174.9420,0,3.1110,6.6900,6.0440
1187224.9200,0,3.1070,6.7090,6.0380
1187274.8990,0,3.1290,6.7190,5.9930
1187324.8780,0,3.1260,6.6270,6.0250
1187374.8590,0,3.1130,6.6410,6.0250
1187424.8360,0,3.0550,6.6200,6.0120
1187474.8130,0,3.0950,6.6630,5.9980
1187524.7930,0,3.0990,6.7150,5.9980
1187574.7700,0,3.0820,6.7370,6.0500
1187624.7450,0,3.1050,6.7500,6.0440
1187674.7250,0,3.1030,6.7100,6.0750
1187724.7010,0,3.0820,6.6670,6.0210
1187774.6770,0,3.1150,6.7230,6.0100
1187824.6560,0,3.0990,6.6630,6.0420
1187874.6320,0,3.0580,6.6590,6.0120
1187924.6110,0,3.0900,6.6180,6.0410
1187974.5890,0,3.0820,6.7010,6.0740
1188024.5670,0,3.1050,6.6670,6.0450
1188074.5420,0,3.1220,6.7010,6.0260
1188124.5210,0,3.1360,6.6770,6.0210
1188174.5010,0,3.0780,6.7310,6.0390
1188224.4770,0,3.0910,6.6770,6.0310
1188274.4550,0,3.1330,6.7260,6.0390
1188324.4360,0,3.1480,6.6920,6.0330
1188374.4100,0,3.1170,6.7040,5.9930
1188424.3880,0,3.0920,6.6300,6.0230
1188474.3660,0,3.1080,6.6690,6.0330
1188524.3420,0,3.1270,6.6400,6.0670
1188574.3230,0,3.1010,6.6600,6.0530
1188624.3010,0,3.0830,6.6770,6.0290
1188674.2780,0,3.1190,6.6250,6.0370
1188724.2600,0,3.0880,6.6620,6.0410
1188774.2340,0,3.0820,6.6290,6.0540
1188824.2150,0,3.0880,6.6540,5.9960
1188874.1910,0,3.1150,6.6430,6.0070
1188924.1660,0,3.1330,6.6200,6.0220
1188974.1460,0,3.0730,6.6800,6.0250
1189024.1260,0,3.0940,6.6370,6.0380
1189074.1000,0,3.1290,6.6110,5.9980
1189124.0780,0,3.0950,6.6440,6.0240
1189174.0600,0,3.0880,6.6320,6.0440
1189224.0370,0,3.1320,6.6750,6.0160
1189274.0130,0,3.0860,6.6470,6.0110
1189323.9930,0,3.1230,6.7240,5.9830
1189373.9650,0,3.0970,6.6620,6.0610
1189423.9430,0,3.0850,6.7030,6.0120
1189473.9230,0,3.1170,6.6200,6.0360
1189523.9040,0,3.1330,6.6200,6.0250
1189573.8820,0,3.1360,6.6150,6.0230
1189623.8590,0,3.1350,6.6740,6.0550
1189673.8320,0,3.0970,6.7010,6.0490
1189723.8120,0,3.0950,6.6960,5.9940
1189773.7870,0,3.1140,6.6590,6.0460
1189823.7670,0,3.1370,6.6380,6.0100
1189873.7490,0,3.0980,6.6950,6.0430
1189923.7250,0,3.0860,6.6950,6.0440
1189973.7030,0,3.1330,6.7380,6.0150
1190023.6780,0,3.1080,6.7960,6.0600
1190073.6550,0,3.0720,6.7320,6.0530
1190123.6360,0,3.1640,6.7610,6.0490
1190173.6120,0,3.1230,6.7420,6.0300
1190223.5880,0,3.0870,6.6920,6.0690
1190273.5680,0,3.0800,6.6910,6.0470
1190323.5440,0,3.0960,6.6890,6.0710
1190373.5240,0,3.0600,6.6710,6.0490
1190423.5040,0,3.1380,6.6720,6.0350
1190473.4820,0,3.1130,6.6880,6.0440
1190523.4590,0,3.1210,6.6950,6.0710
1190573.4350,0,3.0820,6.7080,5.9830
1190623.4120,0,3.1020,6.6900,6.0550
1190673.3880,0,3.1030,6.6500,6.0310
1190723.3640,0,3.1420,6.6910,6.0150
1190773.3440,0,3.0970,6.6660,6.0250
1190823.3230,0,3.1540,6.6680,6.0040
1190873.3020,0,3.0890,6.6250,6.0390
1190923.2770,0,3.1060,6.6520,6.0340
1190973.2540,0,3.0950,6.6380,6.0610
1191023.2330,0,3.0950,6.5430,5.9960
1191073.2150,0,3.0730,6.5960,6.0550
1191123.1920,0,3.1370,6.5840,5.9730
1191173.1660,0,3.1220,6.5900,6.0520
1191223.1460,0,3.1000,6.6230,6.0300
1191273.1200,0,3.0900,6.5790,6.0280
1191323.1000,0,3.0980,6.5660,6.0490
1191373.0750,0,3.0720,6.5450,6.0160
1191423.0570,0,3.1380,6.5690,6.0410
1191473.0340,0,3.0890,6.6420,6.0390
1191523.0120,0,3.1350,6.5890,6.0390
1191572.9920,0,3.1350,6.5790,6.0290
1191622.9650,0,3.1350,6.5890,6.0370
1191672.9440,0,3.1150,6.5870,6.0040
1191722.9200,0,3.1120,6.5980,6.0220
1191772.9010,0,3.1000,6.6070,6.0440
1191822.8790,0,3.1260,6.5920,6.0360
1191872.8580,0,3.1260,6.5510,6.0490
1191922.8360,0,3.1250,6.5590,6.0860
1191972.8120,0,3.0910,6.5920,6.0060
1192022.7890,0,3.1080,6.6280,6.0170
1192072.7680,0,3.1070,6.6380,5.9990
1192122.7450,0,3.1280,6.6570,6.0270
1192172.7250,0,3.1060,6.6870,6.0350
1192222.7020,0,3.0950,6.6550,6.0490
1192272.6800,0,3.1410,6.6540,6.0160
1192322.6540,0,3.1110,6.6320,6.0240
1192372.6360,0,3.1250,6.6430,6.0100
1192422.6120,0,3.1180,6.6530,6.0350
1192472.5890,0,3.1360,6.6290,6.0170
1192522.5690,0,3.1130,6.5920,6.0200
1192572.5420,0,3.1530,6.6360,5.9480
1192622.5210,0,3.1220,6.5920,6.0520
1192672.5010,0,3.1060,6.5900,6.0420
1192722.4800,0,3.1150,6.6100,6.0560
1192772.4530,0,3.1170,6.5780,6.0440
1192822.4350,0,3.0930,6.5760,6.0330
1192872.4120,0,3.1190,6.5830,6.0280
1192922.3910,0,3.0800,6.5180,6.0100
1192972.3660,0,3.0940,6.5070,6.0210
1193022.3420,0,3.1250,6.5110,6.0370
1193072.3230,0,3.1260,6.5030,6.0570
1193122.2970,0,3.0770,6.5350,6.0350
1193172.2780,0,3.1470,6.5130,6.0470
1193222.2580,0,3.1120,6.5420,6.0380
1193272.2340,0,3.1060,6.5080,6.0160
1193322.2090,0,3.0980,6.5450,6.0170
1193372.1890,0,3.0910,6.5820,5.9900
1193422.1640,0,3.1570,6.5520,5.9850
1193472.1440,0,3.0870,6.5440,5.9780
1193522.1210,0,3.0970,6.5640,6.0310
1193572.1020,0,3.0850,6.5740,6.0380
1193622.0760,0,3.1140,6.5780,5.9820
1193672.0570,0,3.1340,6.5130,6.0120
1193722.0320,0,3.0610,6.5950,6.0330
1193772.0080,0,3.1420,6.5710,6.0780
1193821.9850,0,3.1100,6.5230,6.0290
1193871.9630,0,3.1090,6.5660,6.0310
1193921.9470,0,3.1240,6.5410,6.0360
1193971.9220,0,3.1230,6.4650,6.0270
1194021.9020,0,3.0700,6.5800,6.0520
1194071.8760,0,3.1170,6.5990,6.0420
1194121.8520,0,3.1170,6.5960,6.0140
1194171.8350,0,3.1070,6.6370,6.0590
1194221.8130,0,3.1320,6.7060,5.9940
1194271.7860,0,3.0940,6.7510,6.0380
1194321.7670,0,3.1120,6.7200,6.0150
1194371.7400,0,3.1290,6.6870,6.0240
1194421.7210,0,3.0910,6.6700,6.0590
1194471.6980,0,3.1370,6.6820,6.0350
1194521.6760,0,3.0920,6.6550,6.0300
1194571.6510,0,3.0840,6.6800,6.0280
1194621.6290,0,3.1130,6.6030,6.0540
1194671.6110,0,3.1370,6.5830,6.0570
1194721.5860,0,3.1020,6.5850,6.0100
1194771.5680,0,3.0980,6.5960,6.0620
1194821.5440,0,3.1290,6.6030,6.0160
1194871.5240,0,3.0710,6.5710,6.0010
1194921.5000,0,3.1110,6.6000,6.0340
1194971.4780,0,3.1140,6.6130,6.0500
1195021.4530,0,3.1190,6.6150,6.0410
1195071.4310,0,3.1150,6.5800,6.0140
1195121.4120,0,3.1070,6.5790,6.0050
1195171.3880,0,3.0900,6.5980,6.0460
1195221.3650,0,3.1030,6.6050,6.0350
1195271.3420,0,3.1230,6.6900,6.0090
1195321.3220,0,3.1280,6.6510,5.9760
1195371.3000,0,3.1270,6.7130,6.0330
1195421.2770,0,3.0980,6.6360,6.0740
1195471.2530,0,3.1230,6.6620,6.0040
1195521.2340,0,3.1380,6.6110,6.0330
1195571.2110,0,3.1170,6.6720,6.0290
1195621.1910,0,3.0840,6.6090,6.0160
1195671.1680,0,3.0990,6.5850,6.0200
1195721.1430,0,3.1450,6.5860,6.0090
1195771.1230,0,3.0890,6.5580,6.0380
1195821.0960,0,3.1060,6.5860,6.0550
1195871.0770,0,3.1090,6.5920,6.0230
1195921.0560,0,3.0850,6.5730,6.0360
1195971.0340,0,3.1000,6.5500,6.0160
1196021.0120,0,3.1210,6.5640,5.9950
1196070.9910,0,3.1320,6.5830,6.0250
1196120.9640,0,3.1260,6.6140,6.0320
1196170.9400,0,3.0970,6.5820,5.9910
1196220.9180,0,3.0990,6.5780,6.0360
1196270.8970,0,3.1400,6.5510,6.0190
1196320.8760,0,3.1150,6.5360,6.0930
1196370.8540,0,3.1030,6.5800,6.0390
1196420.8330,0,3.0820,6.5970,6.0240
1196470.8070,0,3.0920,6.5350,5.9980
1196520.7880,0,3.1060,6.4990,6.0170
1196570.7670,0,3.1650,6.5080,6.0130
1196620.7410,0,3.1300,6.5130,6.0210
1196670.7220,0,3.1020,6.4890,6.0410
1196720.6970,0,3.1300,6.5500,6.0250
1196770.6790,0,3.0800,6.6120,5.9970
1196820.6540,0,3.1070,6.5170,6.0470
1196870.6300,0,3.1240,6.4980,6.0360
1196920.6090,0,3.1310,6.5150,6.0030
1196970.5890,0,3.1180,6.4920,5.9770
1197020.5670,0,3.1450,6.4720,6.0270
1197070.5460,0,3.0950,6.5110,6.0390
1197120.5200,0,3.1890,6.5340,6.0400
1197170.5020,0,3.0820,6.5200,6.0720
1197220.4730,0,3.1150,6.6610,6.0480
1197270.4510,0,3.0900,6.6500,6.0030
1197320.4280,0,3.1020,6.6190,6.0240
1197370.4080,0,3.1110,6.6490,6.0230
1197420.3840,0,3.0690,6.6210,6.0020
1197470.3630,0,3.0930,6.5710,6.0010
1197520.3400,0,3.1070,6.5530,6.0360
1197570.3190,0,3.1150,6.5700,6.0410
1197620.2960,0,3.1080,6.5900,6.0730
1197670.2760,0,3.0900,6.5120,5.9910
1197720.2520,0,3.1030,6.4900,6.0080
1197770.2300,0,3.1240,6.5490,6.0300
1197820.2120,0,3.1150,6.5310,6.0560
1197870.1890,0,3.1200,6.5320,6.0200
1197920.1640,0,3.1120,6.4970,6.0170
1197970.1400,0,3.1250,6.5030,5.9940
1198020.1190,0,3.1350,6.4950,6.0270
1198070.1000,0,3.0850,6.5450,6.0240
1198120.0760,0,3.0720,6.5530,5.9850
1198170.0550,0,3.0970,6.5130,6.0080
1198220.0340,0,3.1030,6.5140,6.0710
1198270.0080,0,3.0990,6.4430,6.0390
1198319.9860,0,3.1470,6.5030,6.0260
1198369.9650,0,3.0880,6.5170,5.9960
1198419.9410,0,3.1110,6.4690,5.9940
1198469.9180,0,3.1130,6.4870,5.9820
1198519.8950,0,3.0880,6.5050,6.0360
1198569.8760,0,3.0900,6.5270,6.0160
1198619.8510,0,3.0610,6.5470,6.0330
1198669.8330,0,3.1080,6.4770,6.0320
1198719.8080,0,3.1000,6.5090,6.0460
1198769.7890,0,3.1120,6.4480,5.9950
1198819.7630,0,3.1190,6.5150,6.0600
1198869.7420,0,3.1370,6.5570,6.0480
1198919.7190,0,3.1650,6.4980,6.0340
1198969.6950,0,3.1190,6.5470,6.0270
1199019.6720,0,3.1340,6.6000,6.0340
1199069.6520,0,3.1000,6.5800,6.0200
1199119.6270,0,3.1370,6.5830,6.0490
1199169.6070,0,3.1030,6.6010,6.0300
1199219.5880,0,3.1000,6.6340,6.0100
1199269.5660,0,3.1530,6.6450,5.9980
1199319.5420,0,3.1030,6.6640,5.9570
1199369.5210,0,3.1090,6.5620,6.0330
1199419.5000,0,3.1230,6.5580,6.0110
1199469.4730,0,3.1350,6.5570,6.0250
1199519.4550,0,3.1260,6.6310,6.0430
1199569.4330,0,3.0790,6.5520,6.0290
1199619.4130,0,3.1170,6.5200,6.0680
1199669.3860,0,3.1180,6.6060,6.0920
1199719.3650,0,3.1350,6.6290,6.0550
1199769.3470,0,3.1540,6.5690,6.0070
1199819.3240,0,3.1070,6.5760,5.9940
1199869.3030,0,3.0640,6.6250,6.0030
1199919.2810,0,3.1070,6.6730,6.0410
1199969.2600,0,3.1270,6.6430,6.0140
1200019.2360,0,3.1300,6.6230,6.0030
1200069.2130,0,3.1020,6.6970,6.0660
1200119.1930,0,3.1290,6.6940,6.0070
1200169.1730,0,3.0600,6.7100,6.0300
1200219.1530,0,3.1270,6.7150,6.0270
1200269.1290,0,3.1090,6.6990,6.0260
1200319.1080,0,3.0850,6.6990,6.0150
1200369.0870,0,3.0840,6.6680,6.0710
1200419.0630,0,3.1230,6.6820,6.0570
1200469.0430,0,3.0790,6.7360,6.0180
1200519.0190,0,3.1250,6.6280,6.0500
1200568.9990,0,3.1240,6.6270,5.9840
1200618.9790,0,3.1110,6.6550,6.0110
1200668.9560,0,3.1370,6.6280,6.0080
1200718.9330,0,3.1640,6.6470,6.0360
1200768.9130,0,3.1350,6.6460,5.9800
1200818.8870,0,3.0820,6.6320,6.0140
1200868.8700,0,3.1240,6.6510,6.0000
1200918.8460,0,3.1150,6.6130,5.9820
1200968.8220,0,3.0830,6.6500,6.0060
1201018.8020,0,3.1260,6.6530,6.0720
1201068.7820,0,3.1390,6.6030,6.0150
1201118.7560,0,3.0720,6.6240,6.0470
1201168.7400,0,3.1350,6.5840,6.0180
1201218.7160,0,3.1030,6.6200,6.0120
1201268.6970,0,3.1190,6.5880,6.0190
1201318.6730,0,3.1260,6.5850,6.0340
1201368.6530,0,3.1390,6.6000,5.9910
1201418.6270,0,3.0940,6.5890,6.0250
1201468.6100,0,3.1380,6.5720,6.0750
1201518.5830,0,3.0840,6.5620,6.0620
1201568.5640,0,3.1370,6.5370,6.0260
1201618.5450,0,3.1380,6.5580,6.0290
1201668.5180,0,3.0740,6.5510,6.0280
1201718.4980,0,3.1600,6.6280,6.0530
1201768.4790,0,3.0840,6.6090,6.0050
1201818.4590,0,3.0720,6.5750,6.0350
1201868.4370,0,3.0810,6.6670,6.0460
1201918.4110,0,3.0710,6.6040,6.0950
1201968.3880,0,3.1200,6.5890,6.0470
1202018.3700,0,3.1510,6.5910,6.0370
1202068.3450,0,3.1170,6.5820,6.0360
1202118.3290,0,3.1100,6.5730,6.0330
1202168.3040,0,3.1590,6.5610,6.0300
1202218.2800,0,3.1210,6.5510,6.0150
1202268.2610,0,3.1030,6.5570,6.0250
1202318.2400,0,3.1270,6.5360,6.0210
1202368.2180,0,3.1090,6.5200,6.0120
1202418.1970,0,3.0840,6.5280,6.0140
1202468.1720,0,3.1060,6.5370,6.0250
1202518.1530,0,3.1350,6.5270,6.0420
1202568.1340,0,3.1060,6.5580,6.0100
1202618.1100,0,3.1170,6.5330,5.9800
1202668.0870,0,3.0770,6.5420,6.0220
1202718.0620,0,3.1080,6.5850,6.0680
1202768.0450,0,3.1530,6.5560,6.0080
1202818.0240,0,3.1420,6.5520,6.0570
1202868.0020,0,3.1150,6.5960,5.9720
1202917.9780,0,3.0890,6.6090,6.0610
1202967.9550,0,3.1280,6.5710,6.0170
1203017.9380,0,3.1130,6.5530,6.0560
1203067.9120,0,3.0930,6.5520,6.0290
1203117.8900,0,3.1180,6.5710,6.0060
1203167.8690,0,3.1280,6.5120,6.0690
1203217.8520,0,3.2060,6.5600,5.9920
1203267.8290,0,3.0960,6.5390,6.0300
1203317.8070,0,3.1040,6.5300,6.0170
1203367.7830,0,3.1190,6.5250,5.9990
1203417.7640,0,3.1200,6.5430,6.0170
1203467.7410,0,3.0860,6.5710,6.0330
1203517.7200,0,3.1230,6.6190,5.9830
1203567.7000,0,3.1260,6.5380,6.0110
1203617.6750,0,3.0940,6.5250,6.0060
1203667.6510,0,3.1320,6.4880,6.0540
1203717.6350,0,3.1420,6.5160,6.0420
1203767.6090,0,3.1130,6.5370,6.0270
1203817.5910,0,3.1120,6.5530,6.0340
1203867.5670,0,3.1430,6.5200,6.0080
1203917.5450,0,3.1200,6.5640,6.0180
1203967.5270,0,3.1730,6.5330,6.0250
1204017.4990,0,3.0750,6.5710,6.0280
1204067.4780,0,3.1320,6.5310,6.0550
1204117.4570,0,3.1090,6.5400,6.0670
1204167.4350,0,3.1220,6.5320,5.9610
1204217.4120,0,3.1030,6.5700,6.0060
1204267.3950,0,3.0960,6.6010,6.0270
1204317.3680,0,3.1350,6.6260,6.0570
1204367.3490,0,3.1630,6.5860,6.0470
1204417.3290,0,3.1410,6.5940,6.0210
1204467.3030,0,3.1170,6.5610,6.0490
1204517.2830,0,3.1150,6.5890,6.0140
1204567.2630,0,3.1080,6.5740,6.0360
1204617.2430,0,3.1130,6.5530,6.0630
1204667.2210,0,3.1040,6.5620,6.0340
1204717.1970,0,3.1140,6.5320,6.0460
1204767.1770,0,3.1290,6.5460,6.0050
1204817.1540,0,3.0740,6.5040,6.0190
1204867.1300,0,3.1180,6.5530,6.0290
1204917.1130,0,3.1370,6.5520,6.0310
1204967.0880,0,3.0760,6.5610,6.0580
1205017.0700,0,3.1130,6.5790,5.9970
1205067.0450,0,3.1020,6.5630,6.0390
1205117.0230,0,3.1130,6.5320,6.0320
1205167.0000,0,3.1240,6.5350,6.0100
1205216.9820,0,3.1120,6.5240,6.0150
1205266.9600,0,3.0970,6.5580,6.0210
1205316.9380,0,3.1390,6.5430,6.0310
1205366.9170,0,3.1290,6.5510,6.0020
1205416.8930,0,3.0700,6.5520,6.0280
1205466.8700,0,3.1310,6.5310,6.0090
1205516.8480,0,3.0940,6.5930,6.0260
1205566.8290,0,3.1100,6.5980,6.0070
1205616.8060,0,3.0870,6.6240,6.0340
1205666.7830,0,3.1320,6.6330,6.0090
1205716.7650,0,3.0970,6.6220,5.9920
1205766.7420,0,3.1050,6.5950,5.9950
1205816.7240,0,3.1150,6.5380,6.0250
1205866.6980,0,3.1300,6.6780,6.0570
1205916.6790,0,3.1040,6.6730,6.0330
1205966.6550,0,3.1330,6.7500,6.0610
1206016.6340,0,3.1020,6.7920,6.0240
1206066.6120,0,3.1060,6.7960,6.0370
1206116.5920,0,3.0560,6.8190,6.0330
1206166.5720,0,3.0650,6.7880,6.0480
1206216.5490,0,3.1100,6.7840,6.0310
1206266.5250,0,3.1040,6.8210,6.0460
1206316.5010,0,3.1150,6.7510,5.9710
1206366.4820,0,3.1190,6.7350,5.9990
1206416.4630,0,3.1300,6.6780,6.0160
1206466.4420,0,3.0830,6.7170,6.0360
1206516.4180,0,3.1180,6.6900,6.0260
1206566.3960,0,3.1240,6.7110,6.0660
1206616.3750,0,3.1090,6.7130,6.0160
1206666.3550,0,3.1630,6.6590,6.0330
1206716.3320,0,3.0730,6.6740,6.0210
1206766.3100,0,3.0970,6.6270,6.0170
1206816.2880,0,3.1340,6.6600,5.9930
1206866.2640,0,3.1170,6.6030,6.0430
1206916.2470,0,3.1280,6.6550,6.0490
1206966.2230,0,3.0860,6.5990,5.9830
1207016.1980,0,3.1330,6.6200,6.0250
1207066.1780,0,3.0750,6.6270,5.9780
1207116.1540,0,3.1070,6.6540,5.9990
1207166.1360,0,3.1110,6.5920,6.0640
1207216.1100,0,3.0840,6.5900,6.0590
1207266.0920,0,3.1490,6.5470,6.0120
1207316.0720,0,3.1120,6.4970,6.0240
1207366.0520,0,3.1250,6.5530,6.0320
1207416.0270,0,3.1090,6.6150,6.0180
1207466.0040,0,3.1160,6.6680,5.9860
1207515.9850,0,3.1270,6.6450,6.0740
1207565.9610,0,3.0960,6.5960,6.0060
1207615.9410,0,3.1400,6.5580,6.0010
1207665.9210,0,3.0870,6.5870,6.0110
1207715.8960,0,3.1390,6.6250,6.0330
1207765.8730,0,3.1660,6.6680,6.0500
1207815.8510,0,3.1380,6.6070,5.9940
1207865.8350,0,3.0510,6.6700,6.0670
1207915.8080,0,3.0930,6.6300,6.0340
1207965.7870,0,3.1280,6.5910,6.0410
1208015.7700,0,3.1360,6.6010,5.9590
1208065.7470,0,3.1310,6.5370,6.0590
1208115.7240,0,3.1190,6.6160,6.0400
1208165.7030,0,3.0830,6.5360,6.0030
1208215.6810,0,3.1360,6.5090,6.0430
1208265.6570,0,3.1360,6.5660,6.0090
1208315.6390,0,3.1020,6.5860,6.0280
1208365.6120,0,3.1450,6.5340,6.0380
1208415.5930,0,3.0760,6.5520,6.0420
1208465.5740,0,3.1140,6.5400,6.0660
1208515.5510,0,3.1770,6.5370,6.0270
1208565.5270,0,3.0990,6.5140,5.9940
1208615.5070,0,3.0990,6.5300,5.9920
1208665.4850,0,3.1150,6.5620,6.0030
1208715.4630,1,3.1150,6.5980,6.0340
1208765.4430,0,3.1350,6.6320,6.0550
1208815.4190,2,3.1160,6.5690,6.0550
1208865.3990,0,3.0660,6.6130,5.9870
1208915.3770,1,3.1390,6.6380,6.0390
1208965.3550,0,3.1000,6.6690,5.9860
1209015.3330,2,3.0910,6.6290,5.9950
1209065.3090,0,3.0750,6.6840,5.9880
1209115.2880,1,3.1380,6.6520,6.0210
1209165.2650,0,3.1220,6.6580,6.0560
1209215.2480,2,3.0990,6.7120,6.0370
1209265.2230,0,3.1280,6.6930,6.0490
1209315.2020,1,3.0560,6.6980,5.9950
1209365.1830,0,3.1260,6.6270,6.0560
1209415.1600,2,3.1230,6.6180,5.9970
1209465.1410,0,3.0840,6.6180,6.0170
1209515.1170,1,3.1310,6.5920,6.0680
1209565.0970,0,3.1130,6.6190,6.0090
1209615.0760,2,3.0900,6.6320,6.0470
1209665.0480,0,3.0760,6.5830,6.0520
1209715.0260,1,3.0880,6.6150,6.0030
1209765.0080,0,3.1150,6.6580,6.0340
1209814.9880,2,3.1150,6.6050,5.9970
1209864.9640,0,3.0990,6.6170,6.0050
1209914.9420,1,3.0650,6.6560,6.0070
1209964.9200,0,3.1100,6.6770,6.0560
1210014.9010,2,3.1440,6.6510,6.0820
1210064.8760,0,3.1320,6.5880,5.9870
1210114.8550,1,3.0900,6.6010,6.0540
1210164.8320,0,3.1110,6.6050,6.0480
1210214.8160,2,3.1310,6.5910,5.9920
1210264.7920,0,3.0930,6.5660,6.0380
1210314.7690,1,3.1260,6.5730,6.0270
1210364.7450,0,3.0740,6.5400,5.9940
1210414.7240,2,3.1510,6.5480,6.0220
1210464.7030,0,3.0790,6.5160,6.0530
1210514.6810,1,3.1260,6.5670,6.0240
1210564.6610,0,3.0840,6.5760,6.0100
1210614.6380,2,3.1260,6.5960,6.0200
1210664.6160,0,3.1260,6.5400,6.0270
1210714.5960,1,3.1360,6.5700,6.0210
1210764.5720,0,3.0710,6.5800,6.0500
1210814.5520,2,3.1230,6.5520,6.0180
1210864.5340,0,3.1280,6.5660,6.0330
1210914.5080,1,3.1510,6.5590,5.9940
1210964.4880,0,3.1340,6.5500,6.0590
1211014.4670,2,3.1070,6.5280,6.0220
1211064.4450,0,3.1210,6.5290,6.0220
1211114.4200,1,3.1230,6.5320,6.0110
1211164.3980,0,3.1150,6.5470,6.0190
1211214.3780,2,3.1100,6.5430,6.0310
1211264.3580,0,3.1150,6.5210,6.0310
1211314.3340,1,3.1160,6.5580,6.0230
1211364.3110,0,3.1300,6.5700,6.0080
1211414.2910,2,3.1180,6.5170,6.0340
1211464.2710,0,3.1200,6.5610,6.0240
1211514.2470,1,3.0630,6.5390,5.9950
1211564.2230,0,3.0970,6.5650,6.0300
1211614.2020,2,3.1300,6.6300,6.0400
1211664.1760,0,3.1500,6.5540,6.0110
1211714.1550,1,3.1090,6.5100,6.0430
1211764.1360,0,3.1160,6.5070,6.0120
1211814.1140,2,3.0750,6.5220,6.0060
1211864.0880,0,3.0990,6.5570,6.0670
1211914.0640,1,3.0990,6.5660,6.0090
1211964.0460,0,3.1610,6.5430,6.0430
1212014.0190,2,3.0920,6.5680,6.0150
1212064.0000,0,3.1270,6.5340,6.0530
1212113.9740,1,3.1040,6.4860,6.0300
1212163.9510,0,3.0940,6.5350,6.0500
1212213.9280,2,3.1020,6.4980,6.0240
1212263.9060,0,3.1000,6.5110,6.0040
1212313.8800,1,3.0900,6.5780,6.0310
1212363.8630,0,3.1000,6.5220,6.0360
1212413.8390,0,3.1080,6.5040,6.0190
1212463.8140,2,3.1330,6.5490,6.0150
1212513.7930,1,3.1100,6.5770,6.0060
1212563.7700,0,3.1110,6.5880,6.0680
1212613.7430,2,3.1040,6.6420,6.0440
1212663.7220,0,3.1290,6.6600,6.0130
1212713.7010,1,3.1340,6.6070,6.0450
1212763.6810,0,3.1120,6.6300,6.0370
1212813.6590,0,3.1220,6.5910,6.0310
1212863.6330,2,3.0830,6.5690,6.0630
1212913.6120,1,3.1160,6.5850,6.0320
1212963.5910,0,3.1170,6.5460,6.0220
1213013.5690,2,3.1250,6.5510,6.0670
1213063.5420,0,3.1240,6.6040,6.0470
1213113.5170,1,3.0860,6.5510,6.0260
1213163.4950,0,3.1400,6.5590,6.0030
1213213.4770,0,3.1600,6.5400,6.0420
1213263.4530,2,3.1350,6.5460,5.9850
1213313.4280,1,3.1240,6.5520,6.0430
1213363.4070,0,3.1280,6.5320,6.0120
1213413.3840,2,3.1080,6.5410,6.0330
1213463.3620,0,3.1370,6.4920,6.0330
1213513.3370,1,3.1540,6.5100,6.0120
1213563.3120,0,3.1480,6.5030,6.0490
1213613.2890,0,3.1340,6.5250,6.0420
1213663.2670,2,3.1380,6.4920,6.0440
1213713.2480,1,3.1000,6.5210,6.0270
1213763.2270,0,3.0970,6.4820,6.0070
1213813.2030,2,3.1170,6.5220,6.0410
1213863.1780,0,3.1310,6.5290,6.0660
1213913.1590,1,3.0830,6.5670,6.0360
1213963.1310,0,3.1020,6.5480,6.0560
1214013.1090,0,3.1350,6.6240,6.0500
1214063.0860,2,3.1050,6.6850,5.9940
1214113.0630,1,3.1040,6.5940,6.0160
1214163.0410,0,3.1100,6.5730,5.9900
1214213.0200,2,3.1040,6.5740,5.9960
1214262.9980,0,3.0770,6.5630,6.0930
1214312.9720,1,3.1310,6.5260,6.0100
1214362.9540,0,3.1250,6.5870,6.0300
1214412.9280,0,3.1540,6.5560,5.9690
1214462.9060,2,3.1460,6.5940,6.0220
1214512.8830,1,3.1270,6.6190,6.0080
1214562.8580,0,3.0960,6.5900,6.0140
1214612.8390,2,3.1260,6.5540,6.0210
1214662.8180,0,3.1170,6.5610,6.0170
1214712.7950,0,3.0860,6.5630,6.0040
1214762.7710,1,3.1280,6.5600,5.9880
1214812.7480,0,3.0750,6.5620,5.9680
1214862.7270,2,3.0980,6.5530,6.0320
1214912.7000,1,3.1290,6.5200,6.0290
1214962.6780,0,3.1450,6.5810,6.0180
1215012.6590,2,3.1290,6.6770,6.0680
1215062.6360,0,3.1360,6.6320,6.0490
1215112.6090,0,3.1150,6.6410,6.0050
1215162.5880,1,3.1380,6.6630,6.0150
1215212.5650,0,3.1240,6.6090,6.0220
1215262.5440,2,3.0940,6.6260,6.0470
1215312.5230,1,3.1120,6.5660,6.0060
1215362.4950,0,3.1280,6.6050,6.0090
1215412.4780,2,3.1000,6.5870,6.0080
1215462.4550,0,3.1370,6.6140,5.9840
1215512.4300,0,3.1300,6.5760,6.0340
1215562.4100,1,3.1250,6.6260,6.0240
1215612.3810,0,3.1140,6.5530,6.0880
1215662.3590,2,3.0960,6.6090,6.0240
1215712.3410,1,3.1240,6.5670,6.0420
1215762.3130,0,3.0960,6.5920,6.0340
1215812.2930,0,3.1650,6.5890,6.0750
1215862.2730,2,3.1080,6.5920,6.0520
1215912.2500,0,3.1490,6.6370,6.0320
1215962.2210,1,3.1150,6.7220,6.0470
1216012.2030,0,3.1250,6.8040,5.9970
1216062.1770,2,3.1370,6.7660,6.0420
1216112.1560,1,3.1090,6.8300,5.9880
1216162.1370,0,3.1140,6.7950,5.9830
1216212.1080,0,3.1180,6.8120,6.0360
1216262.0870,2,3.1020,6.8470,6.0370
1216312.0690,0,3.0780,6.8550,6.0590
1216362.0420,1,3.1030,6.7920,6.0480
1216412.0220,0,3.0830,6.7930,6.0410
1216461.9960,2,3.1030,6.7620,6.0290
1216511.9750,1,3.1010,6.7350,6.0210
1216561.9510,0,3.1530,6.7150,6.0410
1216611.9300,0,3.0840,6.7310,6.0070
1216661.9060,2,3.0650,6.6880,6.0690
1216711.8850,0,3.1310,6.6850,6.0220
1216761.8640,1,3.0960,6.6890,5.9980
1216811.8420,2,3.1120,6.7120,6.0190
1216861.8160,0,3.0790,6.6460,6.0070
1216911.7910,1,3.1090,6.6570,6.0130
1216961.7700,0,3.0910,6.6650,6.0450
1217011.7460,0,3.1220,6.5760,6.0520
1217061.7260,2,3.1150,6.6070,6.0230
1217111.7050,0,3.1100,6.6180,6.0310
1217161.6810,1,3.1460,6.6470,6.0430
1217211.6600,2,3.1190,6.6590,6.0500
1217261.6360,0,3.1170,6.6140,6.0420
1217311.6130,1,3.0780,6.6030,6.0460
1217361.5910,0,3.1230,6.6120,6.0170
1217411.5640,0,3.0890,6.6030,5.9960
1217461.5450,2,3.1220,6.5810,6.0210
1217511.5190,0,3.0890,6.5900,6.0200
1217561.4940,1,3.0750,6.5520,5.9970
1217611.4750,2,3.0990,6.5560,6.0050
1217661.4510,0,3.0790,6.5650,6.1080
1217711.4270,0,3.1120,6.5880,6.0670
1217761.4060,1,3.0680,6.5550,6.0410
1217811.3820,0,3.1490,6.5160,5.9990
1217861.3610,2,3.0830,6.5880,5.9980
1217911.3380,0,3.1090,6.5690,6.0070
1217961.3180,1,3.0860,6.5770,6.0540
1218011.2910,2,3.1510,6.5270,5.9990
1218061.2700,0,3.0900,6.5450,6.0370
1218111.2460,0,3.1290,6.5690,5.9930
1218161.2240,1,3.1480,6.6030,5.9900
1218211.2030,0,3.1180,6.5730,5.9830
1218261.1810,2,3.1050,6.6890,6.0280
1218311.1600,0,3.0600,6.6220,5.9770
1218361.1360,1,3.1040,6.5920,6.0030
1218411.1140,2,3.1190,6.6210,6.0440
1218461.0880,0,3.1140,6.6510,6.0290
1218511.0650,0,3.0860,6.6450,6.0240
1218561.0430,1,3.1190,6.6050,6.0180
1218611.0220,0,3.1000,6.6470,5.9590
1218660.9970,2,3.0980,6.6210,6.0280
1218710.9770,0,3.1320,6.6160,6.0340
1218760.9500,1,3.1450,6.5990,6.0040
1218810.9280,0,3.1020,6.5990,6.0250
1218860.9100,2,3.0860,6.6450,6.0250
1218910.8840,0,3.1330,6.5940,6.0130
1218960.8640,1,3.1250,6.6030,6.0300
1219010.8350,0,3.1070,6.5690,6.0400
1219060.8170,2,3.1150,6.5810,6.0170
1219110.7960,0,3.0790,6.5950,6.0530
1219160.7720,1,3.1030,6.5870,6.0200
1219210.7470,0,3.1140,6.6010,6.0120
1219260.7240,2,3.0940,6.6110,6.0110
1219310.7000,0,3.0840,6.6300,6.0240
1219360.6770,1,3.1270,6.5770,6.0150
1219410.6540,0,3.1060,6.6260,6.0020
1219460.6330,2,3.1190,6.5710,6.0320
1219510.6110,0,3.1170,6.5920,6.0070
1219560.5900,1,3.0970,6.5690,6.0450
1219610.5690,0,3.0870,6.6290,5.9950
1219660.5460,2,3.1270,6.5490,6.0230
1219710.5230,0,3.1420,6.6040,5.9960
1219760.4950,1,3.1210,6.5750,6.0430
1219810.4720,0,3.0900,6.5830,6.0130
1219860.4550,2,3.1120,6.5970,6.0390
1219910.4310,0,3.0700,6.5870,6.0260
1219960.4070,1,3.0730,6.6180,6.0330
1220010.3860,0,3.1010,6.6080,6.0040
1220060.3620,2,3.1340,6.6610,6.0240
1220110.3380,0,3.0710,6.6460,6.0430
1220160.3170,1,3.1500,6.6730,5.9960
1220210.2930,0,3.0910,6.7180,6.0180
1220260.2730,2,3.1140,6.6840,6.0170
1220310.2490,0,3.0900,6.6910,6.0320
1220360.2260,1,3.1240,6.6670,6.0090
1220410.1990,0,3.1070,6.6180,6.0200
1220460.1770,2,3.0860,6.6500,6.0370
1220510.1540,0,3.0910,6.6360,6.0240
1220560.1370,1,3.1420,6.6080,6.0200
1220610.1100,0,3.1110,6.6190,6.0140
1220660.0860,2,3.0830,6.6510,6.0390
1220710.0650,0,3.1030,6.6420,6.0620
1220760.0390,1,3.0950,6.6500,6.0340
1220810.0190,0,3.1380,6.6710,6.0080
1220860.0000,2,3.0720,6.6590,6.0410
1220909.9730,0,3.0980,6.6380,6.0420
1220959.9540,1,3.1300,6.7030,6.0210
1221009.9280,0,3.1200,6.6520,6.0130
1221059.9090,2,3.0680,6.6490,6.0250
1221109.8870,0,3.1100,6.6550,6.0220
1221159.8590,1,3.1150,6.6110,6.0350
1221209.8390,0,3.1270,6.6280,6.0210
1221259.8130,2,3.1100,6.6590,6.0010
1221309.7930,0,3.0610,6.6450,6.0040
1221359.7700,1,3.1050,6.6580,6.0290
1221409.7440,0,3.0860,6.6250,6.0440
1221459.7260,2,3.1140,6.6330,6.0050
1221509.7010,0,3.0980,6.6840,6.0250
1221559.6820,1,3.0980,6.5970,6.0630
1221609.6550,0,3.1350,6.6710,5.9980
1221659.6310,2,3.1110,6.6800,5.9630
1221709.6080,0,3.0850,6.6790,6.0510
1221759.5880,1,3.0690,6.6680,6.0120
1221809.5670,0,3.1130,6.6830,6.0480
1221859.5460,2,3.1320,6.6770,6.0210
1221909.5200,0,3.1440,6.6720,6.0080
1221959.4990,1,3.1050,6.6400,6.0550
1222009.4720,0,3.1000,6.6080,6.0140
1222059.4530,2,3.0710,6.6550,6.0300
1222109.4290,0,3.1220,6.6260,6.0050
1222159.4040,1,3.1090,6.6030,6.0300
1222209.3840,0,3.0970,6.6230,6.0540
1222259.3580,2,3.1370,6.5680,6.0010
1222309.3400,0,3.1170,6.6230,6.0370
1222359.3180,1,3.0970,6.5980,6.0210
1222409.2950,0,3.1310,6.5730,6.0210
1222459.2720,2,3.0900,6.5740,5.9930
1222509.2470,0,3.1150,6.5700,6.0260
1222559.2230,1,3.1280,6.6000,6.0100
1222609.2050,0,3.1020,6.5990,5.9830
1222659.1820,2,3.1280,6.5580,6.0250
1222709.1580,0,3.1550,6.5270,6.0330
1222759.1320,1,3.0750,6.5850,6.0440
1222809.1130,0,3.1130,6.5450,6.0370
1222859.0880,2,3.1080,6.5710,5.9710
1222909.0630,0,3.1130,6.5100,6.0120
1222959.0430,1,3.1420,6.4970,6.0410
1223009.0180,0,3.1020,6.5100,6.0290
1223058.9960,2,3.0790,6.5680,5.9950
1223108.9770,0,3.1530,6.5590,6.0330
1223158.9510,1,3.1390,6.5860,6.0030
1223208.9320,0,3.0990,6.5760,6.0000
1223258.9070,2,3.0550,6.6000,6.0370
1223308.8830,0,3.0970,6.5840,6.0680
1223358.8630,1,3.0650,6.6150,6.0220
1223408.8400,0,3.1160,6.6560,6.0370
1223458.8160,2,3.1380,6.6030,6.0390
1223508.7960,0,3.0880,6.6690,6.0600
1223558.7690,1,3.1170,6.6120,6.0240
1223608.7470,0,3.1150,6.5690,6.0400
1223658.7310,2,3.1000,6.6160,5.9930
1223708.7030,0,3.0860,6.6030,6.0670
1223758.6830,1,3.1200,6.6030,6.0100
1223808.6600,0,3.0860,6.5970,6.0480
1223858.6340,2,3.0960,6.6180,6.0450
1223908.6150,0,3.1340,6.5750,6.0140
1223958.5940,1,3.1050,6.5390,6.0650
1224008.5710,0,3.0970,6.5310,6.0090
1224058.5500,2,3.1120,6.5110,6.0250
1224108.5290,0,3.1280,6.5390,6.0610
1224158.5090,1,3.1060,6.5260,5.9910
1224208.4870,0,3.1050,6.5270,6.0210
1224258.4600,2,3.1430,6.5670,6.0390
1224308.4420,0,3.1270,6.5490,6.0110
1224358.4180,1,3.1080,6.5680,6.0210
1224408.3970,0,3.0890,6.5550,6.0560
1224458.3740,2,3.1090,6.6020,6.0640
1224508.3510,0,3.0900,6.5940,6.0210
1224558.3290,1,3.1190,6.6070,6.0600
1224608.3060,0,3.1250,6.6630,6.0700
1224658.2830,2,3.1150,6.6280,6.0670
1224708.2610,0,3.0990,6.6570,6.0500
1224758.2400,1,3.1300,6.6280,5.9670
1224808.2160,0,3.0870,6.5940,6.0040
1224858.1950,2,3.0630,6.6030,5.9960
1224908.1750,0,3.0860,6.5800,6.0380
1224958.1560,1,3.1070,6.6050,5.9980
1225008.1280,0,3.1060,6.6320,6.0260
1225058.1110,2,3.1080,6.5680,6.0450
1225108.0870,0,3.1110,6.6010,6.0280
1225158.0660,1,3.1050,6.5540,6.0310
1225208.0450,0,3.1330,6.5820,6.0050
1225258.0210,2,3.0840,6.5720,6.0530
1225308.0000,0,3.1180,6.5500,6.0290
1225357.9790,1,3.1150,6.5570,6.0190
1225407.9570,0,3.1000,6.5290,6.0180
1225457.9310,2,3.1110,6.5090,6.0110
1225507.9060,0,3.1000,6.5400,6.0240
1225557.8900,1,3.1100,6.5900,5.9980
1225607.8630,0,3.0910,6.5030,5.9910
1225657.8460,2,3.1210,6.5430,6.0430
1225707.8180,0,3.1220,6.5880,5.9960
1225757.7970,1,3.0830,6.5650,6.0370
1225807.7730,0,3.1240,6.6030,6.0360
1225857.7560,2,3.1220,6.6030,6.0440
1225907.7300,0,3.1100,6.6060,5.9880
1225957.7120,1,3.0880,6.5620,5.9920
1226007.6880,0,3.1200,6.5640,6.0420
1226057.6690,2,3.0930,6.5830,5.9980
1226107.6410,0,3.1120,6.5630,5.9860
1226157.6220,1,3.1390,6.5480,6.0180
1226207.5970,0,3.1250,6.5680,6.0370
1226257.5780,2,3.0850,6.5710,5.9900
1226307.5580,0,3.1030,6.6070,6.0020
1226357.5310,1,3.1260,6.5290,6.0140
1226407.5100,0,3.0960,6.5340,5.9830
1226457.4880,2,3.0930,6.5160,6.0340
1226507.4670,0,3.1290,6.5450,5.9920
1226557.4430,1,3.0930,6.5350,5.9680
1226607.4240,0,3.0970,6.5340,6.0360
1226657.4030,2,3.1350,6.5360,6.0420
1226707.3800,0,3.1200,6.5400,6.0130
1226757.3560,1,3.1490,6.5420,6.0610
1226807.3340,0,3.0760,6.5090,6.0520
1226857.3140,2,3.1030,6.5190,6.0120
1226907.2880,0,3.1270,6.4870,6.0410
1226957.2650,1,3.1280,6.5340,6.0550
1227007.2490,0,3.1360,6.5100,6.0490
1227057.2270,2,3.1060,6.4870,6.0420
1227107.2000,0,3.0870,6.4630,6.0110
1227157.1830,1,3.1170,6.4710,6.0070
1227207.1560,0,3.1030,6.4860,6.0450
1227257.1370,2,3.0840,6.4610,5.9840
1227307.1130,0,3.1710,6.4900,6.0090
1227357.0910,1,3.1110,6.4610,6.0740
1227407.0660,0,3.1200,6.5120,6.0240
1227457.0470,2,3.0790,6.5080,5.9930
1227507.0240,0,3.1010,6.5380,6.0110
1227557.0000,1,3.0580,6.5480,6.0250
1227606.9770,0,3.0630,6.5750,5.9970
1227656.9610,2,3.0990,6.5580,6.0380
1227706.9330,0,3.1040,6.5550,5.9910
1227756.9170,1,3.1160,6.5300,6.0530
1227806.8900,0,3.1160,6.4640,6.0330
1227856.8730,2,3.1220,6.5050,6.0280
1227906.8490,0,3.1130,6.6010,5.9710
1227956.8230,1,3.0730,6.6010,6.0110
1228006.8060,0,3.1020,6.6290,5.9870
1228056.7830,2,3.1180,6.6610,6.0330
1228106.7580,0,3.0770,6.6140,6.0410
1228156.7390,1,3.0720,6.6570,6.0110
1228206.7170,0,3.1140,6.6550,6.0220
1228256.6910,2,3.1130,6.6000,6.0640
1228306.6710,0,3.1020,6.5890,6.0710
1228356.6510,1,3.0710,6.5590,5.9730
1228406.6240,0,3.1040,6.6020,6.0820
1228456.6020,2,3.0980,6.5890,6.0200
1228506.5810,0,3.1090,6.5850,6.0120
1228556.5590,1,3.1280,6.5000,6.0090
1228606.5360,0,3.1370,6.5530,6.0200
1228656.5180,2,3.1280,6.5500,5.9850
1228706.4930,0,3.1260,6.5560,6.0190
1228756.4740,1,3.1370,6.5330,6.0140
1228806.4520,0,3.1100,6.5780,6.0580
1228856.4290,2,3.1020,6.5320,6.0230
1228906.4030,0,3.0740,6.5130,6.0970
1228956.3860,1,3.1210,6.5630,5.9980
1229006.3590,0,3.0720,6.6140,6.0450
1229056.3380,2,3.0960,6.5800,6.0390
1229106.3150,0,3.1290,6.5590,6.0190
1229156.2950,1,3.1190,6.5470,6.0290
1229206.2730,0,3.1150,6.5460,6.0050
1229256.2500,2,3.0880,6.5130,6.0520
1229306.2320,0,3.1410,6.5390,6.0610
1229356.2090,1,3.1120,6.5290,6.0070
1229406.1850,0,3.1110,6.5580,6.0170
1229456.1620,2,3.1240,6.5220,6.0160
1229506.1420,0,3.1280,6.5120,6.0030
1229556.1160,1,3.1020,6.6120,6.0240
1229606.0930,0,3.1220,6.4790,6.0490
1229656.0720,2,3.1580,6.5250,6.0080
1229706.0520,0,3.1280,6.5430,6.0500
1229756.0280,1,3.0920,6.4960,6.0300
1229806.0060,0,3.1250,6.5450,6.0280
1229855.9860,2,3.1420,6.4850,5.9980
1229905.9620,0,3.1430,6.5310,6.0350
1229955.9380,1,3.0660,6.5330,6.0000
1230005.9180,0,3.1320,6.5640,6.0480
1230055.8980,2,3.0710,6.5740,6.0040
1230105.8730,0,3.0720,6.5650,5.9900
1230155.8530,1,3.1190,6.5300,5.9900
1230205.8330,0,3.1310,6.5770,6.0650
1230255.8080,2,3.0880,6.5180,6.0320
1230305.7890,0,3.0990,6.5550,6.0060
1230355.7670,1,3.1040,6.5300,6.0440
1230405.7400,0,3.1460,6.5500,6.0380
1230455.7210,2,3.1500,6.5440,5.9870
1230505.7000,0,3.1140,6.5340,6.0310
1230555.6770,1,3.0710,6.5560,6.0540
1230605.6560,0,3.1140,6.5840,6.0390
1230655.6290,2,3.1400,6.5660,6.0160
1230705.6120,0,3.0920,6.5920,6.0190
1230755.5850,1,3.1350,6.6220,6.0420
1230805.5620,0,3.1250,6.6010,6.0480
1230855.5460,2,3.1200,6.6670,6.0230
1230905.5200,0,3.1060,6.6180,6.0220
1230955.4970,1,3.1010,6.6120,6.0480
1231005.4790,0,3.1100,6.5860,6.0800
1231055.4540,2,3.0840,6.5900,6.0750
1231105.4350,0,3.1240,6.5820,6.0050
1231155.4090,1,3.0900,6.6030,6.0740
1231205.3850,0,3.1150,6.5610,6.0130
1231255.3680,2,3.1070,6.5480,6.0320
1231305.3420,0,3.1150,6.5430,6.0060
1231355.3210,1,3.1240,6.5350,6.0040
1231405.3000,0,3.1250,6.5210,6.0390
1231455.2780,2,3.1530,6.5180,6.0040
1231505.2520,0,3.1250,6.5440,6.0210
1231555.2360,1,3.1210,6.5800,6.0260
1231605.2100,0,3.1350,6.5460,6.0120
1231655.1900,2,3.1060,6.4830,6.0090
1231705.1650,0,3.1070,6.4940,6.0320
1231755.1420,1,3.1050,6.5000,6.0420
1231805.1260,0,3.0780,6.5910,6.0480
1231855.1000,2,3.1390,6.5750,5.9950
1231905.0810,0,3.1500,6.5530,6.0210
1231955.0560,1,3.1170,6.5320,6.0010
1232005.0350,0,3.0920,6.4810,6.0190
1232055.0120,2,3.1020,6.5330,6.0510
1232104.9860,0,3.1310,6.5490,6.0470
1232154.9700,1,3.1310,6.4970,6.0320
1232204.9430,0,3.1040,6.5220,6.0390
1232254.9260,2,3.1340,6.5730,5.9890
1232304.8980,0,3.0860,6.5200,6.0090
1232354.8810,1,3.1020,6.4760,6.0230
1232404.8590,0,3.1400,6.5060,5.9950
1232454.8320,2,3.0800,6.4950,6.0270
1232504.8110,0,3.1070,6.5310,6.0480
1232554.7920,1,3.1460,6.4870,6.0500
1232604.7720,0,3.1050,6.5100,6.0150
1232654.7490,2,3.1310,6.4860,6.0400
1232704.7230,0,3.1180,6.5620,6.0060
1232754.7020,1,3.1180,6.5240,6.0010
1232804.6810,0,3.0600,6.5180,6.0010
1232854.6570,2,3.0840,6.5250,6.0320
1232904.6390,0,3.1200,6.5080,6.0400
1232954.6110,1,3.1560,6.4860,6.0560
1233004.5880,0,3.1270,6.5570,6.0140
1233054.5670,2,3.1330,6.5140,6.0500
1233104.5480,0,3.1060,6.4720,6.0430
1233154.5290,1,3.1410,6.4900,6.0360
1233204.5040,0,3.1350,6.4730,6.0600
1233254.4810,2,3.0980,6.5110,6.0140
1233304.4610,0,3.1540,6.4750,6.0140
1233354.4400,1,3.1040,6.5380,6.0250
1233404.4130,0,3.0980,6.5090,6.0010
1233454.3890,2,3.1370,6.5360,5.9690
1233504.3700,0,3.1610,6.5240,6.0270
1233554.3470,1,3.0900,6.5150,5.9830
1233604.3270,0,3.1270,6.4850,6.0220
1233654.3010,2,3.1330,6.5010,6.0830
1233704.2830,0,3.1150,6.5290,6.0320
1233754.2570,1,3.1100,6.5220,6.0260
1233804.2360,0,3.1220,6.6290,6.0120
1233854.2150,2,3.0840,6.6810,5.9880
1233904.1970,0,3.0790,6.6660,6.0230
1233954.1680,1,3.1290,6.6430,6.0450
1234004.1470,0,3.0840,6.6400,6.0290
1234054.1290,2,3.0880,6.6350,6.0570
1234104.1060,0,3.1170,6.6410,6.0010
1234154.0840,1,3.1050,6.5400,6.0130
1234204.0640,0,3.0920,6.5750,6.0260
1234254.0370,2,3.1300,6.5560,5.9700
1234304.0190,0,3.1020,6.5340,6.0440
1234353.9960,1,3.1300,6.4970,6.0170
1234403.9730,0,3.0970,6.5420,6.0100
1234453.9510,2,3.1370,6.5660,5.9920
1234503.9250,0,3.1010,6.5380,6.0140
1234553.9030,1,3.0900,6.5050,6.0110
1234603.8820,0,3.0850,6.5610,6.0080
1234653.8610,2,3.1490,6.5280,6.0250
1234703.8410,0,3.0710,6.5030,6.0680
1234753.8180,1,3.1160,6.5380,5.9900
1234803.7940,0,3.1290,6.5980,6.0540
1234853.7700,2,3.0750,6.5610,6.0460
1234903.7480,0,3.1260,6.5730,6.0070
1234953.7320,1,3.1170,6.5920,6.0560
1235003.7060,0,3.0980,6.5780,6.0000
1235053.6880,2,3.1200,6.6280,6.0370
1235103.6630,0,3.0920,6.6290,6.0130
1235153.6430,1,3.1580,6.6460,5.9950
1235203.6160,0,3.1090,6.6880,6.0180
1235253.5930,2,3.1110,6.5910,5.9940
1235303.5740,0,3.0960,6.5650,6.0820
1235353.5540,1,3.1160,6.5850,6.0300
1235403.5330,0,3.1280,6.5890,6.0360
1235453.5110,2,3.1390,6.5850,6.0670
1235503.4870,0,3.0570,6.5350,6.0490
1235553.4620,1,3.1000,6.6120,6.0360
1235603.4450,0,3.0980,6.5540,6.0430
1235653.4170,2,3.1050,6.6320,5.9810
1235703.3990,0,3.1100,6.5500,6.0730
1235753.3780,1,3.1190,6.6040,6.0240
1235803.3560,0,3.0810,6.6280,6.0340
1235853.3300,2,3.0980,6.6010,6.0550
1235903.3100,0,3.0970,6.6610,6.0750
1235953.2920,1,3.0850,6.6020,6.0200
1236003.2690,0,3.1300,6.6250,6.0270
1236053.2470,2,3.0950,6.6660,5.9930
1236103.2250,0,3.0730,6.6140,6.0260
1236153.2020,1,3.0580,6.6920,6.0310
1236203.1760,0,3.0690,6.6040,6.0340
1236253.1550,2,3.1180,6.6380,6.0340
1236303.1340,0,3.1310,6.6360,6.0320
1236353.1160,1,3.1510,6.6200,6.0380
1236403.0910,0,3.0930,6.6080,6.0220
1236453.0670,2,3.0890,6.6560,6.0070
1236503.0460,0,3.0950,6.6080,6.0030
1236553.0270,1,3.0710,6.6670,6.0090
1236603.0040,0,3.1180,6.7150,6.0500
1236652.9820,2,3.0920,6.6620,6.0570
1236702.9630,0,3.1010,6.6910,5.9980
1236752.9420,1,3.1280,6.7070,5.9960
1236802.9140,0,3.1030,6.6970,6.0050
1236852.8960,2,3.0970,6.6390,6.0140
1236902.8750,0,3.0930,6.6750,6.0270
1236952.8540,1,3.0800,6.6460,6.0400
1237002.8310,0,3.1110,6.6560,6.0340
1237052.8110,2,3.0880,6.6540,6.0360
1237102.7820,0,3.1340,6.6440,6.0150
1237152.7610,1,3.1070,6.6480,6.0210
1237202.7400,0,3.0980,6.6570,6.0190
1237252.7210,0,3.1160,6.6860,5.9700
1237302.6950,2,3.0860,6.6320,6.0470
1237352.6770,1,3.1400,6.6250,5.9720
1237402.6560,0,3.1020,6.6540,6.0440
1237452.6310,2,3.1010,6.6010,6.0300
1237502.6090,0,3.0930,6.6230,6.0200
1237552.5890,1,3.1450,6.5910,5.9940
1237602.5670,0,3.1070,6.5900,6.0440
1237652.5480,0,3.0940,6.5350,5.9970
1237702.5220,2,3.1050,6.6050,6.0280
1237752.5010,1,3.1360,6.5930,6.0100
1237802.4820,0,3.0680,6.6130,6.0000
1237852.4540,2,3.1090,6.6370,6.0210
1237902.4380,0,3.0840,6.6770,6.0470
1237952.4150,1,3.0730,6.6600,6.0440
1238002.3920,0,3.1240,6.6370,6.0530
1238052.3670,0,3.1060,6.6890,5.9960
1238102.3460,2,3.0960,6.6540,6.0480
1238152.3220,1,3.1240,6.6320,5.9710
1238202.3040,0,3.1100,6.6980,6.0390
1238252.2830,2,3.1190,6.6300,6.0480
1238302.2620,0,3.0790,6.6060,6.0040
1238352.2390,1,3.1290,6.6180,6.0460
1238402.2190,0,3.1100,6.5830,6.0440
1238452.1930,0,3.0920,6.6320,6.0260
1238502.1690,2,3.0630,6.6450,6.0160
1238552.1490,1,3.1210,6.6010,6.0210
1238602.1290,0,3.1080,6.5890,6.0440
1238652.1080,2,3.1010,6.6270,6.0070
1238702.0840,0,3.0760,6.5770,5.9740
1238752.0640,0,3.1170,6.5920,6.0110
1238802.0390,0,3.1240,6.6030,6.0340
1238852.0190,0,3.1020,6.6030,6.0230
1238901.9940,0,3.0860,6.5780,6.0490
1238951.9720,0,3.0890,6.6170,5.9740
1239001.9520,0,3.1300,6.6380,6.0110
1239051.9340,0,3.1210,6.6870,6.0160
1239101.9070,0,3.0700,6.6980,6.0510
1239151.8900,0,3.1040,6.6930,6.0220
1239201.8670,0,3.1230,6.6780,6.0590
1239251.8430,0,3.0940,6.7210,6.0280
1239301.8210,0,3.0960,6.6370,6.0280
1239351.8030,0,3.1250,6.6570,6.0190
1239401.7800,0,3.1340,6.7060,6.0390
1239451.7590,0,3.0890,6.7070,6.0190
1239501.7370,0,3.1070,6.6870,6.0160
1239551.7130,0,3.1200,6.7190,5.9880
1239601.6900,0,3.0920,6.6900,6.0640
1239651.6680,0,3.1100,6.7090,5.9960
1239701.6450,0,3.0950,6.6800,6.0770
1239751.6260,0,3.1270,6.6910,6.0280
1239801.6040,0,3.0700,6.7320,6.0230
1239851.5840,0,3.1000,6.6970,6.0540
1239901.5610,0,3.1160,6.6580,6.0190
1239951.5350,0,3.0880,6.6590,6.0240
1240001.5170,0,3.0930,6.6740,6.0270
1240051.4930,0,3.0890,6.6560,6.0170
1240101.4730,0,3.1480,6.6390,6.0360
1240151.4500,0,3.0860,6.5790,5.9840
1240201.4270,0,3.0820,6.6530,6.0420
1240251.4050,0,3.1120,6.6060,6.0330
1240301.3850,0,3.1110,6.5980,6.0600
1240351.3610,0,3.0830,6.7000,5.9920
1240401.3410,0,3.0860,6.6380,6.0370
1240451.3140,0,3.0770,6.6550,6.0190
1240501.2930,0,3.1370,6.6560,5.9970
1240551.2770,0,3.0860,6.6380,5.9960
1240601.2550,0,3.0860,6.6040,6.0000
1240651.2310,0,3.1100,6.6280,6.0640
1240701.2060,0,3.1280,6.6350,6.0180
1240751.1860,0,3.1040,6.6810,6.0550
1240801.1620,0,3.1060,6.6190,6.0130
1240851.1390,0,3.1090,6.5680,6.0230
1240901.1220,0,3.0690,6.6260,6.0160
1240951.1010,0,3.1080,6.5670,6.0120
1241001.0740,0,3.1060,6.5650,6.0360
1241051.0580,0,3.1290,6.5650,5.9960
1241101.0330,0,3.1060,6.5620,6.0420
1241151.0080,0,3.1010,6.5950,6.0190
1241200.9900,0,3.1390,6.6210,6.0520
1241250.9670,0,3.0720,6.5810,6.0410
1241300.9450,0,3.1310,6.6120,6.0110
1241350.9220,0,3.0830,6.6600,6.0580
1241400.9010,0,3.1300,6.5870,6.0530
1241450.8770,0,3.1510,6.6670,6.0080
1241500.8580,0,3.1180,6.6410,6.0220
1241550.8330,0,3.1170,6.6600,6.0550
1241600.8150,0,3.1440,6.6620,6.0430
1241650.7930,0,3.0990,6.6290,6.0360
1241700.7710,0,3.1180,6.6010,6.0090
1241750.7520,0,3.1480,6.5840,6.0170
1241800.7290,0,3.1680,6.5890,6.0110
1241850.7020,0,3.0860,6.5940,6.0060
1241900.6820,0,3.0980,6.5750,6.0080
1241950.6630,0,3.1020,6.6170,6.0480
1242000.6410,0,3.1420,6.6160,6.0210
1242050.6210,0,3.1070,6.5950,6.0270
1242100.5930,0,3.1420,6.6430,6.0300
1242150.5760,0,3.1090,6.5790,6.0040
1242200.5490,0,3.1050,6.5850,6.0050
1242250.5270,0,3.0820,6.5630,6.0230
1242300.5100,0,3.1040,6.5460,6.0400
1242350.4850,0,3.0880,6.5860,6.0170
1242400.4630,0,3.0590,6.5980,6.0260
1242450.4430,0,3.1600,6.6250,6.0160
1242500.4180,0,3.1260,6.5850,6.0340
1242550.3990,0,3.0920,6.5540,6.0430
1242600.3740,0,3.1100,6.6230,5.9970
1242650.3510,0,3.0610,6.6310,6.0030
1242700.3360,0,3.1120,6.6490,6.0290
1242750.3090,0,3.1040,6.6120,6.0260
1242800.2900,0,3.0930,6.6260,5.9900
1242850.2690,0,3.0900,6.5780,6.0050
1242900.2430,0,3.0730,6.6250,6.0610
1242950.2200,0,3.0890,6.6100,6.0070
1243000.2030,0,3.0850,6.6330,6.0390
1243050.1770,0,3.1130,6.6800,5.9880
1243100.1590,0,3.0940,6.6220,6.0130
1243150.1340,0,3.1050,6.6180,5.9980
1243200.1170,0,3.1320,6.5790,5.9910
1243250.0940,0,3.1020,6.6470,5.9850
1243300.0690,0,3.0870,6.6310,6.0610
1243350.0510,0,3.1300,6.6160,5.9660
1243400.0240,0,3.1600,6.5680,6.0070
1243450.0020,0,3.1290,6.5920,6.0170
1243499.9830,0,3.1260,6.6360,6.0320
1243549.9570,0,3.1010,6.6310,6.0210
1243599.9360,0,3.1030,6.6010,6.0060
1243649.9170,0,3.0940,6.6470,6.0500
1243699.8960,0,3.0900,6.6050,6.0080
1243749.8700,0,3.0780,6.6510,6.0590
1243799.8490,0,3.1440,6.6460,6.0590
1243849.8290,0,3.1510,6.6600,6.0410
1243899.8060,0,3.0770,6.7070,6.0320
1243949.7860,0,3.0860,6.6790,6.0440
1243999.7620,0,3.1050,6.6840,6.0520
1244049.7400,0,3.1130,6.6950,6.0250
1244099.7200,0,3.1000,6.6540,6.0180
1244149.7000,0,3.0820,6.6610,6.0410
1244199.6730,0,3.0970,6.6880,6.0440
1244249.6530,0,3.0930,6.6660,6.0320
1244299.6280,0,3.1330,6.6870,6.0380
1244349.6100,0,3.0890,6.6820,6.0240
1244399.5880,0,3.0610,6.6640,6.0540
1244449.5640,0,3.0920,6.6960,6.0360
1244499.5470,0,3.1170,6.6940,6.1040
1244549.5220,0,3.0690,6.6770,6.0160
1244599.5000,0,3.1330,6.6040,6.0030
1244649.4750,0,3.0800,6.6680,6.0260
1244699.4550,0,3.0990,6.6210,6.0170
1244749.4360,0,3.0770,6.5900,6.0480
1244799.4160,0,3.0840,6.6070,6.0610
1244849.3930,0,3.1480,6.5960,5.9980
1244899.3690,0,3.1140,6.6430,6.0210
1244949.3490,0,3.1120,6.6170,6.0010
1244999.3270,0,3.0700,6.6940,6.0520
1245049.3000,0,3.0480,6.6590,6.0110
1245099.2830,0,3.1150,6.6210,6.0310
1245149.2600,0,3.1030,6.6560,6.0170
1245199.2390,0,3.0770,6.6530,5.9980
1245249.2190,0,3.0900,6.6740,6.0080
1245299.1930,0,3.1200,6.6400,6.0340
1245349.1750,0,3.0730,6.6210,5.9920
1245399.1480,0,3.0960,6.5780,6.0550
1245449.1260,0,3.0760,6.5860,6.0350
1245499.1040,0,3.1400,6.6120,6.0510
1245549.0820,0,3.1450,6.6030,6.0080
1245599.0640,0,3.1030,6.6250,6.0530
1245649.0400,0,3.1210,6.5990,6.0290
1245699.0160,0,3.0620,6.5770,6.0500
1245748.9930,0,3.1100,6.5940,6.0630
1245798.9720,0,3.0860,6.6010,6.0330
1245848.9520,0,3.0870,6.5980,6.0590
1245898.9280,0,3.0290,6.6180,6.0150
1245948.9120,0,3.1200,6.6340,6.0050
1245998.8860,0,3.1230,6.6020,6.0190
1246048.8630,0,3.0920,6.5870,5.9950
1246098.8410,0,3.0770,6.5750,6.0260
1246148.8200,0,3.0880,6.5750,6.0320
1246198.8000,0,3.0780,6.5980,6.0380
1246248.7750,0,3.1060,6.5760,6.0160
1246298.7540,0,3.1220,6.6020,6.0360
1246348.7310,0,3.1350,6.5310,6.0080
1246398.7110,0,3.1110,6.5540,5.9900
1246448.6870,0,3.1140,6.5320,6.0660
1246498.6680,0,3.0880,6.5870,5.9700
1246548.6480,0,3.0890,6.5750,6.0540
1246598.6250,0,3.1060,6.5760,6.0170
1246648.5990,0,3.0880,6.6510,5.9790
1246698.5840,0,3.0660,6.6270,5.9940
1246748.5600,0,3.0700,6.6180,6.0190
1246798.5360,0,3.0990,6.5870,5.9970
1246848.5160,0,3.0760,6.6180,6.0260
1246898.4950,0,3.0690,6.5750,6.0020
1246948.4730,0,3.0850,6.6240,6.0120
1246998.4490,0,3.1590,6.6450,6.0510
1247048.4270,0,3.0630,6.7020,6.0030
1247098.4020,0,3.1150,6.6800,6.0160
1247148.3800,0,3.1240,6.6380,5.9920
1247198.3590,0,3.0880,6.6910,5.9980
1247248.3420,0,3.1270,6.6700,6.0560
1247298.3190,0,3.1250,6.7130,5.9760
1247348.2930,0,3.1060,6.7270,6.0430
1247398.2720,0,3.1060,6.7220,6.0010
1247448.2540,0,3.0780,6.7360,6.0580
1247498.2290,0,3.0960,6.7310,6.0270
1247548.2070,0,3.1050,6.7500,6.0130
1247598.1840,0,3.1140,6.7490,6.0160
1247648.1670,0,3.0880,6.7870,6.0480
1247698.1470,0,3.0540,6.7810,6.0240
1247748.1240,0,3.1090,6.7780,6.0320
1247798.0990,0,3.1250,6.8120,6.0120
1247848.0810,0,3.0800,6.7860,6.0000
1247898.0570,0,3.1200,6.8250,6.0210
1247948.0370,0,3.0980,6.8170,6.0210
1247998.0110,0,3.0910,6.8540,6.0110
1248047.9900,0,3.0950,6.7710,6.0580
1248097.9670,0,3.0970,6.7520,6.0030
1248147.9500,0,3.0970,6.7110,6.0270
1248197.9220,0,3.1090,6.7450,5.9820
1248247.9040,0,3.0960,6.7210,5.9940
1248297.8790,0,3.0760,6.6760,6.0570
1248347.8600,0,3.0570,6.6910,5.9930
1248397.8400,0,3.0670,6.6890,6.0040
1248447.8140,0,3.0850,6.6890,6.0310
1248497.7960,0,3.0740,6.7180,6.0410
1248547.7730,0,3.0970,6.7660,6.0400
1248597.7490,0,3.0740,6.7140,6.0150
1248647.7280,0,3.0990,6.7700,6.0550
1248697.7090,0,3.1660,6.7250,6.0230
1248747.6830,0,3.1220,6.7180,6.0210
1248797.6630,0,3.0940,6.7010,6.0360
1248847.6390,0,3.1100,6.6380,6.0830
1248897.6240,0,3.0770,6.6910,6.0060
1248947.5960,0,3.0730,6.6100,6.0310
1248997.5800,0,3.0710,6.6550,6.0110
1249047.5560,0,3.1230,6.6720,6.0680
1249097.5320,0,3.0980,6.6750,6.0230
1249147.5110,0,3.0850,6.6100,5.9820
1249197.4870,0,3.0830,6.6390,6.0740
1249247.4690,0,3.0860,6.6760,6.0360
1249297.4450,0,3.0880,6.6440,6.0340
1249347.4230,0,3.1270,6.5930,6.0090
1249397.4040,0,3.0880,6.6110,5.9790
1249447.3820,0,3.1280,6.5960,6.0260
1249497.3620,0,3.1140,6.6020,6.0390
1249547.3400,0,3.0540,6.6430,6.0320
1249597.3160,0,3.0980,6.6100,5.9740
1249647.2920,0,3.0910,6.6150,5.9970
1249697.2700,0,3.0920,6.5990,6.0020
1249747.2480,0,3.0850,6.6140,6.0450
1249797.2320,0,3.0950,6.6260,5.9830
1249847.2070,0,3.1370,6.6520,5.9770
1249897.1830,0,3.0970,6.6220,6.0100
1249947.1640,0,3.0780,6.6720,6.0060
1249997.1410,0,3.1240,6.6450,6.0160
1250047.1190,0,3.1360,6.6610,5.9850
1250097.1000,0,3.0810,6.6770,6.0110
1250147.0750,0,3.1060,6.7080,5.9900
1250197.0550,0,3.1220,6.7380,6.0110
1250247.0310,0,3.0970,6.6940,6.0250
1250297.0120,0,3.1010,6.6820,6.0040
1250346.9910,0,3.1000,6.6690,6.0370
1250396.9700,0,3.0610,6.6780,6.0410
1250446.9430,0,3.0850,6.7090,6.0110
1250496.9240,0,3.1080,6.7410,6.0840
1250546.9020,0,3.1150,6.6830,6.0330
1250596.8810,0,3.1380,6.6550,6.0400
1250646.8560,0,3.1160,6.5990,6.0300
1250696.8380,0,3.0990,6.5870,6.0400
1250746.8150,0,3.0860,6.6140,6.0400
1250796.7930,0,3.0950,6.6460,6.0200
1250846.7710,0,3.1260,6.6060,6.0190
1250896.7510,0,3.0940,6.6020,6.0390
1250946.7300,0,3.1120,6.6190,6.0260
1250996.7080,0,3.1040,6.6470,5.9740
1251046.6820,0,3.1440,6.5630,6.0190
1251096.6660,0,3.1180,6.5890,6.0140
1251146.6430,0,3.1170,6.5590,5.9810
1251196.6200,0,3.1360,6.6370,6.0360
1251246.6010,0,3.1370,6.5680,6.0080
1251296.5740,0,3.1200,6.5350,6.0090
1251346.5520,0,3.1080,6.5400,6.0160
1251396.5310,0,3.0910,6.5520,6.0740
1251446.5070,0,3.0890,6.6020,6.0310
1251496.4860,0,3.1170,6.6110,6.0250
1251546.4640,0,3.1220,6.5880,6.0420
1251596.4420,0,3.0810,6.5370,6.0110
1251646.4270,0,3.0950,6.5970,6.0010
1251696.4040,0,3.0960,6.6130,6.0310
1251746.3800,0,3.1080,6.6250,6.0080
1251796.3610,0,3.0760,6.5880,6.0050
1251846.3380,0,3.1130,6.5950,5.9990
1251896.3120,0,3.0810,6.6230,5.9830
1251946.2920,0,3.1040,6.6210,6.0400
1251996.2720,0,3.1290,6.6520,6.0180
1252046.2520,0,3.1240,6.6090,6.0380
1252096.2280,0,3.0610,6.5770,6.0100
1252146.2050,0,3.0840,6.5610,6.0450
1252196.1850,0,3.1320,6.6030,6.0160
1252246.1590,0,3.1180,6.6070,6.0440
1252296.1400,0,3.0740,6.6020,5.9660
1252346.1200,0,3.1040,6.5900,6.0230
1252396.0980,0,3.0980,6.5800,6.0410
1252446.0780,0,3.0930,6.6210,6.0080
1252496.0530,0,3.0840,6.7070,6.0310
1252546.0340,0,3.0840,6.6640,6.0220
1252596.0110,0,3.1370,6.5830,6.0170
1252645.9900,0,3.1180,6.6650,6.0390
1252695.9630,0,3.0880,6.6210,6.0100
1252745.9450,0,3.1440,6.6210,6.0100
1252795.9210,0,3.0930,6.5980,5.9890
1252845.9030,0,3.1140,6.6220,5.9790
1252895.8770,0,3.1420,6.6190,5.9840
1252945.8550,0,3.1460,6.6070,6.0380
1252995.8330,0,3.1180,6.5760,6.0100
1253045.8150,0,3.1240,6.6400,6.0210
1253095.7940,0,3.0810,6.6180,6.0160
1253145.7680,0,3.1020,6.6360,6.0210
1253195.7510,0,3.1010,6.5940,6.0330
1253245.7270,0,3.1140,6.6020,6.0190
1253295.7070,0,3.0920,6.5890,6.0010
1253345.6830,0,3.1240,6.6090,6.0130
1253395.6630,0,3.0990,6.5970,6.0180
1253445.6400,0,3.1050,6.6370,6.0070
1253495.6190,0,3.1080,6.6830,6.0400
1253545.5970,0,3.1300,6.6280,6.0380
1253595.5710,0,3.1390,6.6040,6.0040
1253645.5520,0,3.1270,6.6020,6.0250
1253695.5330,0,3.1130,6.5450,6.0270
1253745.5110,0,3.1330,6.5890,6.0520
1253795.4880,0,3.0840,6.6200,6.0300
1253845.4640,0,3.0840,6.5490,6.0060
1253895.4450,0,3.0740,6.6430,5.9880
1253945.4250,0,3.1200,6.5980,6.0120
1253995.4030,0,3.1620,6.6110,6.0410
1254045.3760,0,3.1070,6.5820,6.0250
1254095.3600,0,3.1290,6.6010,6.0610
1254145.3330,0,3.1510,6.5760,6.0320
1254195.3130,0,3.1230,6.5590,6.0180
1254245.2950,0,3.1230,6.5210,5.9900
1254295.2720,0,3.0820,6.5170,6.0210
1254345.2510,0,3.1570,6.4980,6.0160
1254395.2290,0,3.0770,6.5490,6.0540
1254445.2040,0,3.0870,6.5330,6.0340
1254495.1800,0,3.1060,6.5850,6.0010
1254545.1630,0,3.1290,6.6390,6.0620
1254595.1380,0,3.0970,6.5700,6.0190
1254645.1170,0,3.1300,6.5620,6.0190
1254695.0950,0,3.1250,6.5780,6.0300
1254745.0710,0,3.1370,6.5520,6.0170
1254795.0520,0,3.1290,6.5200,6.0440
1254845.0310,0,3.1340,6.5540,6.0110
1254895.0070,0,3.0630,6.5450,6.0110
1254944.9830,0,3.1290,6.5840,5.9850
1254994.9620,0,3.1350,6.5420,6.0220
1255044.9400,0,3.0840,6.5300,6.0330
1255094.9230,0,3.0880,6.6020,6.0500
1255144.9000,0,3.1270,6.5490,6.0110
1255194.8800,0,3.1360,6.5950,6.0040
1255244.8570,0,3.0840,6.5840,6.0040
1255294.8350,0,3.1230,6.5630,5.9810
1255344.8090,0,3.0840,6.5290,6.0000
1255394.7890,0,3.1250,6.5940,5.9790
1255444.7690,0,3.0950,6.6100,6.0250
1255494.7490,0,3.0820,6.6010,5.9930
1255544.7230,0,3.0920,6.5900,6.0390
1255594.7020,0,3.1120,6.5860,6.0380
1255644.6840,0,3.1070,6.5760,6.0380
1255694.6610,0,3.0750,6.5460,6.0100
1255744.6390,0,3.1500,6.5920,6.0370
1255794.6140,0,3.0980,6.6650,6.0150
1255844.5960,0,3.0650,6.5580,6.0460
1255894.5720,0,3.1050,6.5590,6.0070
1255944.5510,0,3.0990,6.5900,5.9990
1255994.5280,0,3.0900,6.5530,6.0260
1256044.5100,0,3.1000,6.5380,6.0590
1256094.4830,0,3.1270,6.5410,6.0020
1256144.4630,0,3.1290,6.5320,6.0480
1256194.4450,0,3.0940,6.5460,6.0490
1256244.4200,0,3.1300,6.5260,6.0010
1256294.3970,0,3.1170,6.5480,5.9980
1256344.3750,0,3.0750,6.5270,5.9950
1256394.3580,0,3.1270,6.5260,6.0480
1256444.3350,0,3.1080,6.4960,6.0460
1256494.3090,0,3.1070,6.5530,6.0190
1256544.2900,0,3.0630,6.4800,6.0320
1256594.2660,0,3.1280,6.4490,6.0660
1256644.2430,0,3.1240,6.5250,6.0380
1256694.2270,0,3.1120,6.5110,6.0260
1256744.2000,0,3.1140,6.5310,6.0300
1256794.1830,0,3.1030,6.5380,6.0010
1256844.1590,0,3.1370,6.5500,6.0470
1256894.1390,0,3.0780,6.5590,6.0110
1256944.1150,0,3.0990,6.5050,6.0380
1256994.0960,0,3.1610,6.5140,5.9910
1257044.0700,0,3.0800,6.5280,5.9990
1257094.0500,0,3.1030,6.4870,6.0020
1257144.0270,0,3.1150,6.5410,6.0240
1257194.0100,0,3.1120,6.5480,6.0550
1257243.9880,0,3.1020,6.5100,6.0330
1257293.9660,0,3.1270,6.5180,6.0130
1257343.9390,0,3.1180,6.4530,6.0270
1257393.9200,0,3.0990,6.5580,6.0330
1257443.9000,0,3.1090,6.5450,6.0230
1257493.8780,0,3.1180,6.5070,6.0510
1257543.8560,0,3.1210,6.5100,6.0440
1257593.8310,0,3.1150,6.5040,6.0260
1257643.8090,0,3.1250,6.5130,5.9890
1257693.7910,0,3.1250,6.4670,6.0640
1257743.7680,0,3.1370,6.5610,6.0200
1257793.7440,0,3.1460,6.5570,5.9920
1257843.7210,0,3.1210,6.5210,6.0100
1257893.7060,0,3.1110,6.5450,6.0220
1257943.6770,0,3.1330,6.5150,5.9800
1257993.6620,0,3.1500,6.5740,5.9540
1258043.6370,0,3.1090,6.5710,6.0320
1258093.6140,0,3.1140,6.5860,6.0260
1258143.5950,0,3.0900,6.5990,5.9880
1258193.5700,0,3.1360,6.5490,6.0110
1258243.5510,0,3.1190,6.6010,6.0330
1258293.5270,0,3.1070,6.5620,6.0650
1258343.5080,0,3.1240,6.6050,6.0660
1258393.4860,0,3.1430,6.5990,6.0230
1258443.4630,0,3.1200,6.5990,6.0280
1258493.4430,0,3.1120,6.5550,6.0140
1258543.4170,0,3.0900,6.5570,6.0520
1258593.3980,0,3.1060,6.5960,5.9620
1258643.3740,0,3.0910,6.6000,6.0020
1258693.3550,0,3.1310,6.6250,6.0010
1258743.3300,0,3.1440,6.6230,6.0260
1258793.3120,0,3.0760,6.6210,6.0430
1258843.2900,0,3.1230,6.6660,6.0060
1258893.2690,0,3.0820,6.6250,6.0230
1258943.2470,0,3.0770,6.6400,6.0170
1258993.2260,0,3.1100,6.6200,5.9790
1259043.2030,0,3.1090,6.6200,6.0840
1259093.1780,0,3.0990,6.6540,6.0390
1259143.1580,0,3.1210,6.6180,5.9940
1259193.1360,0,3.1540,6.5770,6.0550
1259243.1160,0,3.1020,6.5790,5.9830
1259293.0930,0,3.1010,6.5860,6.0570
1259343.0720,0,3.0890,6.6120,6.0490
1259393.0480,0,3.0880,6.5980,6.0240
1259443.0290,0,3.1320,6.6160,6.0020
1259493.0050,0,3.0890,6.5810,5.9990
1259542.9830,0,3.1340,6.6020,6.0090
1259592.9610,0,3.0960,6.5850,6.0350
1259642.9370,0,3.0980,6.6170,5.9850
1259692.9110,0,3.1040,6.6580,5.9970
1259742.8890,0,3.1470,6.5810,5.9950
1259792.8710,0,3.1350,6.6330,6.0080
1259842.8500,0,3.0920,6.6510,5.9990
1259892.8280,0,3.1030,6.6020,6.0260
1259942.7990,0,3.0930,6.5930,6.0090
1259992.7770,0,3.0960,6.5850,6.0130
1260042.7570,0,3.1080,6.6180,5.9540
1260092.7350,0,3.1020,6.5580,5.9960
1260142.7140,0,3.1410,6.6350,6.0150
1260192.6930,0,3.1190,6.5360,6.0410
1260242.6690,0,3.1270,6.5520,6.0260
1260292.6440,0,3.0950,6.5630,6.0250
1260342.6240,0,3.1730,6.5690,6.0480
1260392.5990,0,3.1150,6.5870,5.9990
1260442.5770,0,3.1340,6.5730,6.0390
1260492.5520,0,3.1000,6.5640,6.0080
1260542.5290,0,3.0980,6.5070,5.9990
1260592.5090,0,3.1410,6.5560,6.0280
1260642.4850,0,3.1140,6.5570,6.0240
1260692.4660,0,3.0910,6.5470,6.0270
1260742.4460,0,3.1070,6.5460,6.0180
1260792.4190,0,3.0950,6.5780,6.0100
1260842.3950,0,3.1150,6.5550,6.0150
1260892.3730,0,3.1190,6.6080,6.0110
1260942.3520,0,3.1260,6.6160,6.0640
1260992.3290,0,3.1050,6.6110,5.9710
1261042.3080,0,3.1090,6.6040,6.0160
1261092.2850,0,3.1080,6.6540,6.0400
1261142.2610,0,3.1240,6.6160,5.9930
1261192.2370,0,3.1130,6.6270,6.0360
1261242.2190,0,3.1000,6.5720,6.0500
1261292.1930,0,3.0940,6.5410,6.0170
1261342.1750,0,3.1010,6.5400,6.0210
1261392.1470,0,3.0910,6.5740,6.0190
1261442.1300,0,3.1090,6.5360,6.0260
1261492.1030,0,3.1460,6.5430,6.0220
1261542.0820,0,3.1220,6.5200,6.0290
1261592.0630,0,3.0660,6.5390,5.9980
1261642.0370,0,3.1100,6.5000,6.0060
1261692.0150,0,3.1220,6.5160,6.0320
1261741.9910,0,3.1180,6.5070,6.0520
1261791.9700,0,3.1090,6.5000,6.0390
1261841.9450,0,3.1390,6.5230,5.9970
1261891.9240,0,3.0970,6.5440,6.0220
1261941.9040,0,3.0880,6.4930,6.0230
1261991.8790,0,3.1380,6.5330,6.0270
1262041.8610,0,3.1290,6.5160,6.0030
1262091.8370,0,3.0990,6.5100,6.0480
1262141.8130,0,3.1230,6.5240,6.0530
1262191.7930,0,3.1070,6.5380,6.0250
1262241.7710,0,3.1010,6.6010,6.0640
1262291.7430,0,3.0910,6.5600,6.0080
1262341.7250,0,3.1130,6.5420,6.0580
1262391.7010,0,3.1050,6.5170,6.0060
1262441.6810,0,3.1330,6.5350,6.0620
1262491.6580,0,3.1130,6.4970,6.0750
1262541.6340,0,3.1350,6.5200,5.9960
1262591.6100,0,3.1220,6.5260,6.0270
1262641.5850,0,3.1050,6.5890,6.0390
1262691.5640,0,3.0660,6.5890,5.9840
1262741.5460,0,3.1370,6.5390,5.9870
1262791.5210,0,3.1410,6.5220,6.0120
1262841.5000,0,3.1180,6.5700,6.0140
1262891.4730,0,3.0720,6.5640,6.0130
1262941.4520,0,3.1220,6.5370,6.0220
1262991.4340,0,3.0800,6.6190,6.0020
1263041.4060,0,3.1350,6.6390,6.0020
1263091.3890,0,3.0970,6.6130,6.0330
1263141.3620,0,3.1110,6.6780,6.0100
1263191.3400,0,3.1210,6.6380,5.9960
1263241.3160,0,3.1310,6.6630,6.0330
1263291.2940,0,3.1290,6.6650,6.0130
1263341.2720,0,3.1460,6.6410,6.0270
1263391.2520,0,3.0600,6.6230,6.0450
1263441.2270,0,3.1310,6.5780,6.0390
1263491.2030,0,3.1020,6.5930,6.0160
1263541.1840,0,3.1120,6.5780,6.0250
1263591.1620,0,3.1040,6.5460,6.0180
1263641.1420,0,3.0920,6.5520,6.0020
1263691.1180,0,3.0870,6.5720,5.9900
1263741.0930,0,3.1030,6.5360,5.9760
1263791.0690,0,3.1120,6.5170,6.0180
1263841.0520,0,3.1560,6.5380,5.9640
1263891.0260,0,3.1070,6.5440,6.0210
1263941.0010,0,3.1350,6.5410,6.0260
1263990.9780,0,3.0820,6.5560,6.0110
1264040.9590,0,3.0760,6.6120,5.9990
1264090.9330,0,3.1310,6.5750,6.0420
1264140.9110,0,3.1080,6.5270,5.9820
1264190.8930,0,3.1440,6.5540,6.0190
1264240.8710,0,3.1000,6.5250,6.0300
1264290.8500,0,3.0930,6.5570,6.0450
1264340.8210,0,3.1190,6.5380,6.0420
1264390.8000,0,3.0800,6.5770,6.0240
1264440.7760,0,3.0960,6.5360,6.0170
1264490.7590,0,3.0970,6.5770,6.0180
1264540.7300,0,3.1450,6.5500,6.0190
1264590.7110,0,3.1130,6.5580,6.0000
1264640.6890,0,3.0640,6.5600,6.0490
1264690.6680,0,3.1290,6.6060,6.0160
1264740.6440,0,3.1200,6.5510,6.0320
1264790.6230,0,3.0800,6.5340,6.0160
1264840.5990,0,3.0800,6.5740,6.0360
1264890.5730,0,3.1030,6.5670,6.0210
1264940.5550,0,3.1400,6.5150,6.0180
1264990.5310,0,3.1150,6.5290,6.0210
1265040.5080,0,3.0710,6.5060,6.0490
1265090.4860,0,3.1170,6.5060,6.0260
1265140.4660,0,3.1140,6.4950,6.0090
1265190.4390,0,3.1240,6.5270,6.0290
1265240.4210,0,3.1180,6.5810,6.0110
1265290.3990,0,3.1060,6.6330,5.9710
1265340.3730,0,3.1240,6.6150,6.0550
1265390.3490,0,3.0910,6.5470,6.0580
1265440.3260,0,3.1200,6.5670,5.9860
1265490.3080,0,3.0930,6.5540,5.9950
1265540.2860,0,3.0750,6.6160,5.9830
1265590.2620,0,3.1240,6.5510,6.0130
1265640.2390,0,3.1390,6.5410,5.9780
1265690.2150,0,3.1030,6.5720,6.0110
1265740.1960,0,3.1540,6.5640,5.9910
1265790.1710,0,3.1070,6.5740,5.9620
1265840.1460,0,3.1230,6.5040,6.0330
1265890.1270,0,3.1080,6.4990,5.9770
1265940.1030,0,3.0830,6.4530,6.0430
1265990.0810,0,3.1260,6.4990,5.9970
1266040.0570,0,3.1430,6.5390,5.9910
1266090.0370,0,3.1210,6.5370,6.0070
1266140.0140,0,3.1820,6.5050,6.0050
1266189.9890,0,3.1150,6.5010,6.0030
1266239.9710,0,3.1090,6.5170,6.0340
1266289.9450,0,3.0980,6.5080,6.0060
1266339.9230,0,3.0620,6.5440,6.0440
1266389.9050,0,3.1260,6.5010,6.0320
1266439.8760,0,3.0910,6.5130,6.0060
1266489.8560,0,3.1100,6.4700,6.0240
1266539.8350,0,3.0920,6.5290,6.0010
1266589.8090,0,3.1160,6.5630,6.0470
1266639.7870,0,3.1190,6.5880,5.9920
1266689.7670,0,3.1350,6.5530,6.0200
1266739.7420,0,3.1090,6.5090,6.0230
1266789.7220,0,3.0720,6.5470,6.0130
1266839.6960,0,3.1140,6.4900,6.0170
1266889.6800,0,3.0510,6.5260,6.0140
1266939.6550,0,3.0920,6.5830,6.0300
1266989.6320,0,3.1270,6.4720,5.9720
1267039.6100,0,3.1800,6.5050,5.9980
1267089.5890,0,3.1200,6.5050,6.0030
1267139.5660,0,3.1350,6.5090,6.0340
1267189.5420,0,3.1210,6.5760,6.0250
1267239.5220,0,3.0850,6.5210,6.0620
1267289.4980,0,3.0880,6.5510,6.0570
1267339.4740,0,3.1010,6.4840,6.0140
1267389.4490,0,3.1020,6.4950,6.0370
1267439.4270,0,3.1240,6.5350,6.0370
1267489.4100,0,3.1080,6.5050,5.9930
1267539.3860,0,3.1350,6.5020,6.0670
1267589.3650,0,3.1310,6.4750,5.9710
1267639.3380,0,3.1090,6.5160,6.0350
1267689.3190,0,3.1190,6.5710,6.0170
1267739.2970,0,3.1190,6.5820,6.0180
1267789.2730,0,3.0890,6.5330,5.9970
1267839.2490,0,3.1000,6.5610,6.0560
1267889.2240,0,3.1300,6.5830,6.0490
1267939.2050,0,3.0680,6.5210,5.9900
1267989.1820,0,3.1360,6.4470,6.0780
1268039.1590,0,3.0910,6.4930,6.0290
1268089.1390,0,3.1340,6.4920,6.0130
1268139.1180,0,3.1030,6.4590,6.0340
1268189.0900,0,3.0830,6.4790,5.9940
1268239.0670,0,3.0930,6.5390,6.0110
1268289.0470,0,3.1420,6.5170,6.0240
1268339.0260,0,3.1320,6.4680,6.0050
1268389.0050,0,3.1180,6.5200,6.0200
1268438.9830,0,3.1010,6.5930,6.0370
1268488.9590,0,3.1030,6.6050,6.0220
1268538.9330,0,3.0990,6.5180,6.0590
1268588.9120,0,3.1080,6.5760,6.0250
1268638.8890,0,3.1230,6.5290,5.9940
1268688.8650,0,3.0830,6.5730,5.9960
1268738.8470,1,3.1150,6.5460,5.9680
1268788.8210,0,3.1130,6.5720,6.0160
1268838.8020,2,3.1040,6.6140,6.0150
1268888.7790,0,3.1350,6.6600,6.0010
1268938.7560,1,3.0770,6.6480,6.0190
1268988.7300,0,3.1170,6.6410,6.0200
1269038.7120,2,3.0790,6.6250,6.0630
1269088.6860,0,3.0990,6.6770,6.0150
1269138.6640,1,3.1240,6.6300,6.0040
1269188.6430,0,3.1170,6.6110,6.0280
1269238.6220,2,3.1040,6.6050,6.0620
1269288.5940,0,3.0640,6.6190,6.0100
1269338.5730,1,3.1030,6.6300,6.0280
1269388.5560,0,3.1330,6.6210,5.9950
1269438.5290,2,3.1040,6.6680,6.0410
1269488.5080,0,3.1260,6.5560,6.0030
1269538.4880,1,3.1060,6.6240,6.0220
1269588.4620,0,3.0710,6.5940,6.0390
1269638.4380,2,3.1110,6.5670,5.9470
1269688.4170,0,3.1090,6.5490,6.0670
1269738.3960,1,3.1260,6.5230,6.0300
1269788.3700,0,3.1320,6.5980,6.0360
1269838.3490,2,3.1020,6.6010,5.9670
1269888.3290,0,3.1570,6.6610,5.9820
1269938.3070,1,3.0990,6.6270,6.0440
1269988.2860,0,3.0710,6.6090,6.0200
1270038.2570,2,3.1010,6.6770,5.9900
1270088.2410,0,3.0850,6.6250,6.0170
1270138.2130,1,3.1060,6.6590,6.0230
1270188.1940,0,3.0870,6.6110,6.0490
1270238.1700,2,3.1160,6.6220,6.0300
1270288.1510,0,3.1020,6.6320,6.0400
1270338.1220,1,3.1060,6.6160,5.9890
1270388.1010,0,3.1290,6.6460,5.9740
1270438.0790,2,3.1100,6.5930,6.0280
1270488.0560,0,3.1020,6.5460,6.0290
1270538.0330,1,3.0680,6.6100,6.0280
1270588.0110,0,3.1060,6.6130,5.9970
1270637.9910,2,3.1090,6.5700,6.0640
1270687.9700,0,3.1140,6.5670,6.0560
1270737.9430,1,3.1620,6.5870,6.0270
1270787.9250,0,3.1210,6.5670,6.0100
1270837.9030,2,3.0920,6.5240,6.0160
1270887.8810,0,3.0990,6.5210,6.0070
1270937.8570,1,3.0770,6.5400,6.0390
1270987.8350,0,3.0970,6.5580,6.0260
1271037.8110,2,3.1070,6.5330,6.0150
1271087.7860,0,3.0940,6.4970,6.0410
1271137.7670,1,3.1060,6.5100,6.0120
1271187.7450,0,3.1150,6.5220,6.0080
1271237.7210,2,3.1150,6.5200,6.0140
1271287.6970,0,3.1320,6.5120,6.0030
1271337.6780,1,3.1170,6.5430,6.0610
1271387.6500,0,3.1150,6.5060,6.0040
1271437.6310,2,3.1270,6.4830,6.0080
1271487.6060,0,3.1180,6.4810,6.0690
1271537.5860,1,3.1260,6.4770,6.0280
1271587.5640,0,3.1230,6.4950,6.0080
1271637.5440,2,3.0970,6.5400,6.0280
1271687.5180,0,3.0830,6.5290,6.0730
1271737.4960,1,3.0680,6.4830,6.0000
1271787.4810,0,3.1060,6.4960,6.0420
1271837.4530,2,3.1070,6.5490,6.0160
1271887.4360,0,3.1440,6.5610,6.0340
1271937.4100,1,3.1110,6.5330,6.0540
1271987.3880,0,3.0840,6.5560,6.0830
1272037.3640,2,3.1000,6.4690,5.9990
1272087.3430,0,3.1330,6.4130,5.9820
1272137.3220,1,3.1550,6.4400,6.0240
1272187.3010,0,3.1050,6.4380,6.0050
1272237.2810,2,3.0910,6.5120,6.0250
1272287.2590,0,3.0460,6.5160,5.9740
1272337.2390,1,3.1100,6.6330,6.0320
1272387.2140,0,3.0880,6.5360,6.0230
1272437.1940,2,3.1650,6.5160,6.0130
1272487.1710,0,3.1040,6.5410,6.0270
1272537.1480,1,3.1120,6.4900,6.0360
1272587.1280,0,3.0830,6.4870,6.0520
1272637.1010,2,3.1220,6.5330,6.0520
1272687.0820,0,3.0920,6.4900,5.9800
1272737.0600,1,3.0900,6.5180,6.0290
1272787.0360,0,3.1210,6.5430,5.9990
1272837.0150,2,3.0950,6.5030,6.0150
1272886.9950,0,3.1440,6.5630,6.0020
1272936.9680,1,3.0940,6.5220,6.0340
1272986.9460,0,3.1390,6.4750,6.0400
1273036.9240,2,3.0860,6.4820,6.0290
1273086.9030,0,3.1110,6.4520,6.0350
1273136.8810,1,3.1220,6.4480,6.0050
1273186.8640,0,3.0830,6.4210,6.0080
1273236.8370,2,3.1320,6.4710,6.0400
1273286.8200,0,3.1270,6.4690,6.0290
1273336.7950,1,3.1020,6.4840,6.0080
1273386.7710,0,3.1340,6.4950,5.9880
1273436.7520,2,3.0750,6.4830,6.0420
1273486.7300,0,3.1270,6.4730,6.0300
1273536.7070,1,3.0960,6.5620,6.0000
1273586.6850,0,3.1090,6.4860,5.9990
1273636.6640,2,3.1170,6.4980,6.0140
1273686.6400,0,3.0980,6.5080,6.0080
1273736.6170,1,3.0890,6.4750,6.0390
1273786.5980,0,3.1340,6.5420,6.0110
1273836.5720,2,3.1350,6.4700,6.0160
1273886.5520,0,3.1350,6.5570,5.9930
1273936.5290,1,3.1230,6.5010,6.0120
1273986.5090,0,3.0820,6.5230,5.9950
1274036.4900,2,3.1120,6.5490,6.0620
1274086.4640,0,3.1250,6.5740,6.0090
1274136.4420,1,3.0930,6.6340,6.0010
1274186.4210,0,3.1480,6.6320,6.0700
1274236.3970,2,3.1280,6.6420,5.9820
1274286.3770,0,3.0930,6.6210,6.0360
1274336.3520,1,3.0810,6.6670,6.0430
1274386.3350,0,3.1220,6.7040,6.0380
1274436.3140,2,3.0750,6.6590,6.0540
1274486.2880,0,3.1170,6.6920,6.0280
1274536.2660,1,3.1140,6.6670,6.0220
1274586.2420,0,3.0950,6.6260,6.0460
1274636.2230,2,3.1060,6.6020,6.0540
1274686.1990,0,3.0790,6.6340,6.0070
1274736.1770,1,3.1260,6.6410,6.0360
1274786.1590,0,3.0730,6.6970,6.0270
1274836.1360,2,3.1190,6.7480,5.9950
1274886.1140,0,3.1350,6.7370,6.0300
1274936.0910,1,3.1480,6.7120,6.0370
1274986.0720,0,3.1240,6.7290,6.0190
1275036.0490,2,3.0620,6.7050,5.9810
1275086.0280,0,3.0670,6.7470,6.0490
1275136.0050,1,3.0800,6.7170,6.0200
1275185.9780,0,3.1240,6.6650,6.0620
1275235.9590,2,3.0530,6.6900,6.0080
1275285.9360,0,3.1090,6.6980,6.0150
1275335.9180,1,3.1090,6.7150,5.9900
1275385.8950,0,3.0850,6.6910,5.9990
1275435.8690,2,3.0730,6.6460,6.0430
1275485.8520,0,3.0980,6.6080,6.0340
1275535.8250,1,3.1010,6.6620,6.0550
1275585.8040,0,3.0680,6.6060,6.0080
1275635.7810,2,3.1010,6.6000,5.9970
1275685.7630,0,3.1260,6.5830,6.0000
1275735.7370,1,3.0730,6.6090,6.0210
1275785.7170,0,3.1170,6.5630,5.9940
1275835.6940,2,3.1150,6.5770,6.0150
1275885.6760,0,3.1020,6.5430,6.0120
1275935.6480,1,3.0600,6.5740,6.0480
1275985.6320,0,3.1090,6.6100,6.0410
1276035.6060,2,3.0600,6.5660,6.0030
1276085.5860,0,3.1030,6.5190,5.9880
1276135.5660,1,3.1040,6.5790,6.0470
1276185.5400,0,3.0990,6.5640,5.9970
1276235.5190,2,3.1100,6.4920,6.0260
1276285.4950,0,3.1280,6.5280,6.0080
1276335.4750,1,3.1300,6.5460,6.0190
1276385.4500,0,3.1110,6.5800,6.0110
1276435.4320,2,3.0960,6.5670,6.0390
1276485.4120,0,3.1150,6.5870,5.9830
1276535.3870,1,3.0980,6.5740,6.0010
1276585.3640,0,3.1280,6.5180,6.0800
1276635.3410,2,3.0890,6.5690,6.0530
1276685.3210,0,3.0650,6.5740,6.0440
1276735.2960,1,3.0860,6.5660,6.0240
1276785.2780,0,3.1380,6.5280,5.9960
1276835.2580,2,3.1060,6.5880,6.0360
1276885.2300,0,3.1210,6.5580,6.0250
1276935.2120,1,3.1220,6.5560,6.0440
1276985.1920,0,3.0890,6.5780,5.9890
1277035.1690,2,3.0910,6.5510,6.0290
1277085.1460,0,3.0730,6.5180,5.9960
1277135.1260,1,3.0910,6.5450,6.0200
1277185.1020,0,3.0910,6.5160,6.0510
1277235.0790,2,3.1180,6.5140,6.0290
1277285.0600,0,3.1060,6.5440,6.0040
1277335.0370,1,3.1190,6.5350,6.0070
1277385.0140,0,3.0970,6.5160,6.0290
1277434.9910,2,3.1110,6.6030,6.0540
1277484.9720,0,3.1290,6.5760,6.0370
1277534.9440,1,3.1010,6.6010,6.0180
1277584.9270,0,3.1040,6.6350,6.0370
1277634.9030,2,3.1290,6.6200,6.0440
1277684.8850,0,3.1310,6.6550,5.9870
1277734.8620,1,3.1220,6.6080,6.0090
1277784.8390,0,3.0950,6.6210,5.9870
1277834.8130,2,3.0320,6.6230,5.9890
1277884.7950,0,3.0820,6.5760,6.0080
1277934.7710,1,3.0960,6.5840,6.0410
1277984.7480,0,3.0770,6.5670,5.9840
1278034.7260,2,3.1110,6.5970,6.0560
1278084.7040,0,3.1230,6.5540,6.0360
1278134.6840,1,3.1000,6.5500,6.0200
1278184.6610,0,3.0730,6.5820,5.9730
1278234.6380,2,3.0850,6.5090,5.9810
1278284.6150,0,3.0800,6.5080,6.0130
1278334.5950,1,3.1340,6.4530,6.0260
1278384.5730,0,3.1300,6.4820,6.0280
1278434.5490,2,3.0990,6.4920,6.0200
1278484.5300,0,3.1330,6.4630,5.9740
1278534.5090,1,3.1240,6.5030,6.0270
1278584.4870,0,3.1440,6.4870,5.9920
1278634.4660,2,3.1250,6.4820,6.0250
1278684.4420,0,3.1310,6.4580,6.0310
1278734.4190,1,3.0960,6.4820,5.9780
1278784.3940,0,3.1460,6.5400,6.0280
1278834.3750,2,3.0570,6.4970,6.0050
1278884.3520,0,3.1220,6.4860,6.0020
1278934.3290,1,3.1130,6.5310,5.9860
1278984.3070,0,3.0780,6.4900,6.0360
1279034.2860,2,3.1070,6.5230,6.0650
1279084.2640,0,3.0930,6.4620,6.0460
1279134.2470,1,3.1110,6.4760,6.0220
1279184.2180,0,3.0700,6.4940,6.0080
1279234.1960,2,3.0850,6.4760,6.0120
1279284.1760,0,3.1060,6.4870,6.0390
1279334.1580,1,3.1420,6.4580,5.9750
1279384.1360,0,3.0840,6.5050,5.9940
1279434.1120,2,3.1250,6.4990,6.0430
1279484.0870,0,3.0970,6.5140,6.0190
1279534.0700,1,3.1280,6.5050,5.9980
1279584.0450,0,3.1470,6.4720,6.0270
1279634.0230,2,3.1110,6.5110,5.9770
1279684.0020,0,3.0940,6.4210,5.9980
1279733.9810,1,3.0850,6.4330,6.0150
1279783.9600,0,3.1030,6.4900,6.0260
1279833.9350,2,3.1100,6.4980,6.0110
1279883.9150,0,3.1110,6.5150,6.0470
1279933.8880,1,3.0880,6.5050,6.0610
1279983.8670,0,3.0780,6.5630,6.0070
1280033.8480,2,3.0890,6.5640,6.0550
1280083.8230,0,3.1130,6.5580,5.9990
1280133.8000,1,3.1440,6.5920,6.0190
1280183.7780,0,3.1060,6.4920,5.9880
1280233.7600,2,3.1490,6.5070,6.0360
1280283.7350,0,3.1270,6.5050,6.0480
1280333.7160,1,3.0920,6.4790,6.0520
1280383.6910,0,3.1280,6.5260,6.0720
1280433.6700,2,3.0860,6.5560,5.9930
1280483.6460,0,3.0770,6.5280,6.0310
1280533.6250,1,3.1470,6.5530,6.0190
1280583.6030,0,3.1440,6.5550,6.0140
1280633.5860,2,3.1050,6.5440,5.9860
1280683.5610,0,3.1100,6.4950,6.0300
1280733.5370,1,3.1220,6.4990,6.0510
1280783.5160,0,3.1050,6.4570,6.0190
1280833.4970,2,3.1320,6.5470,6.0370
1280883.4730,0,3.0910,6.4930,6.0620
1280933.4510,1,3.0740,6.5200,6.0230
1280983.4290,0,3.1540,6.5270,6.0320
1281033.4070,2,3.1340,6.5100,6.0270
1281083.3880,0,3.0950,6.5090,6.0080
1281133.3640,1,3.0710,6.5240,6.0010
1281183.3390,0,3.1300,6.5640,5.9980
1281233.3210,2,3.1120,6.5550,5.9860
1281283.2980,0,3.1600,6.5470,5.9820
1281333.2760,1,3.1170,6.4690,6.0200
1281383.2550,0,3.0910,6.4730,6.0100
1281433.2330,2,3.1470,6.5140,6.0140
1281483.2060,0,3.1510,6.5120,6.0460
1281533.1890,1,3.1140,6.4900,6.0320
1281583.1670,0,3.0460,6.5260,6.0380
1281633.1420,2,3.1230,6.4830,6.0420
1281683.1240,0,3.0450,6.5050,5.9910
1281733.0970,1,3.1120,6.5410,5.9910
1281783.0770,0,3.1390,6.5660,6.0930
1281833.0540,2,3.1250,6.5310,5.9650
1281883.0300,0,3.0870,6.5670,6.0220
1281933.0080,1,3.1020,6.5460,6.0090
1281982.9890,0,3.0920,6.5500,6.0270
1282032.9670,2,3.0840,6.5160,6.0120
1282082.9480,0,3.1140,6.4760,5.9800
1282132.9220,1,3.1110,6.4620,6.0080
1282182.8990,0,3.0850,6.4560,6.0280
1282232.8780,2,3.1360,6.4700,6.0430
1282282.8590,0,3.1180,6.5110,6.0220
1282332.8320,1,3.1170,6.4790,6.0090
1282382.8120,0,3.1030,6.4870,6.0550
1282432.7920,2,3.1070,6.4940,6.0000
1282482.7690,0,3.1080,6.5130,5.9840
1282532.7500,1,3.1200,6.5270,5.9920
1282582.7250,0,3.1100,6.5050,6.0080
1282632.7040,2,3.1110,6.4970,6.0180
1282682.6830,0,3.1060,6.5100,6.0480
1282732.6590,1,3.0800,6.4980,6.0270
1282782.6350,0,3.1390,6.4420,5.9980
1282832.6160,2,3.1490,6.5140,5.9890
1282882.5940,0,3.1000,6.5310,6.0230
1282932.5700,1,3.1530,6.4710,6.0410
1282982.5510,0,3.0980,6.4790,6.0550
1283032.5270,2,3.1160,6.4530,6.0350
1283082.5080,0,3.0920,6.4670,6.0060
1283132.4850,1,3.1190,6.4640,6.0590
1283182.4640,0,3.1130,6.4730,6.0550
1283232.4400,2,3.0920,6.4570,6.0250
1283282.4160,0,3.1340,6.4100,6.0290
1283332.3940,1,3.1000,6.4080,6.0200
1283382.3750,0,3.1200,6.4930,6.0250
1283432.3490,2,3.1180,6.4760,6.0300
1283482.3300,0,3.0890,6.5350,6.0140
1283532.3040,1,3.1230,6.4860,6.0260
1283582.2810,0,3.0960,6.5030,6.0250
1283632.2580,2,3.1160,6.4940,6.0370
1283682.2370,0,3.1120,6.4670,6.0120
1283732.2190,1,3.1180,6.5550,6.0010
1283782.1940,0,3.1270,6.5650,6.0200
1283832.1700,2,3.0980,6.5530,5.9910
1283882.1460,0,3.0940,6.5130,6.0310
1283932.1290,1,3.1400,6.5350,6.0010
1283982.1050,0,3.1290,6.5160,6.0450
1284032.0840,2,3.1400,6.5060,6.0160
1284082.0590,0,3.0990,6.5360,6.0110
1284132.0350,1,3.0890,6.5360,6.0290
1284182.0130,0,3.1350,6.4900,6.0280
1284231.9890,2,3.1100,6.5170,6.0120
1284281.9660,0,3.0610,6.5150,5.9900
1284331.9440,1,3.1340,6.4820,6.0260
1284381.9260,0,3.1100,6.5330,5.9750
1284431.9050,2,3.0870,6.5430,5.9800
1284481.8780,0,3.1410,6.5370,5.9810
1284531.8570,1,3.1000,6.5320,6.0410
1284581.8330,0,3.0810,6.5610,6.0100
1284631.8130,2,3.0980,6.5230,6.0310
1284681.7910,0,3.1330,6.5340,6.0040
1284731.7650,1,3.1010,6.7120,6.0000
1284781.7450,0,3.0760,6.6820,6.0210
1284831.7250,2,3.0720,6.5930,6.0070
1284881.7000,0,3.0990,6.4740,5.9660
1284931.6770,1,3.1060,6.4860,6.0080
1284981.6540,0,3.1240,6.4970,6.0550
1285031.6310,2,3.1120,6.5350,6.0170
1285081.6080,0,3.1100,6.5240,5.9990
1285131.5890,0,3.1250,6.5580,6.0520
1285181.5670,1,3.0660,6.5130,5.9820
1285231.5460,2,3.0930,6.5160,6.0530
1285281.5210,0,3.1260,6.4810,6.0300
1285331.4980,1,3.0970,6.5060,5.9960
1285381.4730,0,3.0790,6.4950,6.0200
1285431.4510,2,3.1190,6.5840,6.0490
1285481.4280,0,3.0970,6.5520,6.0330
1285531.4050,0,3.1020,6.5660,6.0040
1285581.3890,1,3.1070,6.5950,5.9850
1285631.3660,2,3.0740,6.5060,6.0410
1285681.3430,0,3.1520,6.5550,5.9960
1285731.3160,1,3.0660,6.4600,6.0340
1285781.2950,0,3.0950,6.4760,5.9860
1285831.2740,2,3.1310,6.5040,6.0230
1285881.2490,0,3.1450,6.4680,6.0020
1285931.2270,0,3.1080,6.5380,6.0340
1285981.2050,1,3.0990,6.5680,5.9780
1286031.1840,2,3.1270,6.5520,6.0430
1286081.1590,0,3.1460,6.5450,6.0080
1286131.1360,1,3.1150,6.5580,6.0030
1286181.1160,0,3.1220,6.4620,6.0310
1286231.0930,2,3.1340,6.4850,6.0560
1286281.0700,0,3.1180,6.4560,6.0060
1286331.0500,0,3.1280,6.4680,6.0200
1286381.0260,1,3.1890,6.4160,6.0340
1286431.0070,2,3.0760,6.4930,5.9760
1286480.9840,0,3.0940,6.4910,5.9890
1286530.9590,1,3.0950,6.5280,6.0700
1286580.9370,0,3.1220,6.4430,5.9850
1286630.9170,0,3.1370,6.5060,6.0460
1286680.8910,2,3.0840,6.5010,5.9920
1286730.8690,0,3.0850,6.4840,6.0360
1286780.8480,1,3.1020,6.4530,6.0450
1286830.8220,2,3.0750,6.5070,5.9840
1286880.8030,0,3.1240,6.4920,5.9880
1286930.7780,1,3.0950,6.5060,6.0320
1286980.7560,0,3.0800,6.5220,5.9840
1287030.7350,0,3.1080,6.4900,5.9830
1287080.7130,2,3.0990,6.5320,5.9850
1287130.6890,0,3.1110,6.5050,6.0430
1287180.6660,1,3.0990,6.5350,6.0330
1287230.6440,2,3.1380,6.5480,6.0090
1287280.6230,0,3.1470,6.6720,6.0000
1287330.6000,1,3.1090,6.6340,6.0470
1287380.5820,0,3.1080,6.6150,5.9940
1287430.5540,0,3.0910,6.5880,6.0360
1287480.5340,2,3.1130,6.5830,5.9980
1287530.5140,0,3.0720,6.6090,5.9830
1287580.4860,1,3.1150,6.6910,6.0220
1287630.4640,2,3.0970,6.7440,6.0470
1287680.4450,0,3.1350,6.6530,5.9700
1287730.4230,1,3.0960,6.6310,6.0400
1287780.4010,0,3.1320,6.6860,6.0400
1287830.3770,0,3.1390,6.6790,5.9830
1287880.3580,2,3.1120,6.6710,6.0260
1287930.3330,0,3.0890,6.6650,5.9840
1287980.3130,1,3.1150,6.6940,5.9780
1288030.2900,2,3.0940,6.6390,5.9940
1288080.2630,0,3.0690,6.6430,6.0460
1288130.2400,1,3.0690,6.6600,6.0160
1288180.2170,0,3.1080,6.6700,5.9990
1288230.1960,0,3.1060,6.6320,6.0190
1288280.1760,2,3.0650,6.7260,6.0150
1288330.1540,0,3.1060,6.6770,6.0290
1288380.1330,1,3.1050,6.6500,6.0300
1288430.1110,2,3.0800,6.5840,6.0160
1288480.0860,0,3.1020,6.5880,6.0280
1288530.0620,0,3.0700,6.5690,6.0160
1288580.0410,1,3.1030,6.5540,6.0140
1288630.0180,0,3.0880,6.5740,5.9920
1288679.9950,2,3.1100,6.5640,5.9910
1288729.9770,0,3.0850,6.5600,6.0410
1288779.9530,1,3.0940,6.5510,6.0160
1288829.9320,2,3.0540,6.5720,6.0120
1288879.9070,0,3.1150,6.5550,6.0180
1288929.8840,0,3.1100,6.5710,6.0450
1288979.8610,1,3.1120,6.5180,6.0480
1289029.8410,0,3.1010,6.5640,6.0140
1289079.8180,2,3.1180,6.5250,6.0140
1289129.7920,0,3.1350,6.6110,6.0560
1289179.7690,1,3.1170,6.5430,6.0090
1289229.7530,2,3.1080,6.5750,6.0100
1289279.7270,0,3.1020,6.5510,6.0030
1289329.7040,0,3.0920,6.5670,5.9810
1289379.6830,1,3.1240,6.6400,6.0000
1289429.6590,0,3.1090,6.5600,6.0370
1289479.6380,2,3.0860,6.5760,6.0220
1289529.6180,1,3.0850,6.5410,6.0580
1289579.5890,0,3.0780,6.5090,5.9900
1289629.5710,0,3.1300,6.5520,6.0110
1289679.5450,2,3.0850,6.5380,6.0330
1289729.5230,0,3.1090,6.5590,6.0100
1289779.5060,1,3.1080,6.5350,6.0000
1289829.4780,0,3.1650,6.5300,6.0040
1289879.4540,2,3.0350,6.5830,6.0150
1289929.4330,0,3.1550,6.5270,6.0430
1289979.4150,1,3.1020,6.5190,6.0300
1290029.3910,0,3.0730,6.5040,6.0270
1290079.3660,2,3.1290,6.4860,5.9740
1290129.3420,0,3.1480,6.5240,5.9880
1290179.3250,1,3.1400,6.5080,6.0270
1290229.3010,2,3.1110,6.4850,5.9920
1290279.2800,0,3.1310,6.5430,5.9910
1290329.2550,0,3.0920,6.5290,6.0290
1290379.2310,1,3.0850,6.5080,6.0500
1290429.2120,0,3.1120,6.5750,6.0250
1290479.1870,2,3.1090,6.6020,6.0160
1290529.1670,0,3.1070,6.5720,6.0440
1290579.1410,1,3.1110,6.5360,5.9990
1290629.1180,2,3.0920,6.5190,6.0230
1290679.0980,0,3.0820,6.5510,6.0590
1290729.0780,0,3.1290,6.4920,5.9690
1290779.0570,1,3.0490,6.5490,6.0510
1290829.0310,0,3.0650,6.4880,6.0670
1290879.0120,2,3.1370,6.4850,6.0770
1290928.9840,0,3.0870,6.5090,6.0160
1290978.9680,1,3.1480,6.4730,6.0240
1291028.9430,0,3.1070,6.4620,6.0230
1291078.9210,2,3.1300,6.4820,6.0120
1291128.9000,0,3.1300,6.4600,6.0030
1291178.8750,1,3.0780,6.4780,6.0620
1291228.8540,0,3.1580,6.5140,6.0260
1291278.8300,2,3.0920,6.5240,5.9920
1291328.8070,0,3.1140,6.5690,5.9830
1291378.7870,1,3.1010,6.5300,6.0110
1291428.7610,0,3.1100,6.5210,6.0120
1291478.7380,2,3.0770,6.5270,6.0270
1291528.7180,0,3.1020,6.5520,6.0500
1291578.6960,1,3.0930,6.5580,6.0080
1291628.6750,0,3.1090,6.5440,5.9950
1291678.6540,2,3.1020,6.5290,6.0340
1291728.6260,0,3.0750,6.4720,6.0050
1291778.6030,1,3.0880,6.5170,6.0410
1291828.5830,0,3.1200,6.4230,6.0330
1291878.5610,2,3.0880,6.5490,6.0090
1291928.5390,0,3.0500,6.5490,6.0020
1291978.5160,1,3.1070,6.5260,6.0210
1292028.4960,0,3.1180,6.5400,6.0290
1292078.4720,2,3.1190,6.4860,6.0130
1292128.4520,0,3.1170,6.5650,6.0450
1292178.4260,1,3.1080,6.5510,6.0050
1292228.4010,0,3.1580,6.5830,6.0170
1292278.3790,2,3.0530,6.5540,6.0260
1292328.3570,0,3.0940,6.4980,6.0070
1292378.3370,1,3.1060,6.5350,6.0290
1292428.3160,0,3.0910,6.5810,5.9800
1292478.2930,2,3.1360,6.5990,6.0140
1292528.2680,0,3.1280,6.5710,6.0370
1292578.2480,1,3.1020,6.5920,5.9710
1292628.2210,0,3.1270,6.5620,6.0270
1292678.1990,2,3.0860,6.5260,6.0140
1292728.1810,0,3.0990,6.5510,6.0220
1292778.1600,1,3.1410,6.5970,6.0180
1292828.1320,0,3.0810,6.5670,6.0030
1292878.1120,2,3.0800,6.5810,6.0580
1292928.0920,0,3.0880,6.6300,5.9740
1292978.0670,1,3.0950,6.6500,6.0130
1293028.0460,0,3.1080,6.5600,6.0040
1293078.0220,2,3.1120,6.6340,6.0130
1293127.9990,0,3.1310,6.5860,5.9960
1293177.9790,1,3.0770,6.5620,5.9990
1293227.9520,0,3.0990,6.6000,6.0000
1293277.9330,2,3.1050,6.5870,6.0430
1293327.9070,0,3.0940,6.6330,5.9970
1293377.8860,1,3.1180,6.5850,5.9910
1293427.8660,0,3.1170,6.6280,5.9900
1293477.8400,2,3.0880,6.5770,6.0060
1293527.8240,0,3.1020,6.6200,6.0420
1293577.7990,1,3.1310,6.6250,6.0140
1293627.7790,0,3.0420,6.6230,6.0490
1293677.7520,2,3.1150,6.5960,6.0640
1293727.7330,0,3.0790,6.5910,6.0460
1293777.7060,1,3.0600,6.6610,6.0290
1293827.6890,0,3.1020,6.6800,5.9990
1293877.6620,2,3.1250,6.6650,6.0170
1293927.6400,0,3.0680,6.6660,6.0990
1293977.6190,1,3.0920,6.6450,5.9850
1294027.5990,0,3.1030,6.5740,6.0130
1294077.5730,2,3.0540,6.5820,6.0520
1294127.5510,0,3.1060,6.6270,6.0090
1294177.5280,1,3.1340,6.6020,6.0290
1294227.5070,0,3.0840,6.6050,6.0170
1294277.4850,2,3.1360,6.6100,6.0250
1294327.4620,0,3.1220,6.6420,6.0100
1294377.4420,1,3.1220,6.6840,6.0750
1294427.4190,0,3.1390,6.6510,6.0290
1294477.3920,2,3.1030,6.6660,5.9790
1294527.3700,0,3.1040,6.7050,5.9860
1294577.3470,1,3.1100,6.7550,5.9870
1294627.3250,0,3.0440,6.7030,5.9910
1294677.3080,2,3.0750,6.7000,6.0530
1294727.2820,0,3.1150,6.6700,6.0150
1294777.2630,1,3.1100,6.7090,6.0340
1294827.2340,0,3.1040,6.6520,5.9650
1294877.2120,2,3.0720,6.6400,5.9630
1294927.1950,0,3.1180,6.5570,5.9960
1294977.1730,1,3.0720,6.6210,6.0040
1295027.1470,0,3.0680,6.6380,5.9950
1295077.1280,2,3.1440,6.6590,6.0100
1295127.1060,0,3.1270,6.5870,6.0180
1295177.0830,1,3.1050,6.6280,6.0210
1295227.0550,0,3.1150,6.6120,5.9990
1295277.0370,2,3.1160,6.5970,6.0190
1295327.0110,0,3.0660,6.5930,6.0590
1295376.9940,1,3.1200,6.6330,6.0430
1295426.9690,0,3.1130,6.6390,6.0030
1295476.9450,2,3.1030,6.6680,6.0030
1295526.9280,0,3.1310,6.6270,6.0290
1295576.9040,1,3.1170,6.6350,6.0250
1295626.8840,0,3.1040,6.6240,6.0060
1295676.8610,2,3.0770,6.5780,6.0110
1295726.8350,0,3.1060,6.6580,6.0270
1295776.8180,1,3.0640,6.6080,6.0380
1295826.7930,0,3.1150,6.5940,6.0380
1295876.7730,2,3.0750,6.5890,5.9940
1295926.7510,0,3.0860,6.6100,6.0150
1295976.7300,1,3.0780,6.5930,5.9590
1296026.7060,0,3.1170,6.5980,6.0290
1296076.6860,2,3.1090,6.5660,6.0090
1296126.6630,0,3.1050,6.5290,6.0330
1296176.6400,1,3.0880,6.5660,6.0410
1296226.6190,0,3.0900,6.5270,6.0320
1296276.5970,2,3.1410,6.5240,6.0400
1296326.5720,0,3.1330,6.5970,5.9730
1296376.5500,1,3.1010,6.5750,6.0370
1296426.5320,0,3.0780,6.5950,5.9980
1296476.5070,2,3.0720,6.5490,6.0440
1296526.4880,0,3.1070,6.5530,6.0040
1296576.4640,1,3.1080,6.5710,6.0350
1296626.4400,0,3.0610,6.5530,6.0390
1296676.4170,2,3.1180,6.5590,6.0100
1296726.3950,0,3.1080,6.6010,5.9870
1296776.3740,1,3.0950,6.6270,6.0150
1296826.3550,0,3.0760,6.6020,6.0580
1296876.3300,2,3.1610,6.5660,6.0220
1296926.3130,0,3.1230,6.5890,5.9690
1296976.2860,1,3.1330,6.5350,6.0060
1297026.2660,0,3.1020,6.5420,6.0140
1297076.2420,2,3.0740,6.5650,6.0180
1297126.2210,0,3.0990,6.5100,5.9900
1297176.2010,1,3.1210,6.5770,6.0300
1297226.1780,0,3.0940,6.5890,6.0200
1297276.1600,2,3.0770,6.6070,5.9810
1297326.1330,0,3.0970,6.5860,6.0260
1297376.1120,1,3.1000,6.5990,6.0130
1297426.0910,0,3.1090,6.5250,6.0310
1297476.0680,2,3.0870,6.5480,6.0170
1297526.0440,0,3.0980,6.5350,6.0040
1297576.0270,1,3.1040,6.5600,6.0470
1297626.0010,0,3.0960,6.6090,6.0360
1297675.9790,2,3.1530,6.6100,6.0380
1297725.9620,0,3.1220,6.5830,6.0230
1297775.9350,1,3.1020,6.5500,6.0220
1297825.9170,0,3.0850,6.5890,6.0510
1297875.8900,2,3.0770,6.5330,6.0700
1297925.8680,0,3.1260,6.5490,6.0670
1297975.8510,1,3.0970,6.5350,6.0090
1298025.8300,0,3.1060,6.6010,6.0350
1298075.8050,2,3.1100,6.5060,5.9830
1298125.7850,0,3.1030,6.5310,5.9870
1298175.7620,1,3.0950,6.5370,5.9970
1298225.7410,0,3.1040,6.5330,6.0100
1298275.7170,2,3.0930,6.4800,6.0060
1298325.6920,0,3.1200,6.5460,6.0220
1298375.6730,1,3.1390,6.4820,6.0040
1298425.6500,0,3.0770,6.4860,6.0390
1298475.6290,2,3.1190,6.4880,5.9510
1298525.6070,0,3.0940,6.4980,6.0280
1298575.5840,1,3.1050,6.5140,5.9770
1298625.5660,0,3.1020,6.5280,6.0080
1298675.5450,2,3.1000,6.5260,5.9940
1298725.5190,0,3.0830,6.5740,6.0170
1298775.4960,0,3.1380,6.5160,6.0240
1298825.4760,0,3.1070,6.5740,6.0180
1298875.4560,0,3.0860,6.5480,5.9580
1298925.4340,0,3.1320,6.5320,6.0450
1298975.4090,0,3.0970,6.5330,6.0510
1299025.3870,0,3.1030,6.5080,5.9990
1299075.3640,0,3.1470,6.5120,6.0100
1299125.3440,0,3.1510,6.5060,5.9940
1299175.3210,0,3.1020,6.4610,6.0020
1299225.2980,0,3.0820,6.5430,6.0270
1299275.2800,0,3.1290,6.5520,6.0240
1299325.2590,0,3.1310,6.5350,6.0350
1299375.2360,0,3.1280,6.4810,6.0350
1299425.2100,0,3.0760,6.5060,6.0090
1299475.1930,0,3.1410,6.5200,6.0030
1299525.1680,0,3.1250,6.4860,6.0140
1299575.1480,0,3.1190,6.5140,6.0350
1299625.1250,0,3.0960,6.4830,6.0460
1299675.1010,0,3.1080,6.5460,6.0310
1299725.0830,0,3.1070,6.5540,5.9770
1299775.0560,0,3.1000,6.5260,6.0160
1299825.0360,0,3.1090,6.5130,6.0680
1299875.0110,0,3.1190,6.5570,6.0240
1299924.9940,0,3.1240,6.4870,5.9680
1299974.9670,0,3.0860,6.5610,6.0020
1300024.9470,0,3.1040,6.5270,6.0500
1300074.9230,0,3.0790,6.5590,6.0340
1300124.9060,0,3.1440,6.4970,6.0210
1300174.8830,0,3.0810,6.5130,6.0430
1300224.8600,0,3.0200,6.5380,6.0330
1300274.8380,0,3.0880,6.5090,6.0150
1300324.8140,0,3.0910,6.4610,6.0280
1300374.7960,0,3.0730,6.4480,5.9590
1300424.7700,0,3.1480,6.4620,6.0170
1300474.7490,0,3.1130,6.5190,6.0260
1300524.7270,0,3.1220,6.5140,6.0120
1300574.7060,0,3.1000,6.5300,6.0100
1300624.6860,0,3.1150,6.5390,6.0230
1300674.6660,0,3.1070,6.5380,5.9940
1300724.6440,0,3.0740,6.5540,6.0380
1300774.6230,0,3.0900,6.5750,6.0360
1300824.6010,0,3.1050,6.5180,6.0510
1300874.5760,0,3.1130,6.5310,6.0320
1300924.5510,0,3.0790,6.5390,6.0040
1300974.5310,0,3.0780,6.5080,5.9910
1301024.5080,0,3.0900,6.5070,5.9870
1301074.4890,0,3.1110,6.5330,6.0080
1301124.4640,0,3.0770,6.4730,5.9930
1301174.4470,0,3.1390,6.4790,6.0010
1301224.4190,0,3.0430,6.5110,5.9920
1301274.4000,0,3.1490,6.5040,6.0040
1301324.3750,0,3.0800,6.5200,6.0150
1301374.3590,0,3.1260,6.4970,6.0400
1301424.3330,0,3.1190,6.5190,6.0140
1301474.3150,0,3.0640,6.5250,6.0090
1301524.2900,0,3.1010,6.4860,5.9730
1301574.2710,0,3.1490,6.4830,6.0120
1301624.2470,0,3.1270,6.4940,5.9980
1301674.2210,0,3.1260,6.5080,6.0050
1301724.2010,0,3.1090,6.5590,6.0420
1301774.1790,0,3.1100,6.5840,6.0030
1301824.1600,0,3.0920,6.6030,6.0300
1301874.1370,0,3.1070,6.6250,6.0290
1301924.1160,0,3.1060,6.6560,6.0380
1301974.0910,0,3.1070,6.6230,6.0000
1302024.0680,0,3.0950,6.5580,6.0390
1302074.0460,0,3.1420,6.5830,5.9980
1302124.0230,0,3.1040,6.5950,6.0240
1302174.0030,0,3.1010,6.6380,6.0010
1302223.9840,0,3.1130,6.5540,6.0090
1302273.9570,0,3.0870,6.6120,6.0090
1302323.9360,0,3.1100,6.5640,6.0680
1302373.9190,0,3.0560,6.5600,6.0060
1302423.8930,0,3.0910,6.5410,6.0520
1302473.8760,0,3.1340,6.5370,5.9840
1302523.8480,0,3.0980,6.5410,6.0340
1302573.8250,0,3.0810,6.6220,6.0300
1302623.8050,0,3.1510,6.5690,6.0260
1302673.7850,0,3.0810,6.5970,6.0210
1302723.7640,0,3.1480,6.5340,6.0390
1302773.7400,0,3.1200,6.5540,6.0470
1302823.7170,0,3.0990,6.5660,5.9750
1302873.6960,0,3.0920,6.5130,6.0110
1302923.6730,0,3.0840,6.5440,6.0070
1302973.6520,0,3.0980,6.4990,6.0350
1303023.6330,0,3.0870,6.5350,6.0320
1303073.6080,0,3.0900,6.5210,6.0080
1303123.5860,0,3.0890,6.5300,6.0320
1303173.5670,0,3.1040,6.5940,6.0310
1303223.5420,0,3.0760,6.5600,6.0570
1303273.5240,0,3.1290,6.5840,5.9900
1303323.5030,0,3.1040,6.6040,6.0280
1303373.4790,0,3.0920,6.6140,6.0620
1303423.4530,0,3.0760,6.5390,5.9890
1303473.4360,0,3.1280,6.5420,6.0120
1303523.4140,0,3.0860,6.5420,5.9960
1303573.3860,0,3.0500,6.5490,6.0320
1303623.3700,0,3.1190,6.4980,6.0120
1303673.3470,0,3.1150,6.5510,6.0380
1303723.3240,0,3.0820,6.5230,6.0320
1303773.3040,0,3.1240,6.5510,6.0510
1303823.2790,0,3.0420,6.5810,6.0390
1303873.2610,0,3.0840,6.5570,6.0180
1303923.2380,0,3.1500,6.5430,5.9900
1303973.2130,0,3.0780,6.5260,6.0170
1304023.1920,0,3.1340,6.5160,5.9470
1304073.1690,0,3.1100,6.5520,6.0450
1304123.1480,0,3.1060,6.5170,6.0180
1304173.1250,0,3.0800,6.5320,6.0230
1304223.1040,0,3.1030,6.5570,5.9840
1304273.0830,0,3.0790,6.5370,6.0270
1304323.0590,0,3.0790,6.6030,5.9970
1304373.0400,0,3.0960,6.6080,6.0420
1304423.0190,0,3.1240,6.6180,6.0240
1304472.9930,0,3.1070,6.5820,5.9870
1304522.9740,0,3.1300,6.5750,5.9800
1304572.9530,0,3.0770,6.6040,6.0230
1304622.9310,0,3.1330,6.5940,6.0140
1304672.9100,0,3.0930,6.6050,5.9940
1304722.8870,0,3.0790,6.5830,6.0250
1304772.8640,0,3.0980,6.5630,6.0240
1304822.8420,0,3.0940,6.6070,6.0560
1304872.8180,0,3.1040,6.5410,6.0030
1304922.7990,0,3.1100,6.5760,6.0440
1304972.7720,0,3.0790,6.5420,6.0520
1305022.7500,0,3.1090,6.5490,5.9970
1305072.7340,0,3.0860,6.5180,6.0310
1305122.7120,0,3.0770,6.5350,6.0430
1305172.6880,0,3.0910,6.5520,5.9970
1305222.6650,0,3.1100,6.5340,5.9890
1305272.6400,0,3.0760,6.5760,5.9870
1305322.6200,0,3.1080,6.5190,6.0320
1305372.6010,0,3.0760,6.4960,6.0290
1305422.5810,0,3.0780,6.5300,6.0210
1305472.5570,0,3.0990,6.5220,6.0040
1305522.5360,0,3.0840,6.5110,6.0620
1305572.5140,0,3.0950,6.5360,5.9850
1305622.4920,0,3.0950,6.5170,6.0210
1305672.4680,0,3.0780,6.4470,6.0350
1305722.4430,0,3.0610,6.5540,6.0440
1305772.4220,0,3.0880,6.5250,6.0060
1305822.4030,0,3.0880,6.5220,6.0380
1305872.3770,0,3.0690,6.5140,6.0250
1305922.3590,0,3.1260,6.5060,6.0180
1305972.3380,0,3.1120,6.5120,6.0310
1306022.3160,0,3.1080,6.5000,6.0400
1306072.2890,0,3.0860,6.4600,6.0180
1306122.2680,0,3.1050,6.5040,6.0460
1306172.2490,0,3.1280,6.5610,5.9810
1306222.2260,0,3.1040,6.5680,6.0210
1306272.2070,0,3.0880,6.5260,6.0080
1306322.1840,0,3.1130,6.5220,5.9890
1306372.1610,0,3.1090,6.4980,6.0880
1306422.1360,0,3.1390,6.5640,6.0140
1306472.1160,0,3.0830,6.4920,6.0170
1306522.0970,0,3.1100,6.4420,6.0360
1306572.0690,0,3.0980,6.5160,6.0440
1306622.0520,0,3.1500,6.5280,6.0100
1306672.0280,0,3.1200,6.5670,6.0060
1306722.0060,0,3.0870,6.5410,6.0270
1306771.9870,0,3.0980,6.5490,6.0570
1306821.9650,0,3.0850,6.5520,5.9940
1306871.9410,0,3.1440,6.5070,6.0380
1306921.9170,0,3.1360,6.4430,6.0440
1306971.8970,0,3.1100,6.5110,5.9800
1307021.8740,0,3.0590,6.5060,6.0030
1307071.8530,0,3.0600,6.4790,6.0030
1307121.8340,0,3.0640,6.4680,6.0180
1307171.8080,0,3.0880,6.5530,6.0080
1307221.7900,0,3.1390,6.6230,6.0240
1307271.7670,0,3.1220,6.5200,5.9970
1307321.7440,0,3.1310,6.6010,6.0490
1307371.7180,0,3.1120,6.5210,5.9760
1307421.7010,0,3.0870,6.4920,6.0250
1307471.6750,0,3.1260,6.4960,6.0190
1307521.6550,0,3.0870,6.5050,5.9730
1307571.6330,0,3.0750,6.4930,6.0320
1307621.6120,0,3.0800,6.5150,6.0640
1307671.5880,0,3.1210,6.5300,6.0440
1307721.5670,0,3.1090,6.5330,5.9670
1307771.5400,0,3.1370,6.5530,6.0240
1307821.5240,0,3.1130,6.4470,6.0710
1307871.4970,0,3.0850,6.5290,5.9690
1307921.4790,0,3.0730,6.4570,6.0000
1307971.4550,0,3.0760,6.4580,5.9870
1308021.4350,0,3.1080,6.4960,5.9980
1308071.4080,0,3.0760,6.5290,6.0440
1308121.3860,0,3.1470,6.5360,6.0800
1308171.3660,0,3.0960,6.5140,5.9950
1308221.3390,0,3.0800,6.5590,6.0150
1308271.3190,0,3.0940,6.5190,5.9960
1308321.2960,0,3.0870,6.5090,6.0060
1308371.2780,0,3.1320,6.4930,6.0330
1308421.2510,0,3.0930,6.5420,6.0240
1308471.2330,0,3.1590,6.5320,6.0320
1308521.2060,0,3.1330,6.5450,6.0450
1308571.1850,0,3.0240,6.5030,6.0170
1308621.1640,0,3.1690,6.5270,6.0160
1308671.1440,0,3.0770,6.5050,6.0020
1308721.1180,0,3.1210,6.4780,5.9970
1308771.0990,0,3.0910,6.4990,6.0320
1308821.0750,0,3.0900,6.5360,5.9790
1308871.0490,0,3.1250,6.4880,6.0580
1308921.0310,0,3.1030,6.5160,6.0440
1308971.0100,0,3.0590,6.5070,5.9900
1309020.9830,0,3.1190,6.4910,5.9980
1309070.9660,0,3.1410,6.5400,6.0330
1309120.9420,0,3.0390,6.5150,6.0270
1309170.9190,0,3.1240,6.5350,6.0070
1309220.8990,0,3.1290,6.5350,6.0240
1309270.8760,0,3.0970,6.4430,6.0020
1309320.8510,0,3.0970,6.4910,5.9550
1309370.8310,0,3.1240,6.4690,5.9900
1309420.8090,0,3.0750,6.4970,6.0400
1309470.7880,0,3.1190,6.4950,6.0440
1309520.7640,0,3.1130,6.4800,6.0160
1309570.7430,0,3.1320,6.4840,6.0100
1309620.7220,0,3.0850,6.4890,5.9710
1309670.6980,0,3.1160,6.5300,5.9940
1309720.6730,0,3.1320,6.4730,5.9480
1309770.6550,0,3.0560,6.5260,5.9680
1309820.6290,0,3.0820,6.4970,5.9730
1309870.6060,0,3.0930,6.5130,5.9730
1309920.5830,0,3.1250,6.5150,6.0090
1309970.5620,0,3.0910,6.4280,6.0220
1310020.5400,0,3.1300,6.4880,6.0320
1310070.5160,0,3.1420,6.4380,6.0660
1310120.4970,0,3.1140,6.4370,5.9600
1310170.4710,0,3.1430,6.4980,6.0320
1310220.4490,0,3.1110,6.4610,6.0390
1310270.4300,0,3.1280,6.5160,6.0110
1310320.4040,0,3.1550,6.5000,6.0040
1310370.3870,0,3.1170,6.5380,6.0150
1310420.3600,0,3.1220,6.4920,6.0370
1310470.3450,0,3.1080,6.4860,6.0290
1310520.3170,0,3.1190,6.5230,5.9950
1310570.2960,0,3.1010,6.4920,6.0160
1310620.2750,0,3.1000,6.5000,6.0310
1310670.2510,0,3.1110,6.4820,6.0080
1310720.2270,0,3.1330,6.4530,6.0090
1310770.2060,0,3.1120,6.4530,6.0120
1310820.1810,0,3.1190,6.4720,5.9770
1310870.1640,0,3.0720,6.4840,6.0190
1310920.1410,0,3.1020,6.4370,6.0240
1310970.1150,0,3.1190,6.5290,6.0600
1311020.0950,0,3.0930,6.4420,6.0220
1311070.0750,0,3.1350,6.4440,6.0460
1311120.0510,0,3.0870,6.5050,5.9970
1311170.0290,0,3.1270,6.5580,6.0320
1311220.0040,0,3.1320,6.4890,5.9990
1311269.9850,0,3.1070,6.4740,5.9890
1311319.9650,0,3.1290,6.4630,6.0450
1311369.9420,0,3.1030,6.4970,6.0280
1311419.9170,0,3.1110,6.4680,6.0370
1311469.8970,0,3.1170,6.4850,6.0190
1311519.8750,0,3.0980,6.5570,6.0150
1311569.8530,0,3.1180,6.5670,6.0140
1311619.8250,0,3.1060,6.5460,6.0530
1311669.8040,0,3.1170,6.5170,5.9860
1311719.7840,0,3.0670,6.4900,6.0010
1311769.7610,0,3.1410,6.5050,6.0150
1311819.7400,0,3.1090,6.5260,6.0470
1311869.7170,0,3.0990,6.5490,5.9760
1311919.6950,0,3.0530,6.4810,6.0460
1311969.6690,0,3.0640,6.5120,6.0190
1312019.6510,0,3.1190,6.5170,6.0220
1312069.6300,0,3.1200,6.5400,6.0400
1312119.6040,0,3.1390,6.5170,6.0020
1312169.5820,0,3.1170,6.4960,6.0060
1312219.5590,0,3.0910,6.5360,6.0210
1312269.5370,0,3.1040,6.5140,6.0110
1312319.5160,0,3.0890,6.5470,6.0120
1312369.4910,0,3.0820,6.5280,5.9860
1312419.4680,0,3.1080,6.5270,5.9950
1312469.4480,0,3.1060,6.4900,6.0220
1312519.4300,0,3.0840,6.4980,5.9670
1312569.4020,0,3.0900,6.5030,6.0150
1312619.3820,0,3.1350,6.4800,6.0020
1312669.3600,0,3.1580,6.4740,5.9720
1312719.3380,0,3.1040,6.5110,6.0320
1312769.3160,0,3.0860,6.4720,5.9910
1312819.2910,0,3.1170,6.5280,6.0410
1312869.2740,0,3.1090,6.5460,6.0140
1312919.2460,0,3.0940,6.5420,5.9740
1312969.2280,0,3.1000,6.6130,6.0150
1313019.2010,0,3.0940,6.6130,5.9790
1313069.1810,0,3.1580,6.6190,6.0310
1313119.1620,0,3.0820,6.6240,6.0540
1313169.1380,0,3.1140,6.6500,6.0400
1313219.1160,0,3.0960,6.7110,5.9950
1313269.0940,0,3.0920,6.6860,6.0140
1313319.0720,0,3.1040,6.6930,6.0300
1313369.0490,0,3.0730,6.6790,6.0010
1313419.0240,0,3.0770,6.6530,6.0040
1313469.0010,0,3.0970,6.6670,6.0270
1313518.9800,0,3.0520,6.6230,5.9910
1313568.9580,0,3.1210,6.6700,6.0420
1313618.9350,0,3.1210,6.5740,5.9910
1313668.9160,0,3.0960,6.6090,6.0240
1313718.8890,0,3.1380,6.6190,6.0000
1313768.8710,0,3.0830,6.5730,6.0340
1313818.8510,0,3.0710,6.6080,5.9780
1313868.8220,0,3.0970,6.6650,6.0130
1313918.8020,0,3.1000,6.6330,6.0210
1313968.7780,0,3.0920,6.6390,6.0060
1314018.7560,0,3.0990,6.6660,6.0060
1314068.7360,0,3.0880,6.6680,5.9670
1314118.7140,0,3.0900,6.6630,6.0570
1314168.6930,0,3.0730,6.6190,6.0040
1314218.6700,0,3.0380,6.6310,6.0080
1314268.6490,0,3.1280,6.6080,5.9820
1314318.6280,0,3.0730,6.6230,6.0130
1314368.6010,0,3.1270,6.6310,6.0320
1314418.5810,0,3.1070,6.6280,6.0000
1314468.5620,0,3.0560,6.6150,6.0060
1314518.5380,0,3.0690,6.5890,6.0540
1314568.5170,0,3.0690,6.5850,5.9840
1314618.4920,0,3.1300,6.6400,5.9990
1314668.4720,0,3.1360,6.6310,5.9790
1314718.4440,0,3.0860,6.6140,6.0290
1314768.4280,0,3.1270,6.5850,6.0600
1314818.4060,0,3.0500,6.6520,6.0350
1314868.3780,0,3.0910,6.6640,6.0480
1314918.3570,0,3.0650,6.6310,6.0190
1314968.3350,0,3.0800,6.6180,6.0060
1315018.3140,0,3.1020,6.6530,6.0290
1315068.2900,0,3.1240,6.5990,6.0220
1315118.2670,0,3.1020,6.6090,6.0220
1315168.2480,0,3.1030,6.6120,6.0360
1315218.2210,0,3.1100,6.6430,5.9800
1315268.2020,0,3.0950,6.6970,5.9950
1315318.1820,0,3.0850,6.6520,6.0020
1315368.1540,0,3.1380,6.6530,6.0440
1315418.1320,0,3.0940,6.6610,5.9660
1315468.1130,0,3.1220,6.6530,6.0040
1315518.0900,0,3.1060,6.6790,6.0420
1315568.0670,0,3.0910,6.5900,6.0200
1315618.0490,0,3.0850,6.6100,6.0050
1315668.0230,0,3.0840,6.6170,6.0030
1315718.0000,0,3.1020,6.5940,6.0340
1315767.9800,0,3.0740,6.6650,6.0100
1315817.9590,0,3.1080,6.6260,6.0610
1315867.9350,0,3.1260,6.6320,6.0340
1315917.9120,0,3.0720,6.6080,5.9820
1315967.8930,0,3.1260,6.6230,6.0280
1316017.8690,0,3.1070,6.6280,6.0200
1316067.8450,0,3.1410,6.6480,6.0310
1316117.8210,0,3.1140,6.6910,5.9910
1316167.8010,0,3.1080,6.6500,5.9860
1316217.7770,0,3.0500,6.7140,6.0200
1316267.7540,0,3.0970,6.6600,6.0370
1316317.7350,0,3.0780,6.6940,6.0080
1316367.7100,0,3.0820,6.7060,6.0040
1316417.6870,0,3.1110,6.6700,6.0310
1316467.6710,0,3.1020,6.6530,6.0460
1316517.6440,0,3.0240,6.6920,6.0130
1316567.6190,0,3.0880,6.6550,6.0160
1316617.6030,0,3.0840,6.6100,6.0290
1316667.5790,0,3.0680,6.5920,5.9980
1316717.5550,0,3.1150,6.5720,6.0200
1316767.5360,0,3.0840,6.5890,6.0170
1316817.5080,0,3.1270,6.5880,6.0130
1316867.4910,0,3.1000,6.6460,5.9820
1316917.4650,0,3.0640,6.6040,5.9720
1316967.4420,0,3.0890,6.6140,6.0360
1317017.4190,0,3.0960,6.6680,6.0170
1317067.4000,0,3.1170,6.7170,6.0400
1317117.3800,0,3.1370,6.6840,5.9920
1317167.3570,0,3.0950,6.6370,6.0130
1317217.3330,0,3.0870,6.5980,6.0200
1317267.3110,0,3.0730,6.6140,5.9910
1317317.2900,0,3.1100,6.6500,6.0370
1317367.2640,0,3.1300,6.6440,5.9890
1317417.2460,0,3.1080,6.6510,6.0150
1317467.2220,0,3.1070,6.6350,5.9890
1317517.2000,0,3.1010,6.6260,6.0210
1317567.1790,0,3.1110,6.6660,6.0020
1317617.1570,0,3.0980,6.7120,6.0130
1317667.1330,0,3.0610,6.6750,6.0050
1317717.1140,0,3.0670,6.6830,6.0300
1317767.0870,0,3.0860,6.6280,6.0090
1317817.0640,0,3.0950,6.6420,5.9850
1317867.0440,0,3.0540,6.6360,6.0460
1317917.0180,0,3.0850,6.6870,6.0110
1317966.9970,0,3.1190,6.6640,5.9770
1318016.9740,0,3.0840,6.6640,6.0160
1318066.9570,0,3.1110,6.6390,6.0680
1318116.9330,0,3.0860,6.6990,6.0190
1318166.9070,0,3.0950,6.6480,6.0060
1318216.8900,0,3.0860,6.6980,5.9970
1318266.8640,0,3.0800,6.7270,6.0390
1318316.8420,0,3.1200,6.6950,6.0350
1318366.8200,0,3.0870,6.7490,5.9920
1318416.7980,0,3.0890,6.7290,6.0070
1318466.7790,0,3.0610,6.7460,5.9960
1318516.7550,0,3.0810,6.7300,6.0330
1318566.7310,0,3.0740,6.7320,6.0280
1318616.7110,0,3.0950,6.7120,6.0250
1318666.6840,0,3.1010,6.7240,6.0250
1318716.6620,0,3.1160,6.7730,5.9930
1318766.6450,0,3.0880,6.6500,6.0870
1318816.6170,0,3.1130,6.7110,6.0240
1318866.5970,0,3.1040,6.7070,6.0600
1318916.5780,0,3.1080,6.6860,5.9970
1318966.5520,0,3.0760,6.6790,6.0170
1319016.5290,0,3.1070,6.6650,5.9890
1319066.5060,0,3.1050,6.6750,6.0100
1319116.4870,0,3.0640,6.6580,6.0290
1319166.4680,0,3.0680,6.6320,6.0430
1319216.4440,0,3.0210,6.6980,5.9520
1319266.4170,0,3.0990,6.7370,6.0290
1319316.3990,0,3.0670,6.6800,6.0290
1319366.3770,0,3.1100,6.7300,6.0190
1319416.3550,0,3.0850,6.6950,6.0320
1319466.3310,0,3.0980,6.6940,6.0170
1319516.3120,0,3.1020,6.7140,6.0190
1319566.2870,0,3.0990,6.7390,5.9860
1319616.2670,0,3.0990,6.6830,5.9830
1319666.2450,0,3.0610,6.6740,6.0260
1319716.2200,0,3.1290,6.6680,6.0330
1319766.2020,0,3.0920,6.6370,6.0050
